"word","corrAnsw","trial_type","cues","slider_mood.response","slider_arousal.response","key_resp_ongoing.corr","key_resp_ongoing.rt","key_resp_PM.rt","key_resp_PM.keys","key_resp_PM.corr","key_resp_recognition.corr","participant","session","PM.lenient","condition","baseline_valence","baseline_arousa","valence_after_ind","arousal_after_ind","valence_after_PM","arousal_after_PM","valence_bef_after_ind","arousal_bef_after_ind","arousal_bef_after_PM","valence_bef_after_PM","recognition","agegroup","cond","OT_task_only","OT_task_PM","OT_task_only_rt","OT_task_PM_rt","PM_cost","c_tcaq","tcaq_g","MOCA"
"detail","h","PM cue","",NA,NA,NA,"","[1.4005114999890793, 2.9503007999737747]","['d', 'h']",0,NA,1,2,1,"Negative",32,31,21,40,32,34,-11,9,3,0,1,1,"Negative",0.875,0.851351351351351,1.01797675499911,1.06595399999768,0.0479772449985683,44,79,NA
"village","h","PM cue","",NA,NA,NA,"","[1.516897199995583]","['h']",1,NA,1,2,1,"Negative",32,31,21,40,32,34,-11,9,3,0,1,1,"Negative",0.875,0.851351351351351,1.01797675499911,1.06595399999768,0.0479772449985683,44,79,NA
"circle","h","PM cue","",NA,NA,NA,"","[1.3670966000063345]","['h']",1,NA,1,2,1,"Negative",32,31,21,40,32,34,-11,9,3,0,1,1,"Negative",0.875,0.851351351351351,1.01797675499911,1.06595399999768,0.0479772449985683,44,79,NA
"detail","h","PM cue","",NA,NA,NA,"","[1.7837004000029992]","['h']",1,NA,1,2,1,"Negative",32,31,21,40,32,34,-11,9,3,0,1,1,"Negative",0.875,0.851351351351351,1.01797675499911,1.06595399999768,0.0479772449985683,44,79,NA
"circle","h","PM cue","",NA,NA,NA,"","[1.5335550000017975]","['h']",1,NA,1,2,1,"Negative",32,31,21,40,32,34,-11,9,3,0,1,1,"Negative",0.875,0.851351351351351,1.01797675499911,1.06595399999768,0.0479772449985683,44,79,NA
"village","h","PM cue","",NA,NA,NA,"","[1.350957999995444]","['h']",1,NA,1,2,1,"Negative",32,31,21,40,32,34,-11,9,3,0,1,1,"Negative",0.875,0.851351351351351,1.01797675499911,1.06595399999768,0.0479772449985683,44,79,NA
"bottle","h","PM cue","",NA,NA,NA,"","[1.350472099991748]","['l']",0,NA,10,1,0,"Negative",72,66,36,53,41,60,-36,-13,-6,-31,1,1,"Negative",0.775,0.689189189189189,0.930889676925383,1.5057261499992,0.574836473073821,69,93,NA
"writer","h","PM cue","",NA,NA,NA,"","[1.183421299996553]","['d']",0,NA,10,1,0,"Negative",72,66,36,53,41,60,-36,-13,-6,-31,1,1,"Negative",0.775,0.689189189189189,0.930889676925383,1.5057261499992,0.574836473073821,69,93,NA
"event","h","PM cue","",NA,NA,NA,"","[1.8837552000040887]","['d']",0,NA,10,1,0,"Negative",72,66,36,53,41,60,-36,-13,-6,-31,1,1,"Negative",0.775,0.689189189189189,0.930889676925383,1.5057261499992,0.574836473073821,69,93,NA
"writer","h","PM cue","",NA,NA,NA,"","[1.1836149000009755]","['h']",1,NA,10,1,1,"Negative",72,66,36,53,41,60,-36,-13,-6,-31,1,1,"Negative",0.775,0.689189189189189,0.930889676925383,1.5057261499992,0.574836473073821,69,93,NA
"bottle","h","PM cue","",NA,NA,NA,"","[1.7007140000059735]","['d']",0,NA,10,1,0,"Negative",72,66,36,53,41,60,-36,-13,-6,-31,1,1,"Negative",0.775,0.689189189189189,0.930889676925383,1.5057261499992,0.574836473073821,69,93,NA
"event","h","PM cue","",NA,NA,NA,"","[1.4504239999951096]","['d']",0,NA,10,1,0,"Negative",72,66,36,53,41,60,-36,-13,-6,-31,1,1,"Negative",0.775,0.689189189189189,0.930889676925383,1.5057261499992,0.574836473073821,69,93,NA
"detail","h","PM cue","",NA,NA,NA,"","[1.8171824999153614]","['h']",1,NA,101,1,1,"Negative",91.5,23,89,21,92,25,-2.5,-2,2,0.5,1,2,"Negative",1,0.972972972972973,0.790998729993589,0.971529845212114,0.180531115218525,33,51,30
"village","h","PM cue","",NA,NA,NA,"","[1.5337017001584172]","['h']",1,NA,101,1,1,"Negative",91.5,23,89,21,92,25,-2.5,-2,2,0.5,1,2,"Negative",1,0.972972972972973,0.790998729993589,0.971529845212114,0.180531115218525,33,51,30
"circle","h","PM cue","",NA,NA,NA,"","[]","None",0,NA,101,1,0,"Negative",91.5,23,89,21,92,25,-2.5,-2,2,0.5,1,2,"Negative",1,0.972972972972973,0.790998729993589,0.971529845212114,0.180531115218525,33,51,30
"detail","h","PM cue","",NA,NA,NA,"","[1.6338625999633223]","['h']",1,NA,101,1,1,"Negative",91.5,23,89,21,92,25,-2.5,-2,2,0.5,1,2,"Negative",1,0.972972972972973,0.790998729993589,0.971529845212114,0.180531115218525,33,51,30
"circle","h","PM cue","",NA,NA,NA,"","[1.1503397999331355]","['h']",1,NA,101,1,1,"Negative",91.5,23,89,21,92,25,-2.5,-2,2,0.5,1,2,"Negative",1,0.972972972972973,0.790998729993589,0.971529845212114,0.180531115218525,33,51,30
"village","h","PM cue","",NA,NA,NA,"","[1.350404999917373]","['h']",1,NA,101,1,1,"Negative",91.5,23,89,21,92,25,-2.5,-2,2,0.5,1,2,"Negative",1,0.972972972972973,0.790998729993589,0.971529845212114,0.180531115218525,33,51,30
"wagon","h","PM cue","",NA,NA,NA,"","[1.4670890999841504]","['h']",1,NA,102,3,1,"Negative",73,38,36,66,34,67,-37,28,29,-39,1,2,"Negative",0.925,0.959459459459459,0.821704364997277,1.06439455138914,0.242690186391863,38,70,28
"teacher","h","PM cue","",NA,NA,NA,"","[0.8328483999939635, 2.900062100001378]","['d', 'h']",0,NA,102,3,1,"Negative",73,38,36,66,34,67,-37,28,29,-39,1,2,"Negative",0.925,0.959459459459459,0.821704364997277,1.06439455138914,0.242690186391863,38,70,28
"curious","h","PM cue","",NA,NA,NA,"","[0.8672409999999218]","['l']",0,NA,102,3,0,"Negative",73,38,36,66,34,67,-37,28,29,-39,1,2,"Negative",0.925,0.959459459459459,0.821704364997277,1.06439455138914,0.242690186391863,38,70,28
"wagon","h","PM cue","",NA,NA,NA,"","[2.0004108999855816]","['h']",1,NA,102,3,1,"Negative",73,38,36,66,34,67,-37,28,29,-39,1,2,"Negative",0.925,0.959459459459459,0.821704364997277,1.06439455138914,0.242690186391863,38,70,28
"curious","h","PM cue","",NA,NA,NA,"","[2.1504331000032835]","['h']",1,NA,102,3,1,"Negative",73,38,36,66,34,67,-37,28,29,-39,1,2,"Negative",0.925,0.959459459459459,0.821704364997277,1.06439455138914,0.242690186391863,38,70,28
"teacher","h","PM cue","",NA,NA,NA,"","[1.4671814999892376, 2.0001410999975633]","['h', 'h']",1,NA,102,3,1,"Negative",73,38,36,66,34,67,-37,28,29,-39,1,2,"Negative",0.925,0.959459459459459,0.821704364997277,1.06439455138914,0.242690186391863,38,70,28
"bottle","h","PM cue","",NA,NA,NA,"","[0.8511509001255035]","['l']",0,NA,100,1,0,"Negative",72.5,49.5,72,50,71,49,-0.5,0.5,-0.5,-1.5,1,2,"Negative",0.85,0.905405405405405,0.99869722998701,1.21398925972365,0.215292029736641,43,58,28
"writer","h","PM cue","",NA,NA,NA,"","[2.3839008000213653]","['h']",1,NA,100,1,1,"Negative",72.5,49.5,72,50,71,49,-0.5,0.5,-0.5,-1.5,1,2,"Negative",0.85,0.905405405405405,0.99869722998701,1.21398925972365,0.215292029736641,43,58,28
"event","h","PM cue","",NA,NA,NA,"","[1.6001835998613387]","['h']",1,NA,100,1,1,"Negative",72.5,49.5,72,50,71,49,-0.5,0.5,-0.5,-1.5,1,2,"Negative",0.85,0.905405405405405,0.99869722998701,1.21398925972365,0.215292029736641,43,58,28
"writer","h","PM cue","",NA,NA,NA,"","[1.40082550002262]","['h']",1,NA,100,1,1,"Negative",72.5,49.5,72,50,71,49,-0.5,0.5,-0.5,-1.5,1,2,"Negative",0.85,0.905405405405405,0.99869722998701,1.21398925972365,0.215292029736641,43,58,28
"bottle","h","PM cue","",NA,NA,NA,"","[1.8334502999205142]","['h']",1,NA,100,1,1,"Negative",72.5,49.5,72,50,71,49,-0.5,0.5,-0.5,-1.5,1,2,"Negative",0.85,0.905405405405405,0.99869722998701,1.21398925972365,0.215292029736641,43,58,28
"event","h","PM cue","",NA,NA,NA,"","[2.417194199981168]","['h']",1,NA,100,1,1,"Negative",72.5,49.5,72,50,71,49,-0.5,0.5,-0.5,-1.5,1,2,"Negative",0.85,0.905405405405405,0.99869722998701,1.21398925972365,0.215292029736641,43,58,28
"bottle","h","PM cue","",NA,NA,NA,"","[0.7674465000163764]","['l']",0,NA,104,1,0,"Negative",83.5,60,33,72,75,49,-50.5,12,-11,-8.5,0,2,"Negative",0.9,0.878378378378378,0.877804717514664,1.02543801232241,0.147633294807747,35,72,30
"writer","h","PM cue","",NA,NA,NA,"","[1.1167647999245673]","['l']",0,NA,104,1,0,"Negative",83.5,60,33,72,75,49,-50.5,12,-11,-8.5,0,2,"Negative",0.9,0.878378378378378,0.877804717514664,1.02543801232241,0.147633294807747,35,72,30
"event","h","PM cue","",NA,NA,NA,"","[0.883887300034985]","['l']",0,NA,104,1,0,"Negative",83.5,60,33,72,75,49,-50.5,12,-11,-8.5,1,2,"Negative",0.9,0.878378378378378,0.877804717514664,1.02543801232241,0.147633294807747,35,72,30
"writer","h","PM cue","",NA,NA,NA,"","[]","None",0,NA,104,1,0,"Negative",83.5,60,33,72,75,49,-50.5,12,-11,-8.5,0,2,"Negative",0.9,0.878378378378378,0.877804717514664,1.02543801232241,0.147633294807747,35,72,30
"bottle","h","PM cue","",NA,NA,NA,"","[1.2669699001125991]","['d']",0,NA,104,1,0,"Negative",83.5,60,33,72,75,49,-50.5,12,-11,-8.5,0,2,"Negative",0.9,0.878378378378378,0.877804717514664,1.02543801232241,0.147633294807747,35,72,30
"event","h","PM cue","",NA,NA,NA,"","[0.8331826999783516]","['d']",0,NA,104,1,0,"Negative",83.5,60,33,72,75,49,-50.5,12,-11,-8.5,1,2,"Negative",0.9,0.878378378378378,0.877804717514664,1.02543801232241,0.147633294807747,35,72,30
"detail","h","PM cue","",NA,NA,NA,"","[]","None",0,NA,105,2,0,"Negative",72,58.5,72,63,71,50,0,4.5,-8.5,-1,0,2,"Negative",1,0.972972972972973,0.829904670002725,1.08897692837825,0.259072258375523,38,67,29
"village","h","PM cue","",NA,NA,NA,"","[2.78315649999422]","['h']",1,NA,105,2,1,"Negative",72,58.5,72,63,71,50,0,4.5,-8.5,-1,1,2,"Negative",1,0.972972972972973,0.829904670002725,1.08897692837825,0.259072258375523,38,67,29
"circle","h","PM cue","",NA,NA,NA,"","[0.5673311999998987]","['l']",0,NA,105,2,0,"Negative",72,58.5,72,63,71,50,0,4.5,-8.5,-1,1,2,"Negative",1,0.972972972972973,0.829904670002725,1.08897692837825,0.259072258375523,38,67,29
"detail","h","PM cue","",NA,NA,NA,"","[0.8335283999913372]","['l']",0,NA,105,2,0,"Negative",72,58.5,72,63,71,50,0,4.5,-8.5,-1,0,2,"Negative",1,0.972972972972973,0.829904670002725,1.08897692837825,0.259072258375523,38,67,29
"circle","h","PM cue","",NA,NA,NA,"","[1.9503756999911275]","['l']",0,NA,105,2,0,"Negative",72,58.5,72,63,71,50,0,4.5,-8.5,-1,1,2,"Negative",1,0.972972972972973,0.829904670002725,1.08897692837825,0.259072258375523,38,67,29
"village","h","PM cue","",NA,NA,NA,"","[1.6338013999920804]","['h']",1,NA,105,2,1,"Negative",72,58.5,72,63,71,50,0,4.5,-8.5,-1,1,2,"Negative",1,0.972972972972973,0.829904670002725,1.08897692837825,0.259072258375523,38,67,29
"wagon","h","PM cue","",NA,NA,NA,"","[1.550200700003188]","['h']",1,NA,106,3,1,"Negative",88,87.5,55,69,70,73,-33,-18.5,-14.5,-18,0,2,"Negative",0.9,0.27027027027027,1.11312165000418,1.27236824090968,0.159246590905505,54,84,28
"teacher","h","PM cue","",NA,NA,NA,"","[1.30046399999992]","['h']",1,NA,106,3,1,"Negative",88,87.5,55,69,70,73,-33,-18.5,-14.5,-18,1,2,"Negative",0.9,0.27027027027027,1.11312165000418,1.27236824090968,0.159246590905505,54,84,28
"curious","h","PM cue","",NA,NA,NA,"","[1.6003998999949545]","['h']",1,NA,106,3,1,"Negative",88,87.5,55,69,70,73,-33,-18.5,-14.5,-18,1,2,"Negative",0.9,0.27027027027027,1.11312165000418,1.27236824090968,0.159246590905505,54,84,28
"wagon","h","PM cue","",NA,NA,NA,"","[1.2169513999833725]","['h']",1,NA,106,3,1,"Negative",88,87.5,55,69,70,73,-33,-18.5,-14.5,-18,0,2,"Negative",0.9,0.27027027027027,1.11312165000418,1.27236824090968,0.159246590905505,54,84,28
"curious","h","PM cue","",NA,NA,NA,"","[1.5004697999975178]","['h']",1,NA,106,3,1,"Negative",88,87.5,55,69,70,73,-33,-18.5,-14.5,-18,1,2,"Negative",0.9,0.27027027027027,1.11312165000418,1.27236824090968,0.159246590905505,54,84,28
"teacher","h","PM cue","",NA,NA,NA,"","[1.1507320000091568]","['h']",1,NA,106,3,1,"Negative",88,87.5,55,69,70,73,-33,-18.5,-14.5,-18,1,2,"Negative",0.9,0.27027027027027,1.11312165000418,1.27236824090968,0.159246590905505,54,84,28
"detail","h","PM cue","",NA,NA,NA,"","[1.2672845000051893]","['h']",1,NA,107,2,1,"Negative",40.5,41.5,27,33,30,28,-13.5,-8.5,-13.5,-10.5,1,2,"Negative",0.85,0.824324324324324,1.11793950000429,1.21961584583268,0.10167634582839,65,61,26
"village","h","PM cue","",NA,NA,NA,"","[1.4003949000034481]","['h']",1,NA,107,2,1,"Negative",40.5,41.5,27,33,30,28,-13.5,-8.5,-13.5,-10.5,1,2,"Negative",0.85,0.824324324324324,1.11793950000429,1.21961584583268,0.10167634582839,65,61,26
"circle","h","PM cue","",NA,NA,NA,"","[0.9171042999951169]","['l']",0,NA,107,2,0,"Negative",40.5,41.5,27,33,30,28,-13.5,-8.5,-13.5,-10.5,0,2,"Negative",0.85,0.824324324324324,1.11793950000429,1.21961584583268,0.10167634582839,65,61,26
"detail","h","PM cue","",NA,NA,NA,"","[1.7503594000008889]","['h']",1,NA,107,2,1,"Negative",40.5,41.5,27,33,30,28,-13.5,-8.5,-13.5,-10.5,1,2,"Negative",0.85,0.824324324324324,1.11793950000429,1.21961584583268,0.10167634582839,65,61,26
"circle","h","PM cue","",NA,NA,NA,"","[1.4171529000159353]","['d']",0,NA,107,2,0,"Negative",40.5,41.5,27,33,30,28,-13.5,-8.5,-13.5,-10.5,0,2,"Negative",0.85,0.824324324324324,1.11793950000429,1.21961584583268,0.10167634582839,65,61,26
"village","h","PM cue","",NA,NA,NA,"","[1.3507124000170734]","['h']",1,NA,107,2,1,"Negative",40.5,41.5,27,33,30,28,-13.5,-8.5,-13.5,-10.5,1,2,"Negative",0.85,0.824324324324324,1.11793950000429,1.21961584583268,0.10167634582839,65,61,26
"wagon","h","PM cue","",NA,NA,NA,"","[1.5339813999889884]","['h']",1,NA,108,3,1,"Negative",72,61,69,50,67,32,-3,-11,-29,-5,0,2,"Negative",0.95,0.945945945945946,0.889212402503472,1.26817829178189,0.378965889278413,44,57,28
"teacher","h","PM cue","",NA,NA,NA,"","[1.2667847000120673]","['h']",1,NA,108,3,1,"Negative",72,61,69,50,67,32,-3,-11,-29,-5,1,2,"Negative",0.95,0.945945945945946,0.889212402503472,1.26817829178189,0.378965889278413,44,57,28
"curious","h","PM cue","",NA,NA,NA,"","[1.2502289999974892]","['h']",1,NA,108,3,1,"Negative",72,61,69,50,67,32,-3,-11,-29,-5,1,2,"Negative",0.95,0.945945945945946,0.889212402503472,1.26817829178189,0.378965889278413,44,57,28
"wagon","h","PM cue","",NA,NA,NA,"","[1.4504806000040844]","['h']",1,NA,108,3,1,"Negative",72,61,69,50,67,32,-3,-11,-29,-5,0,2,"Negative",0.95,0.945945945945946,0.889212402503472,1.26817829178189,0.378965889278413,44,57,28
"curious","h","PM cue","",NA,NA,NA,"","[1.4834179000172298]","['h']",1,NA,108,3,1,"Negative",72,61,69,50,67,32,-3,-11,-29,-5,1,2,"Negative",0.95,0.945945945945946,0.889212402503472,1.26817829178189,0.378965889278413,44,57,28
"teacher","h","PM cue","",NA,NA,NA,"","[1.7836519999837037]","['l']",0,NA,108,3,0,"Negative",72,61,69,50,67,32,-3,-11,-29,-5,1,2,"Negative",0.95,0.945945945945946,0.889212402503472,1.26817829178189,0.378965889278413,44,57,28
"bottle","h","PM cue","",NA,NA,NA,"","[0.8838406999129802]","['l']",0,NA,109,1,0,"Negative",52,71,51,69,52,67,-1,-2,-4,0,0,2,"Negative",0.875,0.945945945945946,1.06414856249467,1.06254752740353,-0.00160103509113285,43,59,28
"writer","h","PM cue","",NA,NA,NA,"","[2.4337273000273854]","['d']",0,NA,109,1,0,"Negative",52,71,51,69,52,67,-1,-2,-4,0,0,2,"Negative",0.875,0.945945945945946,1.06414856249467,1.06254752740353,-0.00160103509113285,43,59,28
"event","h","PM cue","",NA,NA,NA,"","[1.21720049995929]","['l']",0,NA,109,1,0,"Negative",52,71,51,69,52,67,-1,-2,-4,0,0,2,"Negative",0.875,0.945945945945946,1.06414856249467,1.06254752740353,-0.00160103509113285,43,59,28
"writer","h","PM cue","",NA,NA,NA,"","[1.6005754999350756]","['l']",0,NA,109,1,0,"Negative",52,71,51,69,52,67,-1,-2,-4,0,0,2,"Negative",0.875,0.945945945945946,1.06414856249467,1.06254752740353,-0.00160103509113285,43,59,28
"bottle","h","PM cue","",NA,NA,NA,"","[2.100216699996963]","['d']",0,NA,109,1,0,"Negative",52,71,51,69,52,67,-1,-2,-4,0,0,2,"Negative",0.875,0.945945945945946,1.06414856249467,1.06254752740353,-0.00160103509113285,43,59,28
"event","h","PM cue","",NA,NA,NA,"","[1.0179431999567896]","['l']",0,NA,109,1,0,"Negative",52,71,51,69,52,67,-1,-2,-4,0,0,2,"Negative",0.875,0.945945945945946,1.06414856249467,1.06254752740353,-0.00160103509113285,43,59,28
"detail","h","PM cue","",NA,NA,NA,"","[1.5339259000029415]","['h']",1,NA,11,0,1,"Negative",84,84.5,53,87,64,84,-31,2.5,-0.5,-20,1,1,"Negative",0.825,0.824324324324324,0.870437689992832,0.985573849999472,0.11513616000664,43,63,NA
"village","h","PM cue","",NA,NA,NA,"","[1.0836584999924526, 2.7996470000362024]","['d', 'h']",0,NA,11,0,1,"Negative",84,84.5,53,87,64,84,-31,2.5,-0.5,-20,1,1,"Negative",0.825,0.824324324324324,0.870437689992832,0.985573849999472,0.11513616000664,43,63,NA
"circle","h","PM cue","",NA,NA,NA,"","[0.8003695999504998, 1.9668790999567136]","['d', 'h']",0,NA,11,0,1,"Negative",84,84.5,53,87,64,84,-31,2.5,-0.5,-20,1,1,"Negative",0.825,0.824324324324324,0.870437689992832,0.985573849999472,0.11513616000664,43,63,NA
"detail","h","PM cue","",NA,NA,NA,"","[1.3173876000801101]","['h']",1,NA,11,0,1,"Negative",84,84.5,53,87,64,84,-31,2.5,-0.5,-20,1,1,"Negative",0.825,0.824324324324324,0.870437689992832,0.985573849999472,0.11513616000664,43,63,NA
"circle","h","PM cue","",NA,NA,NA,"","[1.3003265999723226]","['h']",1,NA,11,0,1,"Negative",84,84.5,53,87,64,84,-31,2.5,-0.5,-20,1,1,"Negative",0.825,0.824324324324324,0.870437689992832,0.985573849999472,0.11513616000664,43,63,NA
"village","h","PM cue","",NA,NA,NA,"","[1.9164763999870047]","['h']",1,NA,11,0,1,"Negative",84,84.5,53,87,64,84,-31,2.5,-0.5,-20,1,1,"Negative",0.825,0.824324324324324,0.870437689992832,0.985573849999472,0.11513616000664,43,63,NA
"bottle","h","PM cue","",NA,NA,NA,"","[1.2507214001379907]","['l']",0,NA,110,1,0,"Negative",72.5,38.5,50,47,91,30,-22.5,8.5,-8.5,18.5,0,2,"Negative",0.575,0.756756756756757,0.953982472744291,1.14383856416332,0.189856091419034,49,64,25
"writer","h","PM cue","",NA,NA,NA,"","[]","None",0,NA,110,1,0,"Negative",72.5,38.5,50,47,91,30,-22.5,8.5,-8.5,18.5,0,2,"Negative",0.575,0.756756756756757,0.953982472744291,1.14383856416332,0.189856091419034,49,64,25
"event","h","PM cue","",NA,NA,NA,"","[1.2004044000059366]","['l']",0,NA,110,1,0,"Negative",72.5,38.5,50,47,91,30,-22.5,8.5,-8.5,18.5,0,2,"Negative",0.575,0.756756756756757,0.953982472744291,1.14383856416332,0.189856091419034,49,64,25
"writer","h","PM cue","",NA,NA,NA,"","[1.233672299887985]","['l']",0,NA,110,1,0,"Negative",72.5,38.5,50,47,91,30,-22.5,8.5,-8.5,18.5,0,2,"Negative",0.575,0.756756756756757,0.953982472744291,1.14383856416332,0.189856091419034,49,64,25
"bottle","h","PM cue","",NA,NA,NA,"","[0.9002009998075664]","['d']",0,NA,110,1,0,"Negative",72.5,38.5,50,47,91,30,-22.5,8.5,-8.5,18.5,0,2,"Negative",0.575,0.756756756756757,0.953982472744291,1.14383856416332,0.189856091419034,49,64,25
"event","h","PM cue","",NA,NA,NA,"","[0.8670859998092055]","['d']",0,NA,110,1,0,"Negative",72.5,38.5,50,47,91,30,-22.5,8.5,-8.5,18.5,0,2,"Negative",0.575,0.756756756756757,0.953982472744291,1.14383856416332,0.189856091419034,49,64,25
"detail","h","PM cue","",NA,NA,NA,"","[1.8838609000085853]","['h']",1,NA,112,2,1,"Negative",51,50.5,51,50,51,51,0,-0.5,0.5,0,0,2,"Negative",0.8,0.824324324324324,1.03929699750006,1.16378329155071,0.124486294050654,27,74,27
"village","h","PM cue","",NA,NA,NA,"","[1.1505856000003405]","['l']",0,NA,112,2,0,"Negative",51,50.5,51,50,51,51,0,-0.5,0.5,0,0,2,"Negative",0.8,0.824324324324324,1.03929699750006,1.16378329155071,0.124486294050654,27,74,27
"circle","h","PM cue","",NA,NA,NA,"","[0.9002606000285596]","['l']",0,NA,112,2,0,"Negative",51,50.5,51,50,51,51,0,-0.5,0.5,0,0,2,"Negative",0.8,0.824324324324324,1.03929699750006,1.16378329155071,0.124486294050654,27,74,27
"detail","h","PM cue","",NA,NA,NA,"","[1.4837332000024617]","['l']",0,NA,112,2,0,"Negative",51,50.5,51,50,51,51,0,-0.5,0.5,0,0,2,"Negative",0.8,0.824324324324324,1.03929699750006,1.16378329155071,0.124486294050654,27,74,27
"circle","h","PM cue","",NA,NA,NA,"","[1.4671293999999762]","['d']",0,NA,112,2,0,"Negative",51,50.5,51,50,51,51,0,-0.5,0.5,0,0,2,"Negative",0.8,0.824324324324324,1.03929699750006,1.16378329155071,0.124486294050654,27,74,27
"village","h","PM cue","",NA,NA,NA,"","[1.633922699955292]","['d']",0,NA,112,2,0,"Negative",51,50.5,51,50,51,51,0,-0.5,0.5,0,0,2,"Negative",0.8,0.824324324324324,1.03929699750006,1.16378329155071,0.124486294050654,27,74,27
"wagon","h","PM cue","",NA,NA,NA,"","[]","None",0,NA,112,3,0,"Negative",50.5,49.5,55,46,54,47,4.5,-3.5,-2.5,3.5,1,2,"Negative",1,0.959459459459459,0.88758191249799,0.898838181937915,0.0112562694399256,45,73,29
"teacher","h","PM cue","",NA,NA,NA,"","[1.7837087002117187]","['h']",1,NA,112,3,1,"Negative",50.5,49.5,55,46,54,47,4.5,-3.5,-2.5,3.5,1,2,"Negative",1,0.959459459459459,0.88758191249799,0.898838181937915,0.0112562694399256,45,73,29
"curious","h","PM cue","",NA,NA,NA,"","[1.0337035001721233]","['l']",0,NA,112,3,0,"Negative",50.5,49.5,55,46,54,47,4.5,-3.5,-2.5,3.5,0,2,"Negative",1,0.959459459459459,0.88758191249799,0.898838181937915,0.0112562694399256,45,73,29
"wagon","h","PM cue","",NA,NA,NA,"","[1.7170673001091927]","['h']",1,NA,112,3,1,"Negative",50.5,49.5,55,46,54,47,4.5,-3.5,-2.5,3.5,1,2,"Negative",1,0.959459459459459,0.88758191249799,0.898838181937915,0.0112562694399256,45,73,29
"curious","h","PM cue","",NA,NA,NA,"","[0.9170835998374969]","['l']",0,NA,112,3,0,"Negative",50.5,49.5,55,46,54,47,4.5,-3.5,-2.5,3.5,0,2,"Negative",1,0.959459459459459,0.88758191249799,0.898838181937915,0.0112562694399256,45,73,29
"teacher","h","PM cue","",NA,NA,NA,"","[1.6834581000730395]","['h']",1,NA,112,3,1,"Negative",50.5,49.5,55,46,54,47,4.5,-3.5,-2.5,3.5,1,2,"Negative",1,0.959459459459459,0.88758191249799,0.898838181937915,0.0112562694399256,45,73,29
"detail","h","PM cue","",NA,NA,NA,"","[2.3674151000450365]","['h']",1,NA,113,2,1,"Negative",80.5,79,48,32,34,34,-32.5,-47,-45,-46.5,1,2,"Negative",0.975,0.878378378378378,0.77178565999784,1.111882925677,0.34009726567916,51,77,25
"village","h","PM cue","",NA,NA,NA,"","[2.3832848999882117]","['h']",1,NA,113,2,1,"Negative",80.5,79,48,32,34,34,-32.5,-47,-45,-46.5,1,2,"Negative",0.975,0.878378378378378,0.77178565999784,1.111882925677,0.34009726567916,51,77,25
"circle","h","PM cue","",NA,NA,NA,"","[1.2337340000085533]","['l']",0,NA,113,2,0,"Negative",80.5,79,48,32,34,34,-32.5,-47,-45,-46.5,0,2,"Negative",0.975,0.878378378378378,0.77178565999784,1.111882925677,0.34009726567916,51,77,25
"detail","h","PM cue","",NA,NA,NA,"","[1.7168686999939382]","['h']",1,NA,113,2,1,"Negative",80.5,79,48,32,34,34,-32.5,-47,-45,-46.5,1,2,"Negative",0.975,0.878378378378378,0.77178565999784,1.111882925677,0.34009726567916,51,77,25
"circle","h","PM cue","",NA,NA,NA,"","[1.5172039999742992]","['l']",0,NA,113,2,0,"Negative",80.5,79,48,32,34,34,-32.5,-47,-45,-46.5,0,2,"Negative",0.975,0.878378378378378,0.77178565999784,1.111882925677,0.34009726567916,51,77,25
"village","h","PM cue","",NA,NA,NA,"","[1.4340611000079662]","['h']",1,NA,113,2,1,"Negative",80.5,79,48,32,34,34,-32.5,-47,-45,-46.5,1,2,"Negative",0.975,0.878378378378378,0.77178565999784,1.111882925677,0.34009726567916,51,77,25
"wagon","h","PM cue","",NA,NA,NA,"","[1.500438000075519]","['h']",1,NA,114,3,1,"Negative",100,99.5,100,80,100,80,0,-19.5,-19.5,0,1,2,"Negative",1,0.986486486486487,0.749691889988026,0.93861553560598,0.188923645617954,39,68,27
"teacher","h","PM cue","",NA,NA,NA,"","[1.550527899991721]","['h']",1,NA,114,3,1,"Negative",100,99.5,100,80,100,80,0,-19.5,-19.5,0,1,2,"Negative",1,0.986486486486487,0.749691889988026,0.93861553560598,0.188923645617954,39,68,27
"curious","h","PM cue","",NA,NA,NA,"","[1.5005441999528557]","['h']",1,NA,114,3,1,"Negative",100,99.5,100,80,100,80,0,-19.5,-19.5,0,1,2,"Negative",1,0.986486486486487,0.749691889988026,0.93861553560598,0.188923645617954,39,68,27
"wagon","h","PM cue","",NA,NA,NA,"","[1.7833493000362068]","['h']",1,NA,114,3,1,"Negative",100,99.5,100,80,100,80,0,-19.5,-19.5,0,1,2,"Negative",1,0.986486486486487,0.749691889988026,0.93861553560598,0.188923645617954,39,68,27
"curious","h","PM cue","",NA,NA,NA,"","[1.6338673001155257]","['h']",1,NA,114,3,1,"Negative",100,99.5,100,80,100,80,0,-19.5,-19.5,0,1,2,"Negative",1,0.986486486486487,0.749691889988026,0.93861553560598,0.188923645617954,39,68,27
"teacher","h","PM cue","",NA,NA,NA,"","[1.700278599979356]","['h']",1,NA,114,3,1,"Negative",100,99.5,100,80,100,80,0,-19.5,-19.5,0,1,2,"Negative",1,0.986486486486487,0.749691889988026,0.93861553560598,0.188923645617954,39,68,27
"bottle","h","PM cue","",NA,NA,NA,"","[0.867151000071317]","['l']",0,NA,115,1,0,"Negative",99.5,80,100,80,100,80,0.5,0,0,0.5,1,2,"Negative",1,1,0.872541885019746,0.730011205409175,-0.142530679610571,29,69,30
"writer","h","PM cue","",NA,NA,NA,"","[0.733993399888277]","['l']",0,NA,115,1,0,"Negative",99.5,80,100,80,100,80,0.5,0,0,0.5,1,2,"Negative",1,1,0.872541885019746,0.730011205409175,-0.142530679610571,29,69,30
"event","h","PM cue","",NA,NA,NA,"","[0.667692500166595]","['l']",0,NA,115,1,0,"Negative",99.5,80,100,80,100,80,0.5,0,0,0.5,1,2,"Negative",1,1,0.872541885019746,0.730011205409175,-0.142530679610571,29,69,30
"writer","h","PM cue","",NA,NA,NA,"","[0.6170501001179218]","['l']",0,NA,115,1,0,"Negative",99.5,80,100,80,100,80,0.5,0,0,0.5,1,2,"Negative",1,1,0.872541885019746,0.730011205409175,-0.142530679610571,29,69,30
"bottle","h","PM cue","",NA,NA,NA,"","[0.7669823998585343]","['l']",0,NA,115,1,0,"Negative",99.5,80,100,80,100,80,0.5,0,0,0.5,1,2,"Negative",1,1,0.872541885019746,0.730011205409175,-0.142530679610571,29,69,30
"event","h","PM cue","",NA,NA,NA,"","[0.6005867999047041]","['l']",0,NA,115,1,0,"Negative",99.5,80,100,80,100,80,0.5,0,0,0.5,1,2,"Negative",1,1,0.872541885019746,0.730011205409175,-0.142530679610571,29,69,30
"bottle","h","PM cue","",NA,NA,NA,"","[1.0504538002423942]","['l']",0,NA,116,1,0,"Negative",100,25.5,85,23,99,27,-15,-2.5,1.5,-1,0,2,"Negative",0.95,0.986486486486487,0.739048427552916,0.783607915062968,0.0445594875100516,45,53,29
"writer","h","PM cue","",NA,NA,NA,"","[1.0342314997687936]","['l']",0,NA,116,1,0,"Negative",100,25.5,85,23,99,27,-15,-2.5,1.5,-1,1,2,"Negative",0.95,0.986486486486487,0.739048427552916,0.783607915062968,0.0445594875100516,45,53,29
"event","h","PM cue","",NA,NA,NA,"","[0.8344654999673367]","['l']",0,NA,116,1,0,"Negative",100,25.5,85,23,99,27,-15,-2.5,1.5,-1,1,2,"Negative",0.95,0.986486486486487,0.739048427552916,0.783607915062968,0.0445594875100516,45,53,29
"writer","h","PM cue","",NA,NA,NA,"","[0.8508586999960244]","['l']",0,NA,116,1,0,"Negative",100,25.5,85,23,99,27,-15,-2.5,1.5,-1,1,2,"Negative",0.95,0.986486486486487,0.739048427552916,0.783607915062968,0.0445594875100516,45,53,29
"bottle","h","PM cue","",NA,NA,NA,"","[1.0504044997505844]","['l']",0,NA,116,1,0,"Negative",100,25.5,85,23,99,27,-15,-2.5,1.5,-1,0,2,"Negative",0.95,0.986486486486487,0.739048427552916,0.783607915062968,0.0445594875100516,45,53,29
"event","h","PM cue","",NA,NA,NA,"","[0.9338112999685109]","['l']",0,NA,116,1,0,"Negative",100,25.5,85,23,99,27,-15,-2.5,1.5,-1,1,2,"Negative",0.95,0.986486486486487,0.739048427552916,0.783607915062968,0.0445594875100516,45,53,29
"detail","h","PM cue","",NA,NA,NA,"","[2.666650800034404]","['h']",1,NA,117,2,1,"Negative",77,38.5,42,40,61,60,-35,1.5,21.5,-16,1,2,"Negative",0.95,0.932432432432432,0.719806148724344,1.101712054057,0.381905905332653,44,50,27
"village","h","PM cue","",NA,NA,NA,"","[1.7164445000234991]","['h']",1,NA,117,2,1,"Negative",77,38.5,42,40,61,60,-35,1.5,21.5,-16,0,2,"Negative",0.95,0.932432432432432,0.719806148724344,1.101712054057,0.381905905332653,44,50,27
"circle","h","PM cue","",NA,NA,NA,"","[1.5837445999495685]","['h']",1,NA,117,2,1,"Negative",77,38.5,42,40,61,60,-35,1.5,21.5,-16,0,2,"Negative",0.95,0.932432432432432,0.719806148724344,1.101712054057,0.381905905332653,44,50,27
"detail","h","PM cue","",NA,NA,NA,"","[1.450451000011526]","['h']",1,NA,117,2,1,"Negative",77,38.5,42,40,61,60,-35,1.5,21.5,-16,1,2,"Negative",0.95,0.932432432432432,0.719806148724344,1.101712054057,0.381905905332653,44,50,27
"circle","h","PM cue","",NA,NA,NA,"","[1.6669570000376552]","['h']",1,NA,117,2,1,"Negative",77,38.5,42,40,61,60,-35,1.5,21.5,-16,0,2,"Negative",0.95,0.932432432432432,0.719806148724344,1.101712054057,0.381905905332653,44,50,27
"village","h","PM cue","",NA,NA,NA,"","[1.5836766000138596]","['h']",1,NA,117,2,1,"Negative",77,38.5,42,40,61,60,-35,1.5,21.5,-16,0,2,"Negative",0.95,0.932432432432432,0.719806148724344,1.101712054057,0.381905905332653,44,50,27
"wagon","h","PM cue","",NA,NA,NA,"","[1.7006335000041872]","['h']",1,NA,118,3,1,"Negative",71.5,70.5,50,30,70,53,-21.5,-40.5,-17.5,-1.5,1,2,"Negative",0.975,0.878378378378378,1.11533302997123,1.36335950422848,0.248026474257259,53,77,31
"teacher","h","PM cue","",NA,NA,NA,"","[1.5833635998424143]","['h']",1,NA,118,3,1,"Negative",71.5,70.5,50,30,70,53,-21.5,-40.5,-17.5,-1.5,1,2,"Negative",0.975,0.878378378378378,1.11533302997123,1.36335950422848,0.248026474257259,53,77,31
"curious","h","PM cue","",NA,NA,NA,"","[0.8671233998611569]","['l']",0,NA,118,3,0,"Negative",71.5,70.5,50,30,70,53,-21.5,-40.5,-17.5,-1.5,0,2,"Negative",0.975,0.878378378378378,1.11533302997123,1.36335950422848,0.248026474257259,53,77,31
"wagon","h","PM cue","",NA,NA,NA,"","[1.8171522999182343]","['h']",1,NA,118,3,1,"Negative",71.5,70.5,50,30,70,53,-21.5,-40.5,-17.5,-1.5,1,2,"Negative",0.975,0.878378378378378,1.11533302997123,1.36335950422848,0.248026474257259,53,77,31
"curious","h","PM cue","",NA,NA,NA,"","[2.1338641999755055]","['h']",1,NA,118,3,1,"Negative",71.5,70.5,50,30,70,53,-21.5,-40.5,-17.5,-1.5,0,2,"Negative",0.975,0.878378378378378,1.11533302997123,1.36335950422848,0.248026474257259,53,77,31
"teacher","h","PM cue","",NA,NA,NA,"","[1.4171038998756558]","['h']",1,NA,118,3,1,"Negative",71.5,70.5,50,30,70,53,-21.5,-40.5,-17.5,-1.5,1,2,"Negative",0.975,0.878378378378378,1.11533302997123,1.36335950422848,0.248026474257259,53,77,31
"detail","h","PM cue","",NA,NA,NA,"","[1.7003255002200603]","['l']",0,NA,119,2,0,"Negative",76.5,37,31,43,56,31,-45.5,6,-6,-20.5,1,2,"Negative",1,0.959459459459459,1.09206713998574,1.39491860273179,0.302851462746055,37,NA,31
"village","h","PM cue","",NA,NA,NA,"","[1.9002559001091868, 2.8168684002012014]","['h', 'd']",1,NA,119,2,1,"Negative",76.5,37,31,43,56,31,-45.5,6,-6,-20.5,0,2,"Negative",1,0.959459459459459,1.09206713998574,1.39491860273179,0.302851462746055,37,NA,31
"circle","h","PM cue","",NA,NA,NA,"","[1.8005123001057655, 2.2002960999961942]","['d', 'h']",0,NA,119,2,1,"Negative",76.5,37,31,43,56,31,-45.5,6,-6,-20.5,0,2,"Negative",1,0.959459459459459,1.09206713998574,1.39491860273179,0.302851462746055,37,NA,31
"detail","h","PM cue","",NA,NA,NA,"","[2.0672389999963343, 2.2840287000872195]","['h', 'd']",1,NA,119,2,1,"Negative",76.5,37,31,43,56,31,-45.5,6,-6,-20.5,1,2,"Negative",1,0.959459459459459,1.09206713998574,1.39491860273179,0.302851462746055,37,NA,31
"circle","h","PM cue","",NA,NA,NA,"","[1.2503472999669611, 2.649851999944076]","['d', 'h']",0,NA,119,2,1,"Negative",76.5,37,31,43,56,31,-45.5,6,-6,-20.5,0,2,"Negative",1,0.959459459459459,1.09206713998574,1.39491860273179,0.302851462746055,37,NA,31
"village","h","PM cue","",NA,NA,NA,"","[1.983968700049445, 2.733838399872184]","['l', 'h']",0,NA,119,2,1,"Negative",76.5,37,31,43,56,31,-45.5,6,-6,-20.5,0,2,"Negative",1,0.959459459459459,1.09206713998574,1.39491860273179,0.302851462746055,37,NA,31
"wagon","h","PM cue","",NA,NA,NA,"","[1.7342129000462592]","['h']",1,NA,12,3,1,"Negative",41,75,21,36,38,46,-20,-39,-29,-3,1,1,"Negative",0.975,0.945945945945946,0.737026007502573,0.972780445943008,0.235754438440435,66,88,NA
"teacher","h","PM cue","",NA,NA,NA,"","[1.600439199944958]","['h']",1,NA,12,3,1,"Negative",41,75,21,36,38,46,-20,-39,-29,-3,1,1,"Negative",0.975,0.945945945945946,0.737026007502573,0.972780445943008,0.235754438440435,66,88,NA
"curious","h","PM cue","",NA,NA,NA,"","[1.2836557000409812]","['h']",1,NA,12,3,1,"Negative",41,75,21,36,38,46,-20,-39,-29,-3,1,1,"Negative",0.975,0.945945945945946,0.737026007502573,0.972780445943008,0.235754438440435,66,88,NA
"wagon","h","PM cue","",NA,NA,NA,"","[1.350647799903527]","['h']",1,NA,12,3,1,"Negative",41,75,21,36,38,46,-20,-39,-29,-3,1,1,"Negative",0.975,0.945945945945946,0.737026007502573,0.972780445943008,0.235754438440435,66,88,NA
"curious","h","PM cue","",NA,NA,NA,"","[1.5003269999288023]","['h']",1,NA,12,3,1,"Negative",41,75,21,36,38,46,-20,-39,-29,-3,1,1,"Negative",0.975,0.945945945945946,0.737026007502573,0.972780445943008,0.235754438440435,66,88,NA
"teacher","h","PM cue","",NA,NA,NA,"","[1.2502293998841196]","['h']",1,NA,12,3,1,"Negative",41,75,21,36,38,46,-20,-39,-29,-3,1,1,"Negative",0.975,0.945945945945946,0.737026007502573,0.972780445943008,0.235754438440435,66,88,NA
"wagon","h","PM cue","",NA,NA,NA,"","[1.4671219000592828]","['h']",1,NA,120,3,1,"Negative",50.5,52.5,32,70,27,72,-18.5,17.5,19.5,-23.5,1,2,"Negative",1,0.972972972972973,0.865998462506104,0.968755414873059,0.102756952366955,44,73,27
"teacher","h","PM cue","",NA,NA,NA,"","[1.7169717999640852]","['h']",1,NA,120,3,1,"Negative",50.5,52.5,32,70,27,72,-18.5,17.5,19.5,-23.5,1,2,"Negative",1,0.972972972972973,0.865998462506104,0.968755414873059,0.102756952366955,44,73,27
"curious","h","PM cue","",NA,NA,NA,"","[1.9339227001182735]","['h']",1,NA,120,3,1,"Negative",50.5,52.5,32,70,27,72,-18.5,17.5,19.5,-23.5,1,2,"Negative",1,0.972972972972973,0.865998462506104,0.968755414873059,0.102756952366955,44,73,27
"wagon","h","PM cue","",NA,NA,NA,"","[0.784121299860999, 1.9173448998481035]","['d', 'h']",0,NA,120,3,1,"Negative",50.5,52.5,32,70,27,72,-18.5,17.5,19.5,-23.5,1,2,"Negative",1,0.972972972972973,0.865998462506104,0.968755414873059,0.102756952366955,44,73,27
"curious","h","PM cue","",NA,NA,NA,"","[2.3003954000305384]","['h']",1,NA,120,3,1,"Negative",50.5,52.5,32,70,27,72,-18.5,17.5,19.5,-23.5,1,2,"Negative",1,0.972972972972973,0.865998462506104,0.968755414873059,0.102756952366955,44,73,27
"teacher","h","PM cue","",NA,NA,NA,"","[1.4844990000128746]","['h']",1,NA,120,3,1,"Negative",50.5,52.5,32,70,27,72,-18.5,17.5,19.5,-23.5,1,2,"Negative",1,0.972972972972973,0.865998462506104,0.968755414873059,0.102756952366955,44,73,27
"bottle","h","PM cue","",NA,NA,NA,"","[]","None",0,NA,121,1,0,"Negative",70.5,71,92,69,91,91,21.5,-2,20,20.5,1,2,"Negative",0.85,0.851351351351351,0.843736587496824,0.973564676706016,0.129828089209192,37,46,30
"writer","h","PM cue","",NA,NA,NA,"","[1.4837951998924837]","['h']",1,NA,121,1,1,"Negative",70.5,71,92,69,91,91,21.5,-2,20,20.5,0,2,"Negative",0.85,0.851351351351351,0.843736587496824,0.973564676706016,0.129828089209192,37,46,30
"event","h","PM cue","",NA,NA,NA,"","[1.350645500002429]","['l']",0,NA,121,1,0,"Negative",70.5,71,92,69,91,91,21.5,-2,20,20.5,0,2,"Negative",0.85,0.851351351351351,0.843736587496824,0.973564676706016,0.129828089209192,37,46,30
"writer","h","PM cue","",NA,NA,NA,"","[1.3505443000467494]","['h']",1,NA,121,1,1,"Negative",70.5,71,92,69,91,91,21.5,-2,20,20.5,0,2,"Negative",0.85,0.851351351351351,0.843736587496824,0.973564676706016,0.129828089209192,37,46,30
"bottle","h","PM cue","",NA,NA,NA,"","[2.7834371000062674]","['h']",1,NA,121,1,1,"Negative",70.5,71,92,69,91,91,21.5,-2,20,20.5,1,2,"Negative",0.85,0.851351351351351,0.843736587496824,0.973564676706016,0.129828089209192,37,46,30
"event","h","PM cue","",NA,NA,NA,"","[1.3505277000367641]","['h']",1,NA,121,1,1,"Negative",70.5,71,92,69,91,91,21.5,-2,20,20.5,0,2,"Negative",0.85,0.851351351351351,0.843736587496824,0.973564676706016,0.129828089209192,37,46,30
"bottle","h","PM cue","",NA,NA,NA,"","[0.6838515000417829]","['l']",0,NA,122,1,0,"Negative",71.5,30,61,40,81,20,-10.5,10,-10,9.5,1,2,"Negative",0.925,0.945945945945946,0.870957871797518,0.835005687851761,-0.0359521839457576,39,70,30
"writer","h","PM cue","",NA,NA,NA,"","[0.716675299918279]","['l']",0,NA,122,1,0,"Negative",71.5,30,61,40,81,20,-10.5,10,-10,9.5,0,2,"Negative",0.925,0.945945945945946,0.870957871797518,0.835005687851761,-0.0359521839457576,39,70,30
"event","h","PM cue","",NA,NA,NA,"","[0.7840356999076903]","['l']",0,NA,122,1,0,"Negative",71.5,30,61,40,81,20,-10.5,10,-10,9.5,1,2,"Negative",0.925,0.945945945945946,0.870957871797518,0.835005687851761,-0.0359521839457576,39,70,30
"writer","h","PM cue","",NA,NA,NA,"","[0.8006076000165194]","['l']",0,NA,122,1,0,"Negative",71.5,30,61,40,81,20,-10.5,10,-10,9.5,0,2,"Negative",0.925,0.945945945945946,0.870957871797518,0.835005687851761,-0.0359521839457576,39,70,30
"bottle","h","PM cue","",NA,NA,NA,"","[0.7842294999863952]","['l']",0,NA,122,1,0,"Negative",71.5,30,61,40,81,20,-10.5,10,-10,9.5,1,2,"Negative",0.925,0.945945945945946,0.870957871797518,0.835005687851761,-0.0359521839457576,39,70,30
"event","h","PM cue","",NA,NA,NA,"","[0.6334518999792635]","['l']",0,NA,122,1,0,"Negative",71.5,30,61,40,81,20,-10.5,10,-10,9.5,1,2,"Negative",0.925,0.945945945945946,0.870957871797518,0.835005687851761,-0.0359521839457576,39,70,30
"detail","h","PM cue","",NA,NA,NA,"","[1.9335896999982651]","['h']",1,NA,123,2,1,"Negative",70.5,37,65,53,51,41,-5.5,16,4,-19.5,1,2,"Negative",1,0.878378378378378,0.754157820000182,1.12023242739586,0.366074607395676,57,55,30
"village","h","PM cue","",NA,NA,NA,"","[1.7006841999973403]","['h']",1,NA,123,2,1,"Negative",70.5,37,65,53,51,41,-5.5,16,4,-19.5,1,2,"Negative",1,0.878378378378378,0.754157820000182,1.12023242739586,0.366074607395676,57,55,30
"circle","h","PM cue","",NA,NA,NA,"","[1.8503903000091668]","['l']",0,NA,123,2,0,"Negative",70.5,37,65,53,51,41,-5.5,16,4,-19.5,1,2,"Negative",1,0.878378378378378,0.754157820000182,1.12023242739586,0.366074607395676,57,55,30
"detail","h","PM cue","",NA,NA,NA,"","[1.7502436000067974]","['h']",1,NA,123,2,1,"Negative",70.5,37,65,53,51,41,-5.5,16,4,-19.5,1,2,"Negative",1,0.878378378378378,0.754157820000182,1.12023242739586,0.366074607395676,57,55,30
"circle","h","PM cue","",NA,NA,NA,"","[2.2334235000016633]","['h']",1,NA,123,2,1,"Negative",70.5,37,65,53,51,41,-5.5,16,4,-19.5,1,2,"Negative",1,0.878378378378378,0.754157820000182,1.12023242739586,0.366074607395676,57,55,30
"village","h","PM cue","",NA,NA,NA,"","[1.4671645000053104]","['h']",1,NA,123,2,1,"Negative",70.5,37,65,53,51,41,-5.5,16,4,-19.5,1,2,"Negative",1,0.878378378378378,0.754157820000182,1.12023242739586,0.366074607395676,57,55,30
"bottle","h","PM cue","",NA,NA,NA,"","[1.000446899997769]","['l']",0,NA,39,1,0,"Negative",42,80,62,99,62,100,20,19,20,20,0,2,"Negative",0.85,0.891891891891892,0.89676746749974,0.930656990410333,0.033889522910593,59,76,26
"writer","h","PM cue","",NA,NA,NA,"","[1.284129200008465]","['l']",0,NA,39,1,0,"Negative",42,80,62,99,62,100,20,19,20,20,1,2,"Negative",0.85,0.891891891891892,0.89676746749974,0.930656990410333,0.033889522910593,59,76,26
"event","h","PM cue","",NA,NA,NA,"","[1.917182099976344]","['l']",0,NA,39,1,0,"Negative",42,80,62,99,62,100,20,19,20,20,1,2,"Negative",0.85,0.891891891891892,0.89676746749974,0.930656990410333,0.033889522910593,59,76,26
"writer","h","PM cue","",NA,NA,NA,"","[0.8340767000045162]","['d']",0,NA,39,1,0,"Negative",42,80,62,99,62,100,20,19,20,20,1,2,"Negative",0.85,0.891891891891892,0.89676746749974,0.930656990410333,0.033889522910593,59,76,26
"bottle","h","PM cue","",NA,NA,NA,"","[1.2506226999976207]","['d']",0,NA,39,1,0,"Negative",42,80,62,99,62,100,20,19,20,20,0,2,"Negative",0.85,0.891891891891892,0.89676746749974,0.930656990410333,0.033889522910593,59,76,26
"event","h","PM cue","",NA,NA,NA,"","[1.7170200999826193]","['l']",0,NA,39,1,0,"Negative",42,80,62,99,62,100,20,19,20,20,1,2,"Negative",0.85,0.891891891891892,0.89676746749974,0.930656990410333,0.033889522910593,59,76,26
"wagon","h","PM cue","",NA,NA,NA,"","[1.6008678000071086]","['h']",1,NA,125,3,1,"Negative",98,97,99,99,99,98,1,2,1,1,1,2,"Negative",1,0.972972972972973,0.796702497503429,0.752246956755502,-0.0444555407479276,30,58,30
"teacher","h","PM cue","",NA,NA,NA,"","[1.683779000013601]","['h']",1,NA,125,3,1,"Negative",98,97,99,99,99,98,1,2,1,1,1,2,"Negative",1,0.972972972972973,0.796702497503429,0.752246956755502,-0.0444555407479276,30,58,30
"curious","h","PM cue","",NA,NA,NA,"","[1.2670612999936566]","['h']",1,NA,125,3,1,"Negative",98,97,99,99,99,98,1,2,1,1,1,2,"Negative",1,0.972972972972973,0.796702497503429,0.752246956755502,-0.0444555407479276,30,58,30
"wagon","h","PM cue","",NA,NA,NA,"","[1.3166312000248581]","['h']",1,NA,125,3,1,"Negative",98,97,99,99,99,98,1,2,1,1,1,2,"Negative",1,0.972972972972973,0.796702497503429,0.752246956755502,-0.0444555407479276,30,58,30
"curious","h","PM cue","",NA,NA,NA,"","[1.4668932000058703]","['h']",1,NA,125,3,1,"Negative",98,97,99,99,99,98,1,2,1,1,1,2,"Negative",1,0.972972972972973,0.796702497503429,0.752246956755502,-0.0444555407479276,30,58,30
"teacher","h","PM cue","",NA,NA,NA,"","[1.4501008000224829]","['h']",1,NA,125,3,1,"Negative",98,97,99,99,99,98,1,2,1,1,1,2,"Negative",1,0.972972972972973,0.796702497503429,0.752246956755502,-0.0444555407479276,30,58,30
"wagon","h","PM cue","",NA,NA,NA,"","[1.9669568999997864]","['h']",1,NA,126,3,1,"Negative",39.5,20.5,48,29,72,33,8.5,8.5,12.5,32.5,1,2,"Negative",1,0.945945945945946,0.757078655000032,1.12388432602756,0.366805671027526,39,67,29
"teacher","h","PM cue","",NA,NA,NA,"","[2.5336189000008744]","['h']",1,NA,126,3,1,"Negative",39.5,20.5,48,29,72,33,8.5,8.5,12.5,32.5,0,2,"Negative",1,0.945945945945946,0.757078655000032,1.12388432602756,0.366805671027526,39,67,29
"curious","h","PM cue","",NA,NA,NA,"","[1.8170767999999953]","['h']",1,NA,126,3,1,"Negative",39.5,20.5,48,29,72,33,8.5,8.5,12.5,32.5,1,2,"Negative",1,0.945945945945946,0.757078655000032,1.12388432602756,0.366805671027526,39,67,29
"wagon","h","PM cue","",NA,NA,NA,"","[1.684088800000609]","['h']",1,NA,126,3,1,"Negative",39.5,20.5,48,29,72,33,8.5,8.5,12.5,32.5,1,2,"Negative",1,0.945945945945946,0.757078655000032,1.12388432602756,0.366805671027526,39,67,29
"curious","h","PM cue","",NA,NA,NA,"","[2.400706500000524]","['h']",1,NA,126,3,1,"Negative",39.5,20.5,48,29,72,33,8.5,8.5,12.5,32.5,1,2,"Negative",1,0.945945945945946,0.757078655000032,1.12388432602756,0.366805671027526,39,67,29
"teacher","h","PM cue","",NA,NA,NA,"","[]","None",0,NA,126,3,0,"Negative",39.5,20.5,48,29,72,33,8.5,8.5,12.5,32.5,0,2,"Negative",1,0.945945945945946,0.757078655000032,1.12388432602756,0.366805671027526,39,67,29
"detail","h","PM cue","",NA,NA,NA,"","[1.3839838999847416]","['h']",1,NA,127,2,1,"Negative",89,27.5,94,29,95,25,5,1.5,-2.5,6,1,2,"Negative",1,0.986486486486487,0.755996702499397,0.936144513698384,0.180147811198987,52,81,30
"village","h","PM cue","",NA,NA,NA,"","[1.633934000012232]","['h']",1,NA,127,2,1,"Negative",89,27.5,94,29,95,25,5,1.5,-2.5,6,1,2,"Negative",1,0.986486486486487,0.755996702499397,0.936144513698384,0.180147811198987,52,81,30
"circle","h","PM cue","",NA,NA,NA,"","[1.5003030999796465]","['h']",1,NA,127,2,1,"Negative",89,27.5,94,29,95,25,5,1.5,-2.5,6,1,2,"Negative",1,0.986486486486487,0.755996702499397,0.936144513698384,0.180147811198987,52,81,30
"detail","h","PM cue","",NA,NA,NA,"","[1.483303099987097]","['h']",1,NA,127,2,1,"Negative",89,27.5,94,29,95,25,5,1.5,-2.5,6,1,2,"Negative",1,0.986486486486487,0.755996702499397,0.936144513698384,0.180147811198987,52,81,30
"circle","h","PM cue","",NA,NA,NA,"","[1.6170939999865368]","['h']",1,NA,127,2,1,"Negative",89,27.5,94,29,95,25,5,1.5,-2.5,6,1,2,"Negative",1,0.986486486486487,0.755996702499397,0.936144513698384,0.180147811198987,52,81,30
"village","h","PM cue","",NA,NA,NA,"","[1.250665300001856]","['h']",1,NA,127,2,1,"Negative",89,27.5,94,29,95,25,5,1.5,-2.5,6,1,2,"Negative",1,0.986486486486487,0.755996702499397,0.936144513698384,0.180147811198987,52,81,30
"bottle","h","PM cue","",NA,NA,NA,"","[]","None",0,NA,128,1,0,"Negative",60.5,50.5,30,70,29,31,-30.5,19.5,-19.5,-31.5,1,2,"Negative",0.8,0.797297297297297,1.1999594210402,1.35909905441975,0.159139633379554,59,78,31
"writer","h","PM cue","",NA,NA,NA,"","[1.8337741999421269]","['h']",1,NA,128,1,1,"Negative",60.5,50.5,30,70,29,31,-30.5,19.5,-19.5,-31.5,1,2,"Negative",0.8,0.797297297297297,1.1999594210402,1.35909905441975,0.159139633379554,59,78,31
"event","h","PM cue","",NA,NA,NA,"","[2.083861600025557]","['l']",0,NA,128,1,0,"Negative",60.5,50.5,30,70,29,31,-30.5,19.5,-19.5,-31.5,0,2,"Negative",0.8,0.797297297297297,1.1999594210402,1.35909905441975,0.159139633379554,59,78,31
"writer","h","PM cue","",NA,NA,NA,"","[1.6338647999800742]","['h']",1,NA,128,1,1,"Negative",60.5,50.5,30,70,29,31,-30.5,19.5,-19.5,-31.5,1,2,"Negative",0.8,0.797297297297297,1.1999594210402,1.35909905441975,0.159139633379554,59,78,31
"bottle","h","PM cue","",NA,NA,NA,"","[1.783584599965252]","['h']",1,NA,128,1,1,"Negative",60.5,50.5,30,70,29,31,-30.5,19.5,-19.5,-31.5,1,2,"Negative",0.8,0.797297297297297,1.1999594210402,1.35909905441975,0.159139633379554,59,78,31
"event","h","PM cue","",NA,NA,NA,"","[1.316804499947466]","['d']",0,NA,128,1,0,"Negative",60.5,50.5,30,70,29,31,-30.5,19.5,-19.5,-31.5,0,2,"Negative",0.8,0.797297297297297,1.1999594210402,1.35909905441975,0.159139633379554,59,78,31
"detail","h","PM cue","",NA,NA,NA,"","[2.2504273999948055]","['h']",1,NA,129,2,1,"Negative",82,9.5,91,10,92,9,9,0.5,-0.5,10,1,2,"Negative",0.825,0.932432432432432,1.06199987947893,1.21529012878285,0.15329024930392,36,66,29
"village","h","PM cue","",NA,NA,NA,"","[1.7503954998683184]","['h']",1,NA,129,2,1,"Negative",82,9.5,91,10,92,9,9,0.5,-0.5,10,1,2,"Negative",0.825,0.932432432432432,1.06199987947893,1.21529012878285,0.15329024930392,36,66,29
"circle","h","PM cue","",NA,NA,NA,"","[2.383661099942401]","['l']",0,NA,129,2,0,"Negative",82,9.5,91,10,92,9,9,0.5,-0.5,10,1,2,"Negative",0.825,0.932432432432432,1.06199987947893,1.21529012878285,0.15329024930392,36,66,29
"detail","h","PM cue","",NA,NA,NA,"","[2.216993800131604]","['h']",1,NA,129,2,1,"Negative",82,9.5,91,10,92,9,9,0.5,-0.5,10,1,2,"Negative",0.825,0.932432432432432,1.06199987947893,1.21529012878285,0.15329024930392,36,66,29
"circle","h","PM cue","",NA,NA,NA,"","[1.5837208998855203]","['h']",1,NA,129,2,1,"Negative",82,9.5,91,10,92,9,9,0.5,-0.5,10,1,2,"Negative",0.825,0.932432432432432,1.06199987947893,1.21529012878285,0.15329024930392,36,66,29
"village","h","PM cue","",NA,NA,NA,"","[1.7502255998551846]","['h']",1,NA,129,2,1,"Negative",82,9.5,91,10,92,9,9,0.5,-0.5,10,1,2,"Negative",0.825,0.932432432432432,1.06199987947893,1.21529012878285,0.15329024930392,36,66,29
"detail","h","PM cue","",NA,NA,NA,"","[0.8173769999993965]","['l']",0,NA,13,2,0,"Negative",85.5,78.5,47,61,62,60,-38.5,-17.5,-18.5,-23.5,1,1,"Negative",0.975,0.945945945945946,0.987179544975515,0.979373356752173,-0.00780618822334234,54,78,NA
"village","h","PM cue","",NA,NA,NA,"","[1.6998387000057846]","['l']",0,NA,13,2,0,"Negative",85.5,78.5,47,61,62,60,-38.5,-17.5,-18.5,-23.5,1,1,"Negative",0.975,0.945945945945946,0.987179544975515,0.979373356752173,-0.00780618822334234,54,78,NA
"circle","h","PM cue","",NA,NA,NA,"","[0.7672592999879271]","['l']",0,NA,13,2,0,"Negative",85.5,78.5,47,61,62,60,-38.5,-17.5,-18.5,-23.5,1,1,"Negative",0.975,0.945945945945946,0.987179544975515,0.979373356752173,-0.00780618822334234,54,78,NA
"detail","h","PM cue","",NA,NA,NA,"","[0.9839020000072196]","['l']",0,NA,13,2,0,"Negative",85.5,78.5,47,61,62,60,-38.5,-17.5,-18.5,-23.5,1,1,"Negative",0.975,0.945945945945946,0.987179544975515,0.979373356752173,-0.00780618822334234,54,78,NA
"circle","h","PM cue","",NA,NA,NA,"","[0.7837415999965742]","['l']",0,NA,13,2,0,"Negative",85.5,78.5,47,61,62,60,-38.5,-17.5,-18.5,-23.5,1,1,"Negative",0.975,0.945945945945946,0.987179544975515,0.979373356752173,-0.00780618822334234,54,78,NA
"village","h","PM cue","",NA,NA,NA,"","[0.7004976000171155, 1.9672160000773147]","['d', 'h']",0,NA,13,2,1,"Negative",85.5,78.5,47,61,62,60,-38.5,-17.5,-18.5,-23.5,1,1,"Negative",0.975,0.945945945945946,0.987179544975515,0.979373356752173,-0.00780618822334234,54,78,NA
"wagon","h","PM cue","",NA,NA,NA,"","[1.6835504999617115]","['h']",1,NA,130,3,1,"Negative",92.5,87.5,91,86,90,87,-1.5,-1.5,-0.5,-2.5,1,2,"Negative",1,0.932432432432432,0.670361637492897,0.903962871228817,0.23360123373592,38,78,30
"teacher","h","PM cue","",NA,NA,NA,"","[1.8171618999913335]","['h']",1,NA,130,3,1,"Negative",92.5,87.5,91,86,90,87,-1.5,-1.5,-0.5,-2.5,1,2,"Negative",1,0.932432432432432,0.670361637492897,0.903962871228817,0.23360123373592,38,78,30
"curious","h","PM cue","",NA,NA,NA,"","[1.5502808999735862]","['h']",1,NA,130,3,1,"Negative",92.5,87.5,91,86,90,87,-1.5,-1.5,-0.5,-2.5,1,2,"Negative",1,0.932432432432432,0.670361637492897,0.903962871228817,0.23360123373592,38,78,30
"wagon","h","PM cue","",NA,NA,NA,"","[1.5341472000582144]","['h']",1,NA,130,3,1,"Negative",92.5,87.5,91,86,90,87,-1.5,-1.5,-0.5,-2.5,1,2,"Negative",1,0.932432432432432,0.670361637492897,0.903962871228817,0.23360123373592,38,78,30
"curious","h","PM cue","",NA,NA,NA,"","[1.883779399911873]","['h']",1,NA,130,3,1,"Negative",92.5,87.5,91,86,90,87,-1.5,-1.5,-0.5,-2.5,1,2,"Negative",1,0.932432432432432,0.670361637492897,0.903962871228817,0.23360123373592,38,78,30
"teacher","h","PM cue","",NA,NA,NA,"","[1.4172834999626502]","['h']",1,NA,130,3,1,"Negative",92.5,87.5,91,86,90,87,-1.5,-1.5,-0.5,-2.5,1,2,"Negative",1,0.932432432432432,0.670361637492897,0.903962871228817,0.23360123373592,38,78,30
"detail","h","PM cue","",NA,NA,NA,"","[1.5504149999997026]","['l']",0,NA,131,2,0,"Negative",91.5,39.5,90,NA,89,NA,-1.5,NA,NA,-2.5,1,2,"Negative",0.6,0.945945945945946,0.870395712000245,0.947648944444356,0.077253232444111,39,65,28
"village","h","PM cue","",NA,NA,NA,"","[1.2169657000013103, 1.8837614000003668]","['d', 'h']",0,NA,131,2,1,"Negative",91.5,39.5,90,NA,89,NA,-1.5,NA,NA,-2.5,1,2,"Negative",0.6,0.945945945945946,0.870395712000245,0.947648944444356,0.077253232444111,39,65,28
"circle","h","PM cue","",NA,NA,NA,"","[0.7501720000000205, 1.4670984000003955]","['d', 'h']",0,NA,131,2,1,"Negative",91.5,39.5,90,NA,89,NA,-1.5,NA,NA,-2.5,1,2,"Negative",0.6,0.945945945945946,0.870395712000245,0.947648944444356,0.077253232444111,39,65,28
"detail","h","PM cue","",NA,NA,NA,"","[1.5337543999994523]","['l']",0,NA,131,2,0,"Negative",91.5,39.5,90,NA,89,NA,-1.5,NA,NA,-2.5,1,2,"Negative",0.6,0.945945945945946,0.870395712000245,0.947648944444356,0.077253232444111,39,65,28
"circle","h","PM cue","",NA,NA,NA,"","[2.1172674000008556]","['l']",0,NA,131,2,0,"Negative",91.5,39.5,90,NA,89,NA,-1.5,NA,NA,-2.5,1,2,"Negative",0.6,0.945945945945946,0.870395712000245,0.947648944444356,0.077253232444111,39,65,28
"village","h","PM cue","",NA,NA,NA,"","[0.7836284000004525, 1.7003272999991168]","['d', 'h']",0,NA,131,2,1,"Negative",91.5,39.5,90,NA,89,NA,-1.5,NA,NA,-2.5,1,2,"Negative",0.6,0.945945945945946,0.870395712000245,0.947648944444356,0.077253232444111,39,65,28
"wagon","h","PM cue","",NA,NA,NA,"","[2.31692050001584]","['h']",1,NA,132,3,1,"Negative",51,30,34,50,52,51,-17,20,21,1,1,2,"Negative",1,0.878378378378378,0.929679979986395,1.15026945571881,0.220589475732413,39,73,29
"teacher","h","PM cue","",NA,NA,NA,"","[1.6334831999847665, 1.8668531000148505]","['d', 'h']",0,NA,132,3,1,"Negative",51,30,34,50,52,51,-17,20,21,1,1,2,"Negative",1,0.878378378378378,0.929679979986395,1.15026945571881,0.220589475732413,39,73,29
"curious","h","PM cue","",NA,NA,NA,"","[]","None",0,NA,132,3,0,"Negative",51,30,34,50,52,51,-17,20,21,1,1,2,"Negative",1,0.878378378378378,0.929679979986395,1.15026945571881,0.220589475732413,39,73,29
"wagon","h","PM cue","",NA,NA,NA,"","[1.8338040000526235]","['h']",1,NA,132,3,1,"Negative",51,30,34,50,52,51,-17,20,21,1,1,2,"Negative",1,0.878378378378378,0.929679979986395,1.15026945571881,0.220589475732413,39,73,29
"curious","h","PM cue","",NA,NA,NA,"","[2.7166255000047386]","['h']",1,NA,132,3,1,"Negative",51,30,34,50,52,51,-17,20,21,1,1,2,"Negative",1,0.878378378378378,0.929679979986395,1.15026945571881,0.220589475732413,39,73,29
"teacher","h","PM cue","",NA,NA,NA,"","[1.7170121999224648]","['h']",1,NA,132,3,1,"Negative",51,30,34,50,52,51,-17,20,21,1,1,2,"Negative",1,0.878378378378378,0.929679979986395,1.15026945571881,0.220589475732413,39,73,29
"bottle","h","PM cue","",NA,NA,NA,"","[1.2502226000651717]","['l']",0,NA,133,1,0,"Negative",50,49,52,50,54,30,2,1,-19,4,1,2,"Negative",0.85,0.945945945945946,1.38600874323448,1.30573266848431,-0.0802760747501761,32,86,28
"writer","h","PM cue","",NA,NA,NA,"","[2.483668199973181]","['h']",1,NA,133,1,1,"Negative",50,49,52,50,54,30,2,1,-19,4,1,2,"Negative",0.85,0.945945945945946,1.38600874323448,1.30573266848431,-0.0802760747501761,32,86,28
"event","h","PM cue","",NA,NA,NA,"","[1.0337094999849796]","['l']",0,NA,133,1,0,"Negative",50,49,52,50,54,30,2,1,-19,4,1,2,"Negative",0.85,0.945945945945946,1.38600874323448,1.30573266848431,-0.0802760747501761,32,86,28
"writer","h","PM cue","",NA,NA,NA,"","[1.8174577000318095]","['h']",1,NA,133,1,1,"Negative",50,49,52,50,54,30,2,1,-19,4,1,2,"Negative",0.85,0.945945945945946,1.38600874323448,1.30573266848431,-0.0802760747501761,32,86,28
"bottle","h","PM cue","",NA,NA,NA,"","[2.1667672999901697]","['h']",1,NA,133,1,1,"Negative",50,49,52,50,54,30,2,1,-19,4,1,2,"Negative",0.85,0.945945945945946,1.38600874323448,1.30573266848431,-0.0802760747501761,32,86,28
"event","h","PM cue","",NA,NA,NA,"","[1.2172091999091208]","['l']",0,NA,133,1,0,"Negative",50,49,52,50,54,30,2,1,-19,4,1,2,"Negative",0.85,0.945945945945946,1.38600874323448,1.30573266848431,-0.0802760747501761,32,86,28
"bottle","h","PM cue","",NA,NA,NA,"","[]","None",0,NA,134,1,0,"Negative",62,53,69,69,66,50,7,16,-3,4,0,2,"Negative",0.9,0.932432432432432,0.864624257496325,1.06096667777294,0.196342420276617,35,60,27
"writer","h","PM cue","",NA,NA,NA,"","[0.9013659000629559]","['d']",0,NA,134,1,0,"Negative",62,53,69,69,66,50,7,16,-3,4,1,2,"Negative",0.9,0.932432432432432,0.864624257496325,1.06096667777294,0.196342420276617,35,60,27
"event","h","PM cue","",NA,NA,NA,"","[1.5504566999152303, 2.1670474999118596]","['h', 'l']",1,NA,134,1,1,"Negative",62,53,69,69,66,50,7,16,-3,4,1,2,"Negative",0.9,0.932432432432432,0.864624257496325,1.06096667777294,0.196342420276617,35,60,27
"writer","h","PM cue","",NA,NA,NA,"","[2.033967800089158, 2.533854200039059]","['l', 'h']",0,NA,134,1,1,"Negative",62,53,69,69,66,50,7,16,-3,4,1,2,"Negative",0.9,0.932432432432432,0.864624257496325,1.06096667777294,0.196342420276617,35,60,27
"bottle","h","PM cue","",NA,NA,NA,"","[1.4340557000832632, 2.6508303000591695]","['l', 'h']",0,NA,134,1,1,"Negative",62,53,69,69,66,50,7,16,-3,4,0,2,"Negative",0.9,0.932432432432432,0.864624257496325,1.06096667777294,0.196342420276617,35,60,27
"event","h","PM cue","",NA,NA,NA,"","[1.2004312999779359, 1.9504790999926627]","['l', 'h']",0,NA,134,1,1,"Negative",62,53,69,69,66,50,7,16,-3,4,1,2,"Negative",0.9,0.932432432432432,0.864624257496325,1.06096667777294,0.196342420276617,35,60,27
"detail","h","PM cue","",NA,NA,NA,"","[2.9502608999609947]","['l']",0,NA,135,2,0,"Negative",99,99.5,100,100,100,99,1,0.5,-0.5,1,1,2,"Negative",0.95,0.932432432432432,0.728200571808534,1.08296841528014,0.35476784347161,30,66,30
"village","h","PM cue","",NA,NA,NA,"","[1.517348200082779]","['h']",1,NA,135,2,1,"Negative",99,99.5,100,100,100,99,1,0.5,-0.5,1,1,2,"Negative",0.95,0.932432432432432,0.728200571808534,1.08296841528014,0.35476784347161,30,66,30
"circle","h","PM cue","",NA,NA,NA,"","[1.733678099932149]","['h']",1,NA,135,2,1,"Negative",99,99.5,100,100,100,99,1,0.5,-0.5,1,1,2,"Negative",0.95,0.932432432432432,0.728200571808534,1.08296841528014,0.35476784347161,30,66,30
"detail","h","PM cue","",NA,NA,NA,"","[1.7001645000418648]","['h']",1,NA,135,2,1,"Negative",99,99.5,100,100,100,99,1,0.5,-0.5,1,1,2,"Negative",0.95,0.932432432432432,0.728200571808534,1.08296841528014,0.35476784347161,30,66,30
"circle","h","PM cue","",NA,NA,NA,"","[2.333624300081283]","['h']",1,NA,135,2,1,"Negative",99,99.5,100,100,100,99,1,0.5,-0.5,1,1,2,"Negative",0.95,0.932432432432432,0.728200571808534,1.08296841528014,0.35476784347161,30,66,30
"village","h","PM cue","",NA,NA,NA,"","[1.4330172999761999]","['h']",1,NA,135,2,1,"Negative",99,99.5,100,100,100,99,1,0.5,-0.5,1,1,2,"Negative",0.95,0.932432432432432,0.728200571808534,1.08296841528014,0.35476784347161,30,66,30
"wagon","h","PM cue","",NA,NA,NA,"","[2.6169858000357635, 2.7335130000137724]","['d', 'd']",0,NA,136,3,0,"Negative",91,72.5,89,54,75,77,-2,-18.5,4.5,-16,1,2,"Negative",1,0.972972972972973,0.924934564997966,0.971730746482138,0.0467961814841723,41,93,27
"teacher","h","PM cue","",NA,NA,NA,"","[1.40019429998938]","['h']",1,NA,136,3,1,"Negative",91,72.5,89,54,75,77,-2,-18.5,4.5,-16,1,2,"Negative",1,0.972972972972973,0.924934564997966,0.971730746482138,0.0467961814841723,41,93,27
"curious","h","PM cue","",NA,NA,NA,"","[1.5503071999992244]","['h']",1,NA,136,3,1,"Negative",91,72.5,89,54,75,77,-2,-18.5,4.5,-16,1,2,"Negative",1,0.972972972972973,0.924934564997966,0.971730746482138,0.0467961814841723,41,93,27
"wagon","h","PM cue","",NA,NA,NA,"","[1.4003940999973565]","['h']",1,NA,136,3,1,"Negative",91,72.5,89,54,75,77,-2,-18.5,4.5,-16,1,2,"Negative",1,0.972972972972973,0.924934564997966,0.971730746482138,0.0467961814841723,41,93,27
"curious","h","PM cue","",NA,NA,NA,"","[1.8507219000020996]","['d']",0,NA,136,3,0,"Negative",91,72.5,89,54,75,77,-2,-18.5,4.5,-16,1,2,"Negative",1,0.972972972972973,0.924934564997966,0.971730746482138,0.0467961814841723,41,93,27
"teacher","h","PM cue","",NA,NA,NA,"","[1.283725300047081]","['h']",1,NA,136,3,1,"Negative",91,72.5,89,54,75,77,-2,-18.5,4.5,-16,1,2,"Negative",1,0.972972972972973,0.924934564997966,0.971730746482138,0.0467961814841723,41,93,27
"detail","h","PM cue","",NA,NA,NA,"","[]","None",0,NA,137,2,0,"Negative",81.5,30,71,30,71,30,-10.5,0,0,-10.5,1,2,"Negative",0.925,0.945945945945946,0.962908159990911,1.17670797973531,0.213799819744403,41,60,28
"village","h","PM cue","",NA,NA,NA,"","[1.833507900009863]","['h']",1,NA,137,2,1,"Negative",81.5,30,71,30,71,30,-10.5,0,0,-10.5,1,2,"Negative",0.925,0.945945945945946,0.962908159990911,1.17670797973531,0.213799819744403,41,60,28
"circle","h","PM cue","",NA,NA,NA,"","[2.9335630999412388]","['h']",1,NA,137,2,1,"Negative",81.5,30,71,30,71,30,-10.5,0,0,-10.5,1,2,"Negative",0.925,0.945945945945946,0.962908159990911,1.17670797973531,0.213799819744403,41,60,28
"detail","h","PM cue","",NA,NA,NA,"","[1.0173246000194922]","['h']",1,NA,137,2,1,"Negative",81.5,30,71,30,71,30,-10.5,0,0,-10.5,1,2,"Negative",0.925,0.945945945945946,0.962908159990911,1.17670797973531,0.213799819744403,41,60,28
"circle","h","PM cue","",NA,NA,NA,"","[1.0834887999808416]","['h']",1,NA,137,2,1,"Negative",81.5,30,71,30,71,30,-10.5,0,0,-10.5,1,2,"Negative",0.925,0.945945945945946,0.962908159990911,1.17670797973531,0.213799819744403,41,60,28
"village","h","PM cue","",NA,NA,NA,"","[1.4672558000311255]","['h']",1,NA,137,2,1,"Negative",81.5,30,71,30,71,30,-10.5,0,0,-10.5,1,2,"Negative",0.925,0.945945945945946,0.962908159990911,1.17670797973531,0.213799819744403,41,60,28
"wagon","h","PM cue","",NA,NA,NA,"","[2.917028500000015]","['h']",1,NA,138,1,1,"Negative",90,90.5,90,88,86,89,0,-2.5,-1.5,-4,1,2,"Negative",0.9,0.851351351351351,0.830041357502341,1.02711538749645,0.19707402999411,34,57,26
"teacher","h","PM cue","",NA,NA,NA,"","[1.7840070000384003]","['h']",1,NA,138,1,1,"Negative",90,90.5,90,88,86,89,0,-2.5,-1.5,-4,1,2,"Negative",0.9,0.851351351351351,0.830041357502341,1.02711538749645,0.19707402999411,34,57,26
"curious","h","PM cue","",NA,NA,NA,"","[2.2336730000097305]","['h']",1,NA,138,1,1,"Negative",90,90.5,90,88,86,89,0,-2.5,-1.5,-4,1,2,"Negative",0.9,0.851351351351351,0.830041357502341,1.02711538749645,0.19707402999411,34,57,26
"wagon","h","PM cue","",NA,NA,NA,"","[2.9002234000945464]","['h']",1,NA,138,1,1,"Negative",90,90.5,90,88,86,89,0,-2.5,-1.5,-4,1,2,"Negative",0.9,0.851351351351351,0.830041357502341,1.02711538749645,0.19707402999411,34,57,26
"curious","h","PM cue","",NA,NA,NA,"","[1.5839419000549242, 2.6503874000627548]","['h', 'l']",1,NA,138,1,1,"Negative",90,90.5,90,88,86,89,0,-2.5,-1.5,-4,1,2,"Negative",0.9,0.851351351351351,0.830041357502341,1.02711538749645,0.19707402999411,34,57,26
"teacher","h","PM cue","",NA,NA,NA,"","[1.7843991999980062]","['h']",1,NA,138,1,1,"Negative",90,90.5,90,88,86,89,0,-2.5,-1.5,-4,1,2,"Negative",0.9,0.851351351351351,0.830041357502341,1.02711538749645,0.19707402999411,34,57,26
"bottle","h","PM cue","",NA,NA,NA,"","[2.033752999966964]","['h']",1,NA,139,1,1,"Negative",53.5,66,48,54,74,51,-5.5,-12,-15,20.5,0,2,"Negative",0.975,0.986486486486487,0.900503769233369,0.985293669863732,0.0847899006303625,61,84,27
"writer","h","PM cue","",NA,NA,NA,"","[2.2671862000133842]","['h']",1,NA,139,1,1,"Negative",53.5,66,48,54,74,51,-5.5,-12,-15,20.5,0,2,"Negative",0.975,0.986486486486487,0.900503769233369,0.985293669863732,0.0847899006303625,61,84,27
"event","h","PM cue","",NA,NA,NA,"","[1.850621100049466]","['h']",1,NA,139,1,1,"Negative",53.5,66,48,54,74,51,-5.5,-12,-15,20.5,0,2,"Negative",0.975,0.986486486486487,0.900503769233369,0.985293669863732,0.0847899006303625,61,84,27
"writer","h","PM cue","",NA,NA,NA,"","[1.733682000078261]","['d']",0,NA,139,1,0,"Negative",53.5,66,48,54,74,51,-5.5,-12,-15,20.5,0,2,"Negative",0.975,0.986486486486487,0.900503769233369,0.985293669863732,0.0847899006303625,61,84,27
"bottle","h","PM cue","",NA,NA,NA,"","[1.7168846999993548]","['h']",1,NA,139,1,1,"Negative",53.5,66,48,54,74,51,-5.5,-12,-15,20.5,0,2,"Negative",0.975,0.986486486486487,0.900503769233369,0.985293669863732,0.0847899006303625,61,84,27
"event","h","PM cue","",NA,NA,NA,"","[1.6670209999429062]","['h']",1,NA,139,1,1,"Negative",53.5,66,48,54,74,51,-5.5,-12,-15,20.5,0,2,"Negative",0.975,0.986486486486487,0.900503769233369,0.985293669863732,0.0847899006303625,61,84,27
"wagon","h","PM cue","",NA,NA,NA,"","[1.0836596998851746]","['h']",1,NA,14,3,1,"Negative",56.5,96.5,49,98,47,97,-7.5,1.5,0.5,-9.5,1,1,"Negative",0.9,0.905405405405405,0.783004434983013,0.893230512171883,0.11022607718887,69,111,NA
"teacher","h","PM cue","",NA,NA,NA,"","[0.9337496000807732]","['h']",1,NA,14,3,1,"Negative",56.5,96.5,49,98,47,97,-7.5,1.5,0.5,-9.5,1,1,"Negative",0.9,0.905405405405405,0.783004434983013,0.893230512171883,0.11022607718887,69,111,NA
"curious","h","PM cue","",NA,NA,NA,"","[0.6004145999904722]","['l']",0,NA,14,3,0,"Negative",56.5,96.5,49,98,47,97,-7.5,1.5,0.5,-9.5,1,1,"Negative",0.9,0.905405405405405,0.783004434983013,0.893230512171883,0.11022607718887,69,111,NA
"wagon","h","PM cue","",NA,NA,NA,"","[0.8674843998160213]","['h']",1,NA,14,3,1,"Negative",56.5,96.5,49,98,47,97,-7.5,1.5,0.5,-9.5,1,1,"Negative",0.9,0.905405405405405,0.783004434983013,0.893230512171883,0.11022607718887,69,111,NA
"curious","h","PM cue","",NA,NA,NA,"","[0.7672401000745595]","['h']",1,NA,14,3,1,"Negative",56.5,96.5,49,98,47,97,-7.5,1.5,0.5,-9.5,1,1,"Negative",0.9,0.905405405405405,0.783004434983013,0.893230512171883,0.11022607718887,69,111,NA
"teacher","h","PM cue","",NA,NA,NA,"","[0.9673009000252932]","['h']",1,NA,14,3,1,"Negative",56.5,96.5,49,98,47,97,-7.5,1.5,0.5,-9.5,1,1,"Negative",0.9,0.905405405405405,0.783004434983013,0.893230512171883,0.11022607718887,69,111,NA
"bottle","h","PM cue","",NA,NA,NA,"","[1.5508793001063168]","['h']",1,NA,140,1,1,"Negative",72.5,69.5,70,90,70,71,-2.5,20.5,1.5,-2.5,1,2,"Negative",0.85,0.932432432432432,0.991422847512877,0.997300328384783,0.0058774808719062,40,61,31
"writer","h","PM cue","",NA,NA,NA,"","[1.2171109998598695]","['h']",1,NA,140,1,1,"Negative",72.5,69.5,70,90,70,71,-2.5,20.5,1.5,-2.5,1,2,"Negative",0.85,0.932432432432432,0.991422847512877,0.997300328384783,0.0058774808719062,40,61,31
"event","h","PM cue","",NA,NA,NA,"","[0.9840414000209421]","['h']",1,NA,140,1,1,"Negative",72.5,69.5,70,90,70,71,-2.5,20.5,1.5,-2.5,1,2,"Negative",0.85,0.932432432432432,0.991422847512877,0.997300328384783,0.0058774808719062,40,61,31
"writer","h","PM cue","",NA,NA,NA,"","[1.200420199893415]","['h']",1,NA,140,1,1,"Negative",72.5,69.5,70,90,70,71,-2.5,20.5,1.5,-2.5,1,2,"Negative",0.85,0.932432432432432,0.991422847512877,0.997300328384783,0.0058774808719062,40,61,31
"bottle","h","PM cue","",NA,NA,NA,"","[1.3341095000505447]","['h']",1,NA,140,1,1,"Negative",72.5,69.5,70,90,70,71,-2.5,20.5,1.5,-2.5,1,2,"Negative",0.85,0.932432432432432,0.991422847512877,0.997300328384783,0.0058774808719062,40,61,31
"event","h","PM cue","",NA,NA,NA,"","[1.417070200201124]","['h']",1,NA,140,1,1,"Negative",72.5,69.5,70,90,70,71,-2.5,20.5,1.5,-2.5,1,2,"Negative",0.85,0.932432432432432,0.991422847512877,0.997300328384783,0.0058774808719062,40,61,31
"detail","h","PM cue","",NA,NA,NA,"","[2.8000104000093415]","['h']",1,NA,141,2,1,"Negative",92.5,47.5,90,47,92,49,-2.5,-0.5,1.5,-0.5,1,2,"Negative",0.85,0.810810810810811,0.832152844994562,1.0484655999997,0.216312755005138,31,65,26
"village","h","PM cue","",NA,NA,NA,"","[1.4839550000615418]","['h']",1,NA,141,2,1,"Negative",92.5,47.5,90,47,92,49,-2.5,-0.5,1.5,-0.5,1,2,"Negative",0.85,0.810810810810811,0.832152844994562,1.0484655999997,0.216312755005138,31,65,26
"circle","h","PM cue","",NA,NA,NA,"","[1.2173990999581292]","['h']",1,NA,141,2,1,"Negative",92.5,47.5,90,47,92,49,-2.5,-0.5,1.5,-0.5,1,2,"Negative",0.85,0.810810810810811,0.832152844994562,1.0484655999997,0.216312755005138,31,65,26
"detail","h","PM cue","",NA,NA,NA,"","[1.817479700082913]","['h']",1,NA,141,2,1,"Negative",92.5,47.5,90,47,92,49,-2.5,-0.5,1.5,-0.5,1,2,"Negative",0.85,0.810810810810811,0.832152844994562,1.0484655999997,0.216312755005138,31,65,26
"circle","h","PM cue","",NA,NA,NA,"","[1.2343288999982178]","['h']",1,NA,141,2,1,"Negative",92.5,47.5,90,47,92,49,-2.5,-0.5,1.5,-0.5,1,2,"Negative",0.85,0.810810810810811,0.832152844994562,1.0484655999997,0.216312755005138,31,65,26
"village","h","PM cue","",NA,NA,NA,"","[1.2838525000261143]","['h']",1,NA,141,2,1,"Negative",92.5,47.5,90,47,92,49,-2.5,-0.5,1.5,-0.5,1,2,"Negative",0.85,0.810810810810811,0.832152844994562,1.0484655999997,0.216312755005138,31,65,26
"wagon","h","PM cue","",NA,NA,NA,"","[1.450507799978368]","['h']",1,NA,142,3,1,"Negative",82.5,56,71,24,82,60,-11.5,-32,4,-0.5,1,2,"Negative",1,0.972972972972973,0.841733467501763,0.940498836113774,0.098765368612011,36,58,30
"teacher","h","PM cue","",NA,NA,NA,"","[1.750022899999749]","['h']",1,NA,142,3,1,"Negative",82.5,56,71,24,82,60,-11.5,-32,4,-0.5,1,2,"Negative",1,0.972972972972973,0.841733467501763,0.940498836113774,0.098765368612011,36,58,30
"curious","h","PM cue","",NA,NA,NA,"","[0.9333979999646544]","['l']",0,NA,142,3,0,"Negative",82.5,56,71,24,82,60,-11.5,-32,4,-0.5,0,2,"Negative",1,0.972972972972973,0.841733467501763,0.940498836113774,0.098765368612011,36,58,30
"wagon","h","PM cue","",NA,NA,NA,"","[1.4340731000411324]","['h']",1,NA,142,3,1,"Negative",82.5,56,71,24,82,60,-11.5,-32,4,-0.5,1,2,"Negative",1,0.972972972972973,0.841733467501763,0.940498836113774,0.098765368612011,36,58,30
"curious","h","PM cue","",NA,NA,NA,"","[1.3170818999642506]","['l']",0,NA,142,3,0,"Negative",82.5,56,71,24,82,60,-11.5,-32,4,-0.5,0,2,"Negative",1,0.972972972972973,0.841733467501763,0.940498836113774,0.098765368612011,36,58,30
"teacher","h","PM cue","",NA,NA,NA,"","[1.516952299978584]","['h']",1,NA,142,3,1,"Negative",82.5,56,71,24,82,60,-11.5,-32,4,-0.5,1,2,"Negative",1,0.972972972972973,0.841733467501763,0.940498836113774,0.098765368612011,36,58,30
"detail","h","PM cue","",NA,NA,NA,"","[0.6674038999481127]","['l']",0,NA,143,2,0,"Negative",74,67,36,52,55,54,-38,-15,-13,-19,1,2,"Negative",1,0.932432432432432,0.649279175000265,0.762869835142172,0.113590660141907,70,76,27
"village","h","PM cue","",NA,NA,NA,"","[2.0505881999852136]","['h']",1,NA,143,2,1,"Negative",74,67,36,52,55,54,-38,-15,-13,-19,1,2,"Negative",1,0.932432432432432,0.649279175000265,0.762869835142172,0.113590660141907,70,76,27
"circle","h","PM cue","",NA,NA,NA,"","[0.6341223999625072]","['l']",0,NA,143,2,0,"Negative",74,67,36,52,55,54,-38,-15,-13,-19,1,2,"Negative",1,0.932432432432432,0.649279175000265,0.762869835142172,0.113590660141907,70,76,27
"detail","h","PM cue","",NA,NA,NA,"","[1.8838464999571443]","['h']",1,NA,143,2,1,"Negative",74,67,36,52,55,54,-38,-15,-13,-19,1,2,"Negative",1,0.932432432432432,0.649279175000265,0.762869835142172,0.113590660141907,70,76,27
"circle","h","PM cue","",NA,NA,NA,"","[]","None",0,NA,143,2,0,"Negative",74,67,36,52,55,54,-38,-15,-13,-19,1,2,"Negative",1,0.932432432432432,0.649279175000265,0.762869835142172,0.113590660141907,70,76,27
"village","h","PM cue","",NA,NA,NA,"","[2.067335100029595]","['h']",1,NA,143,2,1,"Negative",74,67,36,52,55,54,-38,-15,-13,-19,1,2,"Negative",1,0.932432432432432,0.649279175000265,0.762869835142172,0.113590660141907,70,76,27
"wagon","h","PM cue","",NA,NA,NA,"","[1.7673432999999932]","['h']",1,NA,144,3,1,"Negative",82,66,58,59,77,65,-24,-7,-1,-5,1,2,"Negative",1,0.959459459459459,0.819190775000197,0.980429785135228,0.16123901013503,42,58,31
"teacher","h","PM cue","",NA,NA,NA,"","[1.567077199999403]","['h']",1,NA,144,3,1,"Negative",82,66,58,59,77,65,-24,-7,-1,-5,1,2,"Negative",1,0.959459459459459,0.819190775000197,0.980429785135228,0.16123901013503,42,58,31
"curious","h","PM cue","",NA,NA,NA,"","[1.8502943999992567]","['h']",1,NA,144,3,1,"Negative",82,66,58,59,77,65,-24,-7,-1,-5,1,2,"Negative",1,0.959459459459459,0.819190775000197,0.980429785135228,0.16123901013503,42,58,31
"wagon","h","PM cue","",NA,NA,NA,"","[1.5336435999997775]","['h']",1,NA,144,3,1,"Negative",82,66,58,59,77,65,-24,-7,-1,-5,1,2,"Negative",1,0.959459459459459,0.819190775000197,0.980429785135228,0.16123901013503,42,58,31
"curious","h","PM cue","",NA,NA,NA,"","[1.383818500000416]","['h']",1,NA,144,3,1,"Negative",82,66,58,59,77,65,-24,-7,-1,-5,1,2,"Negative",1,0.959459459459459,0.819190775000197,0.980429785135228,0.16123901013503,42,58,31
"teacher","h","PM cue","",NA,NA,NA,"","[1.3839076999993267]","['h']",1,NA,144,3,1,"Negative",82,66,58,59,77,65,-24,-7,-1,-5,1,2,"Negative",1,0.959459459459459,0.819190775000197,0.980429785135228,0.16123901013503,42,58,31
"bottle","h","PM cue","",NA,NA,NA,"","[0.7504676000098698]","['l']",0,NA,145,1,0,"Negative",88.5,92.5,90,92,94,93,1.5,-0.5,0.5,5.5,1,2,"Negative",0.95,0.959459459459459,0.99578089999835,1.04901792567555,0.0532370256772027,36,65,31
"writer","h","PM cue","",NA,NA,NA,"","[1.783597900008317]","['h']",1,NA,145,1,1,"Negative",88.5,92.5,90,92,94,93,1.5,-0.5,0.5,5.5,0,2,"Negative",0.95,0.959459459459459,0.99578089999835,1.04901792567555,0.0532370256772027,36,65,31
"event","h","PM cue","",NA,NA,NA,"","[1.5176051000016741]","['h']",1,NA,145,1,1,"Negative",88.5,92.5,90,92,94,93,1.5,-0.5,0.5,5.5,1,2,"Negative",0.95,0.959459459459459,0.99578089999835,1.04901792567555,0.0532370256772027,36,65,31
"writer","h","PM cue","",NA,NA,NA,"","[1.2170598000229802]","['l']",0,NA,145,1,0,"Negative",88.5,92.5,90,92,94,93,1.5,-0.5,0.5,5.5,0,2,"Negative",0.95,0.959459459459459,0.99578089999835,1.04901792567555,0.0532370256772027,36,65,31
"bottle","h","PM cue","",NA,NA,NA,"","[1.5002030000032391]","['h']",1,NA,145,1,1,"Negative",88.5,92.5,90,92,94,93,1.5,-0.5,0.5,5.5,1,2,"Negative",0.95,0.959459459459459,0.99578089999835,1.04901792567555,0.0532370256772027,36,65,31
"event","h","PM cue","",NA,NA,NA,"","[1.4838695999933407]","['h']",1,NA,145,1,1,"Negative",88.5,92.5,90,92,94,93,1.5,-0.5,0.5,5.5,1,2,"Negative",0.95,0.959459459459459,0.99578089999835,1.04901792567555,0.0532370256772027,36,65,31
"bottle","h","PM cue","",NA,NA,NA,"","[]","None",0,NA,146,1,0,"Negative",91.5,41,93,70,90,44,1.5,29,3,-1.5,1,2,"Negative",0.825,0.297297297297297,0.942955544998404,0.965918480488188,0.0229629354897841,48,60,26
"writer","h","PM cue","",NA,NA,NA,"","[]","None",0,NA,146,1,0,"Negative",91.5,41,93,70,90,44,1.5,29,3,-1.5,0,2,"Negative",0.825,0.297297297297297,0.942955544998404,0.965918480488188,0.0229629354897841,48,60,26
"event","h","PM cue","",NA,NA,NA,"","[]","None",0,NA,146,1,0,"Negative",91.5,41,93,70,90,44,1.5,29,3,-1.5,0,2,"Negative",0.825,0.297297297297297,0.942955544998404,0.965918480488188,0.0229629354897841,48,60,26
"writer","h","PM cue","",NA,NA,NA,"","[0.8500085999839939]","['d']",0,NA,146,1,0,"Negative",91.5,41,93,70,90,44,1.5,29,3,-1.5,0,2,"Negative",0.825,0.297297297297297,0.942955544998404,0.965918480488188,0.0229629354897841,48,60,26
"bottle","h","PM cue","",NA,NA,NA,"","[1.650345699978061]","['d']",0,NA,146,1,0,"Negative",91.5,41,93,70,90,44,1.5,29,3,-1.5,1,2,"Negative",0.825,0.297297297297297,0.942955544998404,0.965918480488188,0.0229629354897841,48,60,26
"event","h","PM cue","",NA,NA,NA,"","[1.1171651000040583]","['l']",0,NA,146,1,0,"Negative",91.5,41,93,70,90,44,1.5,29,3,-1.5,0,2,"Negative",0.825,0.297297297297297,0.942955544998404,0.965918480488188,0.0229629354897841,48,60,26
"detail","h","PM cue","",NA,NA,NA,"","[0.9172594000119716]","['l']",0,NA,147,2,0,"Negative",69.5,60.5,74,67,71,70,4.5,6.5,9.5,1.5,1,2,"Negative",1,0.932432432432432,0.665767182497075,0.870712252045114,0.204945069548039,28,68,29
"village","h","PM cue","",NA,NA,NA,"","[1.417022200068459]","['h']",1,NA,147,2,1,"Negative",69.5,60.5,74,67,71,70,4.5,6.5,9.5,1.5,1,2,"Negative",1,0.932432432432432,0.665767182497075,0.870712252045114,0.204945069548039,28,68,29
"circle","h","PM cue","",NA,NA,NA,"","[1.9006280000321567]","['h']",1,NA,147,2,1,"Negative",69.5,60.5,74,67,71,70,4.5,6.5,9.5,1.5,1,2,"Negative",1,0.932432432432432,0.665767182497075,0.870712252045114,0.204945069548039,28,68,29
"detail","h","PM cue","",NA,NA,NA,"","[1.3002858000108972]","['h']",1,NA,147,2,1,"Negative",69.5,60.5,74,67,71,70,4.5,6.5,9.5,1.5,1,2,"Negative",1,0.932432432432432,0.665767182497075,0.870712252045114,0.204945069548039,28,68,29
"circle","h","PM cue","",NA,NA,NA,"","[1.5169740000274032]","['h']",1,NA,147,2,1,"Negative",69.5,60.5,74,67,71,70,4.5,6.5,9.5,1.5,1,2,"Negative",1,0.932432432432432,0.665767182497075,0.870712252045114,0.204945069548039,28,68,29
"village","h","PM cue","",NA,NA,NA,"","[1.2171954000368714]","['h']",1,NA,147,2,1,"Negative",69.5,60.5,74,67,71,70,4.5,6.5,9.5,1.5,1,2,"Negative",1,0.932432432432432,0.665767182497075,0.870712252045114,0.204945069548039,28,68,29
"wagon","h","PM cue","",NA,NA,NA,"","[1.0003855000250041]","['l']",0,NA,148,3,0,"Negative",81.5,36.5,18,68,73,73,-63.5,31.5,36.5,-8.5,1,2,"Negative",0.925,0.918918918918919,0.753068907894837,0.969745419178739,0.216676511283901,45,72,27
"teacher","h","PM cue","",NA,NA,NA,"","[1.2839147000049707]","['h']",1,NA,148,3,1,"Negative",81.5,36.5,18,68,73,73,-63.5,31.5,36.5,-8.5,1,2,"Negative",0.925,0.918918918918919,0.753068907894837,0.969745419178739,0.216676511283901,45,72,27
"curious","h","PM cue","",NA,NA,NA,"","[1.7669768999912776]","['h']",1,NA,148,3,1,"Negative",81.5,36.5,18,68,73,73,-63.5,31.5,36.5,-8.5,1,2,"Negative",0.925,0.918918918918919,0.753068907894837,0.969745419178739,0.216676511283901,45,72,27
"wagon","h","PM cue","",NA,NA,NA,"","[1.1672735000029206]","['l']",0,NA,148,3,0,"Negative",81.5,36.5,18,68,73,73,-63.5,31.5,36.5,-8.5,1,2,"Negative",0.925,0.918918918918919,0.753068907894837,0.969745419178739,0.216676511283901,45,72,27
"curious","h","PM cue","",NA,NA,NA,"","[1.1175641999871004]","['l']",0,NA,148,3,0,"Negative",81.5,36.5,18,68,73,73,-63.5,31.5,36.5,-8.5,1,2,"Negative",0.925,0.918918918918919,0.753068907894837,0.969745419178739,0.216676511283901,45,72,27
"teacher","h","PM cue","",NA,NA,NA,"","[1.4336632000049576]","['h']",1,NA,148,3,1,"Negative",81.5,36.5,18,68,73,73,-63.5,31.5,36.5,-8.5,1,2,"Negative",0.925,0.918918918918919,0.753068907894837,0.969745419178739,0.216676511283901,45,72,27
"detail","h","PM cue","",NA,NA,NA,"","[2.7167005999945104]","['h']",1,NA,149,2,1,"Negative",61,50,73,68,70,70,12,18,20,9,0,2,"Negative",0.825,0.837837837837838,1.03289761999185,1.06067819583809,0.0277805758462313,40,75,26
"village","h","PM cue","",NA,NA,NA,"","[2.199962000013329]","['h']",1,NA,149,2,1,"Negative",61,50,73,68,70,70,12,18,20,9,1,2,"Negative",0.825,0.837837837837838,1.03289761999185,1.06067819583809,0.0277805758462313,40,75,26
"circle","h","PM cue","",NA,NA,NA,"","[1.4668065000441857]","['h']",1,NA,149,2,1,"Negative",61,50,73,68,70,70,12,18,20,9,1,2,"Negative",0.825,0.837837837837838,1.03289761999185,1.06067819583809,0.0277805758462313,40,75,26
"detail","h","PM cue","",NA,NA,NA,"","[2.266721999971196]","['h']",1,NA,149,2,1,"Negative",61,50,73,68,70,70,12,18,20,9,0,2,"Negative",0.825,0.837837837837838,1.03289761999185,1.06067819583809,0.0277805758462313,40,75,26
"circle","h","PM cue","",NA,NA,NA,"","[1.483780200011097]","['h']",1,NA,149,2,1,"Negative",61,50,73,68,70,70,12,18,20,9,1,2,"Negative",0.825,0.837837837837838,1.03289761999185,1.06067819583809,0.0277805758462313,40,75,26
"village","h","PM cue","",NA,NA,NA,"","[1.7003498999984004]","['h']",1,NA,149,2,1,"Negative",61,50,73,68,70,70,12,18,20,9,1,2,"Negative",0.825,0.837837837837838,1.03289761999185,1.06067819583809,0.0277805758462313,40,75,26
"bottle","h","PM cue","",NA,NA,NA,"","[1.3670873999362811]","['h']",1,NA,15,1,1,"Negative",56.5,50,34,43,29,49,-22.5,-7,-1,-27.5,1,1,"Negative",0.975,0.959459459459459,0.657430922496133,0.747559098643251,0.0901281761471182,68,102,NA
"writer","h","PM cue","",NA,NA,NA,"","[0.46708510001190007, 1.4338023000163957]","['l', 'h']",0,NA,15,1,1,"Negative",56.5,50,34,43,29,49,-22.5,-7,-1,-27.5,1,1,"Negative",0.975,0.959459459459459,0.657430922496133,0.747559098643251,0.0901281761471182,68,102,NA
"event","h","PM cue","",NA,NA,NA,"","[0.6841265999246389]","['l']",0,NA,15,1,0,"Negative",56.5,50,34,43,29,49,-22.5,-7,-1,-27.5,0,1,"Negative",0.975,0.959459459459459,0.657430922496133,0.747559098643251,0.0901281761471182,68,102,NA
"writer","h","PM cue","",NA,NA,NA,"","[1.133899400010705]","['h']",1,NA,15,1,1,"Negative",56.5,50,34,43,29,49,-22.5,-7,-1,-27.5,1,1,"Negative",0.975,0.959459459459459,0.657430922496133,0.747559098643251,0.0901281761471182,68,102,NA
"bottle","h","PM cue","",NA,NA,NA,"","[1.3004222000017762]","['h']",1,NA,15,1,1,"Negative",56.5,50,34,43,29,49,-22.5,-7,-1,-27.5,1,1,"Negative",0.975,0.959459459459459,0.657430922496133,0.747559098643251,0.0901281761471182,68,102,NA
"event","h","PM cue","",NA,NA,NA,"","[0.8006315000820905]","['l']",0,NA,15,1,0,"Negative",56.5,50,34,43,29,49,-22.5,-7,-1,-27.5,0,1,"Negative",0.975,0.959459459459459,0.657430922496133,0.747559098643251,0.0901281761471182,68,102,NA
"wagon","h","PM cue","",NA,NA,NA,"","[0.883664500026498, 2.3499408999923617]","['l', 'h']",0,NA,150,3,1,"Negative",89.5,84.5,67,70,81,83,-22.5,-14.5,-1.5,-8.5,1,2,"Negative",1,1,0.639285012499022,0.859908186487627,0.220623173988605,61,56,28
"teacher","h","PM cue","",NA,NA,NA,"","[1.333735299995169]","['h']",1,NA,150,3,1,"Negative",89.5,84.5,67,70,81,83,-22.5,-14.5,-1.5,-8.5,1,2,"Negative",1,1,0.639285012499022,0.859908186487627,0.220623173988605,61,56,28
"curious","h","PM cue","",NA,NA,NA,"","[1.517141000018455]","['h']",1,NA,150,3,1,"Negative",89.5,84.5,67,70,81,83,-22.5,-14.5,-1.5,-8.5,1,2,"Negative",1,1,0.639285012499022,0.859908186487627,0.220623173988605,61,56,28
"wagon","h","PM cue","",NA,NA,NA,"","[1.7505131000070833]","['h']",1,NA,150,3,1,"Negative",89.5,84.5,67,70,81,83,-22.5,-14.5,-1.5,-8.5,1,2,"Negative",1,1,0.639285012499022,0.859908186487627,0.220623173988605,61,56,28
"curious","h","PM cue","",NA,NA,NA,"","[1.467312499997206]","['h']",1,NA,150,3,1,"Negative",89.5,84.5,67,70,81,83,-22.5,-14.5,-1.5,-8.5,1,2,"Negative",1,1,0.639285012499022,0.859908186487627,0.220623173988605,61,56,28
"teacher","h","PM cue","",NA,NA,NA,"","[1.1505742000299506]","['h']",1,NA,150,3,1,"Negative",89.5,84.5,67,70,81,83,-22.5,-14.5,-1.5,-8.5,1,2,"Negative",1,1,0.639285012499022,0.859908186487627,0.220623173988605,61,56,28
"bottle","h","PM cue","",NA,NA,NA,"","[1.0006031000011717]","['l']",0,NA,151,1,0,"Negative",83,70,94,91,49,11,11,21,-59,-34,1,2,"Negative",0.85,0.837837837837838,1.02727134102581,1.13262268783797,0.105351346812162,55,58,26
"writer","h","PM cue","",NA,NA,NA,"","[1.167060700001457]","['l']",0,NA,151,1,0,"Negative",83,70,94,91,49,11,11,21,-59,-34,1,2,"Negative",0.85,0.837837837837838,1.02727134102581,1.13262268783797,0.105351346812162,55,58,26
"event","h","PM cue","",NA,NA,NA,"","[0.9507233000003907]","['l']",0,NA,151,1,0,"Negative",83,70,94,91,49,11,11,21,-59,-34,1,2,"Negative",0.85,0.837837837837838,1.02727134102581,1.13262268783797,0.105351346812162,55,58,26
"writer","h","PM cue","",NA,NA,NA,"","[1.2837856000005559]","['l']",0,NA,151,1,0,"Negative",83,70,94,91,49,11,11,21,-59,-34,1,2,"Negative",0.85,0.837837837837838,1.02727134102581,1.13262268783797,0.105351346812162,55,58,26
"bottle","h","PM cue","",NA,NA,NA,"","[1.5007465000016964]","['d']",0,NA,151,1,0,"Negative",83,70,94,91,49,11,11,21,-59,-34,1,2,"Negative",0.85,0.837837837837838,1.02727134102581,1.13262268783797,0.105351346812162,55,58,26
"event","h","PM cue","",NA,NA,NA,"","[1.2004197999995085]","['d']",0,NA,151,1,0,"Negative",83,70,94,91,49,11,11,21,-59,-34,1,2,"Negative",0.85,0.837837837837838,1.02727134102581,1.13262268783797,0.105351346812162,55,58,26
"bottle","h","PM cue","",NA,NA,NA,"","[0.5671245000012277]","['l']",0,NA,152,1,0,"Negative",70,51,30,72,50,30,-40,21,-21,-20,1,2,"Negative",0.925,0.918918918918919,0.719358402500438,1.04020959859144,0.320851196091001,56,72,26
"writer","h","PM cue","",NA,NA,NA,"","[0.8499971999990521]","['l']",0,NA,152,1,0,"Negative",70,51,30,72,50,30,-40,21,-21,-20,1,2,"Negative",0.925,0.918918918918919,0.719358402500438,1.04020959859144,0.320851196091001,56,72,26
"event","h","PM cue","",NA,NA,NA,"","[1.4003386000003957]","['l']",0,NA,152,1,0,"Negative",70,51,30,72,50,30,-40,21,-21,-20,0,2,"Negative",0.925,0.918918918918919,0.719358402500438,1.04020959859144,0.320851196091001,56,72,26
"writer","h","PM cue","",NA,NA,NA,"","[1.4338003999982902]","['l']",0,NA,152,1,0,"Negative",70,51,30,72,50,30,-40,21,-21,-20,1,2,"Negative",0.925,0.918918918918919,0.719358402500438,1.04020959859144,0.320851196091001,56,72,26
"bottle","h","PM cue","",NA,NA,NA,"","[0.8177498000004562]","['l']",0,NA,152,1,0,"Negative",70,51,30,72,50,30,-40,21,-21,-20,1,2,"Negative",0.925,0.918918918918919,0.719358402500438,1.04020959859144,0.320851196091001,56,72,26
"event","h","PM cue","",NA,NA,NA,"","[1.2339023999993515]","['l']",0,NA,152,1,0,"Negative",70,51,30,72,50,30,-40,21,-21,-20,0,2,"Negative",0.925,0.918918918918919,0.719358402500438,1.04020959859144,0.320851196091001,56,72,26
"detail","h","PM cue","",NA,NA,NA,"","[1.517243199999939]","['h']",1,NA,153,2,1,"Negative",100,100,100,99,100,100,0,-1,0,0,1,2,"Negative",0.95,0.959459459459459,0.67391805384623,0.863043749315182,0.189125695468952,25,43,27
"village","h","PM cue","",NA,NA,NA,"","[1.45085250000011]","['h']",1,NA,153,2,1,"Negative",100,100,100,99,100,100,0,-1,0,0,1,2,"Negative",0.95,0.959459459459459,0.67391805384623,0.863043749315182,0.189125695468952,25,43,27
"circle","h","PM cue","",NA,NA,NA,"","[1.4671369999996386]","['h']",1,NA,153,2,1,"Negative",100,100,100,99,100,100,0,-1,0,0,0,2,"Negative",0.95,0.959459459459459,0.67391805384623,0.863043749315182,0.189125695468952,25,43,27
"detail","h","PM cue","",NA,NA,NA,"","[1.3343274999988353]","['h']",1,NA,153,2,1,"Negative",100,100,100,99,100,100,0,-1,0,0,1,2,"Negative",0.95,0.959459459459459,0.67391805384623,0.863043749315182,0.189125695468952,25,43,27
"circle","h","PM cue","",NA,NA,NA,"","[1.2505511999988812]","['h']",1,NA,153,2,1,"Negative",100,100,100,99,100,100,0,-1,0,0,0,2,"Negative",0.95,0.959459459459459,0.67391805384623,0.863043749315182,0.189125695468952,25,43,27
"village","h","PM cue","",NA,NA,NA,"","[1.6835385999984283]","['h']",1,NA,153,2,1,"Negative",100,100,100,99,100,100,0,-1,0,0,1,2,"Negative",0.95,0.959459459459459,0.67391805384623,0.863043749315182,0.189125695468952,25,43,27
"wagon","h","PM cue","",NA,NA,NA,"","[1.0175008000005619]","['l']",0,NA,154,3,0,"Negative",90.5,90,90,93,88,89,-0.5,3,-1,-2.5,1,2,"Negative",0.825,0.851351351351351,0.858336630000122,1.04391414225362,0.185577512253496,31,72,26
"teacher","h","PM cue","",NA,NA,NA,"","[0.9503864999969664]","['d']",0,NA,154,3,0,"Negative",90.5,90,90,93,88,89,-0.5,3,-1,-2.5,1,2,"Negative",0.825,0.851351351351351,0.858336630000122,1.04391414225362,0.185577512253496,31,72,26
"curious","h","PM cue","",NA,NA,NA,"","[0.9840512000009767]","['d']",0,NA,154,3,0,"Negative",90.5,90,90,93,88,89,-0.5,3,-1,-2.5,1,2,"Negative",0.825,0.851351351351351,0.858336630000122,1.04391414225362,0.185577512253496,31,72,26
"wagon","h","PM cue","",NA,NA,NA,"","[0.7837629999994533]","['d']",0,NA,154,3,0,"Negative",90.5,90,90,93,88,89,-0.5,3,-1,-2.5,1,2,"Negative",0.825,0.851351351351351,0.858336630000122,1.04391414225362,0.185577512253496,31,72,26
"curious","h","PM cue","",NA,NA,NA,"","[0.8338136000020313]","['d']",0,NA,154,3,0,"Negative",90.5,90,90,93,88,89,-0.5,3,-1,-2.5,1,2,"Negative",0.825,0.851351351351351,0.858336630000122,1.04391414225362,0.185577512253496,31,72,26
"teacher","h","PM cue","",NA,NA,NA,"","[0.9167591000004904]","['d']",0,NA,154,3,0,"Negative",90.5,90,90,93,88,89,-0.5,3,-1,-2.5,1,2,"Negative",0.825,0.851351351351351,0.858336630000122,1.04391414225362,0.185577512253496,31,72,26
"detail","h","PM cue","",NA,NA,NA,"","[1.6003748000002815]","['l']",0,NA,155,2,0,"Negative",71,16,33,51,32,69,-38,35,53,-39,1,2,"Negative",0.975,0.986486486486487,0.8980338450001,0.984058756756821,0.0860249117567209,86,97,28
"village","h","PM cue","",NA,NA,NA,"","[0.7829617000006692]","['h']",1,NA,155,2,1,"Negative",71,16,33,51,32,69,-38,35,53,-39,1,2,"Negative",0.975,0.986486486486487,0.8980338450001,0.984058756756821,0.0860249117567209,86,97,28
"circle","h","PM cue","",NA,NA,NA,"","[1.1838354999999865]","['h']",1,NA,155,2,1,"Negative",71,16,33,51,32,69,-38,35,53,-39,1,2,"Negative",0.975,0.986486486486487,0.8980338450001,0.984058756756821,0.0860249117567209,86,97,28
"detail","h","PM cue","",NA,NA,NA,"","[0.8000971999990725]","['l']",0,NA,155,2,0,"Negative",71,16,33,51,32,69,-38,35,53,-39,1,2,"Negative",0.975,0.986486486486487,0.8980338450001,0.984058756756821,0.0860249117567209,86,97,28
"circle","h","PM cue","",NA,NA,NA,"","[1.3172349999986182]","['h']",1,NA,155,2,1,"Negative",71,16,33,51,32,69,-38,35,53,-39,1,2,"Negative",0.975,0.986486486486487,0.8980338450001,0.984058756756821,0.0860249117567209,86,97,28
"village","h","PM cue","",NA,NA,NA,"","[0.7857524999999441]","['h']",1,NA,155,2,1,"Negative",71,16,33,51,32,69,-38,35,53,-39,1,2,"Negative",0.975,0.986486486486487,0.8980338450001,0.984058756756821,0.0860249117567209,86,97,28
"wagon","h","PM cue","",NA,NA,NA,"","[0.6670214000041597]","['l']",0,NA,156,1,0,"Negative",91.5,63,50,52,71,73,-41.5,-11,10,-20.5,1,2,"Negative",0.95,0.986486486486487,0.642471799999839,0.570430090411507,-0.0720417095883321,55,61,23
"teacher","h","PM cue","",NA,NA,NA,"","[0.45075469999574125]","['l']",0,NA,156,1,0,"Negative",91.5,63,50,52,71,73,-41.5,-11,10,-20.5,1,2,"Negative",0.95,0.986486486486487,0.642471799999839,0.570430090411507,-0.0720417095883321,55,61,23
"curious","h","PM cue","",NA,NA,NA,"","[0.40104369999608025]","['l']",0,NA,156,1,0,"Negative",91.5,63,50,52,71,73,-41.5,-11,10,-20.5,1,2,"Negative",0.95,0.986486486486487,0.642471799999839,0.570430090411507,-0.0720417095883321,55,61,23
"wagon","h","PM cue","",NA,NA,NA,"","[0.5339407999999821]","['l']",0,NA,156,1,0,"Negative",91.5,63,50,52,71,73,-41.5,-11,10,-20.5,1,2,"Negative",0.95,0.986486486486487,0.642471799999839,0.570430090411507,-0.0720417095883321,55,61,23
"curious","h","PM cue","",NA,NA,NA,"","[0.8340689000033308]","['l']",0,NA,156,1,0,"Negative",91.5,63,50,52,71,73,-41.5,-11,10,-20.5,1,2,"Negative",0.95,0.986486486486487,0.642471799999839,0.570430090411507,-0.0720417095883321,55,61,23
"teacher","h","PM cue","",NA,NA,NA,"","[0.450491299998248]","['l']",0,NA,156,1,0,"Negative",91.5,63,50,52,71,73,-41.5,-11,10,-20.5,1,2,"Negative",0.95,0.986486486486487,0.642471799999839,0.570430090411507,-0.0720417095883321,55,61,23
"bottle","h","PM cue","",NA,NA,NA,"","[1.1841454999994312]","['l']",0,NA,157,1,0,"Negative",81.5,78,80,79,81,80,-1.5,1,2,-0.5,0,2,"Negative",1,0.864864864864865,0.8675085424999,1.24097478194439,0.373466239444487,NA,NA,NA
"writer","h","PM cue","",NA,NA,NA,"","[1.683740399999806]","['h']",1,NA,157,1,1,"Negative",81.5,78,80,79,81,80,-1.5,1,2,-0.5,1,2,"Negative",1,0.864864864864865,0.8675085424999,1.24097478194439,0.373466239444487,NA,NA,NA
"event","h","PM cue","",NA,NA,NA,"","[1.0334617999997135]","['l']",0,NA,157,1,0,"Negative",81.5,78,80,79,81,80,-1.5,1,2,-0.5,1,2,"Negative",1,0.864864864864865,0.8675085424999,1.24097478194439,0.373466239444487,NA,NA,NA
"writer","h","PM cue","",NA,NA,NA,"","[1.3007323000001634]","['h']",1,NA,157,1,1,"Negative",81.5,78,80,79,81,80,-1.5,1,2,-0.5,1,2,"Negative",1,0.864864864864865,0.8675085424999,1.24097478194439,0.373466239444487,NA,NA,NA
"bottle","h","PM cue","",NA,NA,NA,"","[1.650190999998813]","['l']",0,NA,157,1,0,"Negative",81.5,78,80,79,81,80,-1.5,1,2,-0.5,0,2,"Negative",1,0.864864864864865,0.8675085424999,1.24097478194439,0.373466239444487,NA,NA,NA
"event","h","PM cue","",NA,NA,NA,"","[1.8504044999990583]","['h']",1,NA,157,1,1,"Negative",81.5,78,80,79,81,80,-1.5,1,2,-0.5,1,2,"Negative",1,0.864864864864865,0.8675085424999,1.24097478194439,0.373466239444487,NA,NA,NA
"bottle","h","PM cue","",NA,NA,NA,"","[2.300777800001015]","['h']",1,NA,158,1,1,"Negative",72,49.5,13,89,53,87,-59,39.5,37.5,-19,1,2,"Negative",0.975,0.932432432432432,0.990839009999854,1.05933905833321,0.0685000483333523,33,66,30
"writer","h","PM cue","",NA,NA,NA,"","[1.9670845000000554]","['h']",1,NA,158,1,1,"Negative",72,49.5,13,89,53,87,-59,39.5,37.5,-19,1,2,"Negative",0.975,0.932432432432432,0.990839009999854,1.05933905833321,0.0685000483333523,33,66,30
"event","h","PM cue","",NA,NA,NA,"","[1.4675743999996484]","['h']",1,NA,158,1,1,"Negative",72,49.5,13,89,53,87,-59,39.5,37.5,-19,1,2,"Negative",0.975,0.932432432432432,0.990839009999854,1.05933905833321,0.0685000483333523,33,66,30
"writer","h","PM cue","",NA,NA,NA,"","[2.883531800000128]","['h']",1,NA,158,1,1,"Negative",72,49.5,13,89,53,87,-59,39.5,37.5,-19,1,2,"Negative",0.975,0.932432432432432,0.990839009999854,1.05933905833321,0.0685000483333523,33,66,30
"bottle","h","PM cue","",NA,NA,NA,"","[1.5010462000009284]","['h']",1,NA,158,1,1,"Negative",72,49.5,13,89,53,87,-59,39.5,37.5,-19,1,2,"Negative",0.975,0.932432432432432,0.990839009999854,1.05933905833321,0.0685000483333523,33,66,30
"event","h","PM cue","",NA,NA,NA,"","[1.9003931999995984]","['h']",1,NA,158,1,1,"Negative",72,49.5,13,89,53,87,-59,39.5,37.5,-19,1,2,"Negative",0.975,0.932432432432432,0.990839009999854,1.05933905833321,0.0685000483333523,33,66,30
"detail","h","PM cue","",NA,NA,NA,"","[2.6667094000004]","['h']",1,NA,159,1,1,"Negative",81,70,61,80,61,80,-20,10,10,-20,0,2,"Negative",0.95,0.959459459459459,0.862057872500282,1.13256309459462,0.270505222094341,43,54,26
"village","h","PM cue","",NA,NA,NA,"","[1.9836919000008493]","['h']",1,NA,159,1,1,"Negative",81,70,61,80,61,80,-20,10,10,-20,0,2,"Negative",0.95,0.959459459459459,0.862057872500282,1.13256309459462,0.270505222094341,43,54,26
"circle","h","PM cue","",NA,NA,NA,"","[1.4506650000002992]","['l']",0,NA,159,1,0,"Negative",81,70,61,80,61,80,-20,10,10,-20,0,2,"Negative",0.95,0.959459459459459,0.862057872500282,1.13256309459462,0.270505222094341,43,54,26
"detail","h","PM cue","",NA,NA,NA,"","[1.3337577999991481]","['l']",0,NA,159,1,0,"Negative",81,70,61,80,61,80,-20,10,10,-20,0,2,"Negative",0.95,0.959459459459459,0.862057872500282,1.13256309459462,0.270505222094341,43,54,26
"circle","h","PM cue","",NA,NA,NA,"","[1.5669975000018894]","['l']",0,NA,159,1,0,"Negative",81,70,61,80,61,80,-20,10,10,-20,0,2,"Negative",0.95,0.959459459459459,0.862057872500282,1.13256309459462,0.270505222094341,43,54,26
"village","h","PM cue","",NA,NA,NA,"","[1.567364100003033]","['h']",1,NA,159,1,1,"Negative",81,70,61,80,61,80,-20,10,10,-20,0,2,"Negative",0.95,0.959459459459459,0.862057872500282,1.13256309459462,0.270505222094341,43,54,26
"bottle","h","PM cue","",NA,NA,NA,"","[1.4505313999252394]","['l']",0,NA,16,1,0,"Negative",82,69,55,66,78,74,-27,-3,5,-4,1,1,"Negative",1,0.972972972972973,0.665039602504112,0.842541287665906,0.177501685161794,43,85,NA
"writer","h","PM cue","",NA,NA,NA,"","[1.2006081000436097]","['h']",1,NA,16,1,1,"Negative",82,69,55,66,78,74,-27,-3,5,-4,1,1,"Negative",1,0.972972972972973,0.665039602504112,0.842541287665906,0.177501685161794,43,85,NA
"event","h","PM cue","",NA,NA,NA,"","[1.2336150000337511]","['h']",1,NA,16,1,1,"Negative",82,69,55,66,78,74,-27,-3,5,-4,1,1,"Negative",1,0.972972972972973,0.665039602504112,0.842541287665906,0.177501685161794,43,85,NA
"writer","h","PM cue","",NA,NA,NA,"","[1.3503907999256626]","['h']",1,NA,16,1,1,"Negative",82,69,55,66,78,74,-27,-3,5,-4,1,1,"Negative",1,0.972972972972973,0.665039602504112,0.842541287665906,0.177501685161794,43,85,NA
"bottle","h","PM cue","",NA,NA,NA,"","[1.217265099985525]","['h']",1,NA,16,1,1,"Negative",82,69,55,66,78,74,-27,-3,5,-4,1,1,"Negative",1,0.972972972972973,0.665039602504112,0.842541287665906,0.177501685161794,43,85,NA
"event","h","PM cue","",NA,NA,NA,"","[1.0505344999255612]","['h']",1,NA,16,1,1,"Negative",82,69,55,66,78,74,-27,-3,5,-4,1,1,"Negative",1,0.972972972972973,0.665039602504112,0.842541287665906,0.177501685161794,43,85,NA
"detail","h","PM cue","",NA,NA,NA,"","[2.2502440999960527]","['h']",1,NA,161,2,1,"Negative",70.5,30.5,14,95,62,56,-56.5,64.5,25.5,-8.5,1,2,"Negative",0.95,0.959459459459459,0.667107555001348,0.96052460410881,0.293417049107461,52,75,28
"village","h","PM cue","",NA,NA,NA,"","[]","None",0,NA,161,2,0,"Negative",70.5,30.5,14,95,62,56,-56.5,64.5,25.5,-8.5,1,2,"Negative",0.95,0.959459459459459,0.667107555001348,0.96052460410881,0.293417049107461,52,75,28
"circle","h","PM cue","",NA,NA,NA,"","[1.0503255000076024]","['l']",0,NA,161,2,0,"Negative",70.5,30.5,14,95,62,56,-56.5,64.5,25.5,-8.5,0,2,"Negative",0.95,0.959459459459459,0.667107555001348,0.96052460410881,0.293417049107461,52,75,28
"detail","h","PM cue","",NA,NA,NA,"","[1.6335453000065172]","['d']",0,NA,161,2,0,"Negative",70.5,30.5,14,95,62,56,-56.5,64.5,25.5,-8.5,1,2,"Negative",0.95,0.959459459459459,0.667107555001348,0.96052460410881,0.293417049107461,52,75,28
"circle","h","PM cue","",NA,NA,NA,"","[1.4336901999922702]","['l']",0,NA,161,2,0,"Negative",70.5,30.5,14,95,62,56,-56.5,64.5,25.5,-8.5,0,2,"Negative",0.95,0.959459459459459,0.667107555001348,0.96052460410881,0.293417049107461,52,75,28
"village","h","PM cue","",NA,NA,NA,"","[1.2674395000067307, 1.9841319999977713]","['d', 'h']",0,NA,161,2,1,"Negative",70.5,30.5,14,95,62,56,-56.5,64.5,25.5,-8.5,1,2,"Negative",0.95,0.959459459459459,0.667107555001348,0.96052460410881,0.293417049107461,52,75,28
"detail","h","PM cue","",NA,NA,NA,"","[1.5670366999693215]","['h']",1,NA,17,2,1,"Negative",68.5,88.5,52,88,63,96,-16.5,-0.5,7.5,-5.5,1,1,"Negative",0.95,0.918918918918919,0.671355922537623,0.778573113493621,0.107217190955998,54,85,NA
"village","h","PM cue","",NA,NA,NA,"","[1.200547199929133]","['h']",1,NA,17,2,1,"Negative",68.5,88.5,52,88,63,96,-16.5,-0.5,7.5,-5.5,1,1,"Negative",0.95,0.918918918918919,0.671355922537623,0.778573113493621,0.107217190955998,54,85,NA
"circle","h","PM cue","",NA,NA,NA,"","[1.3001004999969155]","['h']",1,NA,17,2,1,"Negative",68.5,88.5,52,88,63,96,-16.5,-0.5,7.5,-5.5,1,1,"Negative",0.95,0.918918918918919,0.671355922537623,0.778573113493621,0.107217190955998,54,85,NA
"detail","h","PM cue","",NA,NA,NA,"","[1.4338217000477016]","['h']",1,NA,17,2,1,"Negative",68.5,88.5,52,88,63,96,-16.5,-0.5,7.5,-5.5,1,1,"Negative",0.95,0.918918918918919,0.671355922537623,0.778573113493621,0.107217190955998,54,85,NA
"circle","h","PM cue","",NA,NA,NA,"","[1.7345853000879288]","['h']",1,NA,17,2,1,"Negative",68.5,88.5,52,88,63,96,-16.5,-0.5,7.5,-5.5,1,1,"Negative",0.95,0.918918918918919,0.671355922537623,0.778573113493621,0.107217190955998,54,85,NA
"village","h","PM cue","",NA,NA,NA,"","[1.2337889999616891]","['h']",1,NA,17,2,1,"Negative",68.5,88.5,52,88,63,96,-16.5,-0.5,7.5,-5.5,1,1,"Negative",0.95,0.918918918918919,0.671355922537623,0.778573113493621,0.107217190955998,54,85,NA
"wagon","h","PM cue","",NA,NA,NA,"","[1.2667517000809312]","['h']",1,NA,18,3,1,"Negative",55,40.5,33,48,51,52,-22,7.5,11.5,-4,1,1,"Negative",1,0.986486486486487,0.685288757510716,0.99693951079924,0.311650753288524,39,81,NA
"teacher","h","PM cue","",NA,NA,NA,"","[0.8837713999673724, 2.0670534998644143]","['l', 'h']",0,NA,18,3,1,"Negative",55,40.5,33,48,51,52,-22,7.5,11.5,-4,1,1,"Negative",1,0.986486486486487,0.685288757510716,0.99693951079924,0.311650753288524,39,81,NA
"curious","h","PM cue","",NA,NA,NA,"","[1.0836638000328094]","['h']",1,NA,18,3,1,"Negative",55,40.5,33,48,51,52,-22,7.5,11.5,-4,1,1,"Negative",1,0.986486486486487,0.685288757510716,0.99693951079924,0.311650753288524,39,81,NA
"wagon","h","PM cue","",NA,NA,NA,"","[0.8838382000103593]","['h']",1,NA,18,3,1,"Negative",55,40.5,33,48,51,52,-22,7.5,11.5,-4,1,1,"Negative",1,0.986486486486487,0.685288757510716,0.99693951079924,0.311650753288524,39,81,NA
"curious","h","PM cue","",NA,NA,NA,"","[1.0837417000439018, 1.667195999994874]","['l', 'h']",0,NA,18,3,1,"Negative",55,40.5,33,48,51,52,-22,7.5,11.5,-4,1,1,"Negative",1,0.986486486486487,0.685288757510716,0.99693951079924,0.311650753288524,39,81,NA
"teacher","h","PM cue","",NA,NA,NA,"","[1.1173294000327587]","['h']",1,NA,18,3,1,"Negative",55,40.5,33,48,51,52,-22,7.5,11.5,-4,1,1,"Negative",1,0.986486486486487,0.685288757510716,0.99693951079924,0.311650753288524,39,81,NA
"detail","h","PM cue","",NA,NA,NA,"","[0.5837523001246154, 2.400207200087607]","['l', 'h']",0,NA,19,2,1,"Negative",70,30.5,42,50,52,49,-28,19.5,18.5,-18,1,1,"Negative",0.975,0.918918918918919,0.871699699998135,0.721581164838721,-0.150118535159414,56,86,NA
"village","h","PM cue","",NA,NA,NA,"","[1.100512000033632]","['l']",0,NA,19,2,0,"Negative",70,30.5,42,50,52,49,-28,19.5,18.5,-18,1,1,"Negative",0.975,0.918918918918919,0.871699699998135,0.721581164838721,-0.150118535159414,56,86,NA
"circle","h","PM cue","",NA,NA,NA,"","[0.6172039001248777]","['l']",0,NA,19,2,0,"Negative",70,30.5,42,50,52,49,-28,19.5,18.5,-18,1,1,"Negative",0.975,0.918918918918919,0.871699699998135,0.721581164838721,-0.150118535159414,56,86,NA
"detail","h","PM cue","",NA,NA,NA,"","[0.5001536998897791]","['l']",0,NA,19,2,0,"Negative",70,30.5,42,50,52,49,-28,19.5,18.5,-18,1,1,"Negative",0.975,0.918918918918919,0.871699699998135,0.721581164838721,-0.150118535159414,56,86,NA
"circle","h","PM cue","",NA,NA,NA,"","[0.7004710999317467]","['l']",0,NA,19,2,0,"Negative",70,30.5,42,50,52,49,-28,19.5,18.5,-18,1,1,"Negative",0.975,0.918918918918919,0.871699699998135,0.721581164838721,-0.150118535159414,56,86,NA
"village","h","PM cue","",NA,NA,NA,"","[0.6002505000215024]","['l']",0,NA,19,2,0,"Negative",70,30.5,42,50,52,49,-28,19.5,18.5,-18,1,1,"Negative",0.975,0.918918918918919,0.871699699998135,0.721581164838721,-0.150118535159414,56,86,NA
"wagon","h","PM cue","",NA,NA,NA,"","[0.783623700030148]","['l']",0,NA,2,3,0,"Negative",80.5,78,75,77,79,80,-5.5,-1,2,-1.5,1,1,"Negative",0.95,0.864864864864865,0.662371397370742,0.731423454165148,0.0690520567944061,44,63,NA
"teacher","h","PM cue","",NA,NA,NA,"","[0.7838308999780566]","['l']",0,NA,2,3,0,"Negative",80.5,78,75,77,79,80,-5.5,-1,2,-1.5,1,1,"Negative",0.95,0.864864864864865,0.662371397370742,0.731423454165148,0.0690520567944061,44,63,NA
"curious","h","PM cue","",NA,NA,NA,"","[0.6669468999607489]","['l']",0,NA,2,3,0,"Negative",80.5,78,75,77,79,80,-5.5,-1,2,-1.5,1,1,"Negative",0.95,0.864864864864865,0.662371397370742,0.731423454165148,0.0690520567944061,44,63,NA
"wagon","h","PM cue","",NA,NA,NA,"","[0.8504500000271946, 1.8502548000542447]","['l', 'h']",0,NA,2,3,1,"Negative",80.5,78,75,77,79,80,-5.5,-1,2,-1.5,1,1,"Negative",0.95,0.864864864864865,0.662371397370742,0.731423454165148,0.0690520567944061,44,63,NA
"curious","h","PM cue","",NA,NA,NA,"","[0.8005598000017926]","['l']",0,NA,2,3,0,"Negative",80.5,78,75,77,79,80,-5.5,-1,2,-1.5,1,1,"Negative",0.95,0.864864864864865,0.662371397370742,0.731423454165148,0.0690520567944061,44,63,NA
"teacher","h","PM cue","",NA,NA,NA,"","[0.766436200006865]","['l']",0,NA,2,3,0,"Negative",80.5,78,75,77,79,80,-5.5,-1,2,-1.5,1,1,"Negative",0.95,0.864864864864865,0.662371397370742,0.731423454165148,0.0690520567944061,44,63,NA
"wagon","h","PM cue","",NA,NA,NA,"","[0.4673510999418795, 2.850215299986303]","['d', 'l']",0,NA,20,3,0,"Negative",74.5,28.5,52,56,51,52,-22.5,27.5,23.5,-23.5,1,1,"Negative",0.975,0.689189189189189,0.441162346193615,0.555837217387676,0.114674871194061,70,81,NA
"teacher","h","PM cue","",NA,NA,NA,"","[0.8827003999613225]","['l']",0,NA,20,3,0,"Negative",74.5,28.5,52,56,51,52,-22.5,27.5,23.5,-23.5,1,1,"Negative",0.975,0.689189189189189,0.441162346193615,0.555837217387676,0.114674871194061,70,81,NA
"curious","h","PM cue","",NA,NA,NA,"","[0.5004112999886274]","['l']",0,NA,20,3,0,"Negative",74.5,28.5,52,56,51,52,-22.5,27.5,23.5,-23.5,1,1,"Negative",0.975,0.689189189189189,0.441162346193615,0.555837217387676,0.114674871194061,70,81,NA
"wagon","h","PM cue","",NA,NA,NA,"","[0.26717739971354604]","['l']",0,NA,20,3,0,"Negative",74.5,28.5,52,56,51,52,-22.5,27.5,23.5,-23.5,1,1,"Negative",0.975,0.689189189189189,0.441162346193615,0.555837217387676,0.114674871194061,70,81,NA
"curious","h","PM cue","",NA,NA,NA,"","[0.9839796000160277]","['l']",0,NA,20,3,0,"Negative",74.5,28.5,52,56,51,52,-22.5,27.5,23.5,-23.5,1,1,"Negative",0.975,0.689189189189189,0.441162346193615,0.555837217387676,0.114674871194061,70,81,NA
"teacher","h","PM cue","",NA,NA,NA,"","[0.40088209975510836]","['l']",0,NA,20,3,0,"Negative",74.5,28.5,52,56,51,52,-22.5,27.5,23.5,-23.5,1,1,"Negative",0.975,0.689189189189189,0.441162346193615,0.555837217387676,0.114674871194061,70,81,NA
"bottle","h","PM cue","",NA,NA,NA,"","[0.45092339999973774]","['l']",0,NA,21,1,0,"Negative",54.5,58.5,32,35,37,50,-22.5,-23.5,-8.5,-17.5,1,1,"Negative",1,0.972972972972973,0.545904039993184,0.653176763511854,0.107272723518671,35,89,NA
"writer","h","PM cue","",NA,NA,NA,"","[1.3334697999525815, 1.8499927000375465]","['h', 'l']",1,NA,21,1,1,"Negative",54.5,58.5,32,35,37,50,-22.5,-23.5,-8.5,-17.5,1,1,"Negative",1,0.972972972972973,0.545904039993184,0.653176763511854,0.107272723518671,35,89,NA
"event","h","PM cue","",NA,NA,NA,"","[0.7668794000055641, 2.0836689000716433]","['l', 'h']",0,NA,21,1,1,"Negative",54.5,58.5,32,35,37,50,-22.5,-23.5,-8.5,-17.5,1,1,"Negative",1,0.972972972972973,0.545904039993184,0.653176763511854,0.107272723518671,35,89,NA
"writer","h","PM cue","",NA,NA,NA,"","[0.7504476000322029, 1.367081500007771]","['l', 'h']",0,NA,21,1,1,"Negative",54.5,58.5,32,35,37,50,-22.5,-23.5,-8.5,-17.5,1,1,"Negative",1,0.972972972972973,0.545904039993184,0.653176763511854,0.107272723518671,35,89,NA
"bottle","h","PM cue","",NA,NA,NA,"","[0.8838524000020698, 1.4005299999844283]","['l', 'h']",0,NA,21,1,1,"Negative",54.5,58.5,32,35,37,50,-22.5,-23.5,-8.5,-17.5,1,1,"Negative",1,0.972972972972973,0.545904039993184,0.653176763511854,0.107272723518671,35,89,NA
"event","h","PM cue","",NA,NA,NA,"","[0.500454599969089, 1.267447399906814]","['l', 'h']",0,NA,21,1,1,"Negative",54.5,58.5,32,35,37,50,-22.5,-23.5,-8.5,-17.5,1,1,"Negative",1,0.972972972972973,0.545904039993184,0.653176763511854,0.107272723518671,35,89,NA
"detail","h","PM cue","",NA,NA,NA,"","[0.9341434000525624, 2.566940600052476]","['l', 'h']",0,NA,23,2,1,"Negative",46.5,70,31,70,51,66,-15.5,0,-4,4.5,0,1,"Negative",0.975,0.972972972972973,0.935270217939829,0.791721390400796,-0.143548827539033,52,89,NA
"village","h","PM cue","",NA,NA,NA,"","[1.5003766999579966]","['h']",1,NA,23,2,1,"Negative",46.5,70,31,70,51,66,-15.5,0,-4,4.5,0,1,"Negative",0.975,0.972972972972973,0.935270217939829,0.791721390400796,-0.143548827539033,52,89,NA
"circle","h","PM cue","",NA,NA,NA,"","[1.3674369999207556]","['h']",1,NA,23,2,1,"Negative",46.5,70,31,70,51,66,-15.5,0,-4,4.5,0,1,"Negative",0.975,0.972972972972973,0.935270217939829,0.791721390400796,-0.143548827539033,52,89,NA
"detail","h","PM cue","",NA,NA,NA,"","[1.3335421001538634]","['h']",1,NA,23,2,1,"Negative",46.5,70,31,70,51,66,-15.5,0,-4,4.5,0,1,"Negative",0.975,0.972972972972973,0.935270217939829,0.791721390400796,-0.143548827539033,52,89,NA
"circle","h","PM cue","",NA,NA,NA,"","[1.5171381998807192]","['h']",1,NA,23,2,1,"Negative",46.5,70,31,70,51,66,-15.5,0,-4,4.5,0,1,"Negative",0.975,0.972972972972973,0.935270217939829,0.791721390400796,-0.143548827539033,52,89,NA
"village","h","PM cue","",NA,NA,NA,"","[1.5506244997959584]","['h']",1,NA,23,2,1,"Negative",46.5,70,31,70,51,66,-15.5,0,-4,4.5,0,1,"Negative",0.975,0.972972972972973,0.935270217939829,0.791721390400796,-0.143548827539033,52,89,NA
"wagon","h","PM cue","",NA,NA,NA,"","[0.4842686001211405]","['l']",0,NA,24,3,0,"Negative",87,94.5,83,95,83,93,-4,0.5,-1.5,-4,1,1,"Negative",1,0.932432432432432,0.545589025039226,0.609816802690762,0.0642277776515363,44,86,NA
"teacher","h","PM cue","",NA,NA,NA,"","[0.9504770999774337]","['h']",1,NA,24,3,1,"Negative",87,94.5,83,95,83,93,-4,0.5,-1.5,-4,1,1,"Negative",1,0.932432432432432,0.545589025039226,0.609816802690762,0.0642277776515363,44,86,NA
"curious","h","PM cue","",NA,NA,NA,"","[0.834324300289154]","['h']",1,NA,24,3,1,"Negative",87,94.5,83,95,83,93,-4,0.5,-1.5,-4,1,1,"Negative",1,0.932432432432432,0.545589025039226,0.609816802690762,0.0642277776515363,44,86,NA
"wagon","h","PM cue","",NA,NA,NA,"","[0.5339136999100447]","['h']",1,NA,24,3,1,"Negative",87,94.5,83,95,83,93,-4,0.5,-1.5,-4,1,1,"Negative",1,0.932432432432432,0.545589025039226,0.609816802690762,0.0642277776515363,44,86,NA
"curious","h","PM cue","",NA,NA,NA,"","[0.6671351999975741, 1.3337436001747847]","['l', 'h']",0,NA,24,3,1,"Negative",87,94.5,83,95,83,93,-4,0.5,-1.5,-4,1,1,"Negative",1,0.932432432432432,0.545589025039226,0.609816802690762,0.0642277776515363,44,86,NA
"teacher","h","PM cue","",NA,NA,NA,"","[1.000537000130862]","['h']",1,NA,24,3,1,"Negative",87,94.5,83,95,83,93,-4,0.5,-1.5,-4,1,1,"Negative",1,0.932432432432432,0.545589025039226,0.609816802690762,0.0642277776515363,44,86,NA
"detail","h","PM cue","",NA,NA,NA,"","[1.3505166000686586]","['h']",1,NA,25,2,1,"Negative",70,32,42,56,53,42,-28,24,10,-17,1,1,"Negative",1,0.986486486486487,0.825513645028696,0.956678690539824,0.131165045511129,71,101,NA
"village","h","PM cue","",NA,NA,NA,"","[0.9673643000423908]","['h']",1,NA,25,2,1,"Negative",70,32,42,56,53,42,-28,24,10,-17,1,1,"Negative",1,0.986486486486487,0.825513645028696,0.956678690539824,0.131165045511129,71,101,NA
"circle","h","PM cue","",NA,NA,NA,"","[1.3170145000331104]","['h']",1,NA,25,2,1,"Negative",70,32,42,56,53,42,-28,24,10,-17,1,1,"Negative",1,0.986486486486487,0.825513645028696,0.956678690539824,0.131165045511129,71,101,NA
"detail","h","PM cue","",NA,NA,NA,"","[1.25045709987171]","['h']",1,NA,25,2,1,"Negative",70,32,42,56,53,42,-28,24,10,-17,1,1,"Negative",1,0.986486486486487,0.825513645028696,0.956678690539824,0.131165045511129,71,101,NA
"circle","h","PM cue","",NA,NA,NA,"","[1.1003136998042464]","['h']",1,NA,25,2,1,"Negative",70,32,42,56,53,42,-28,24,10,-17,1,1,"Negative",1,0.986486486486487,0.825513645028696,0.956678690539824,0.131165045511129,71,101,NA
"village","h","PM cue","",NA,NA,NA,"","[1.433651400031522]","['h']",1,NA,25,2,1,"Negative",70,32,42,56,53,42,-28,24,10,-17,1,1,"Negative",1,0.986486486486487,0.825513645028696,0.956678690539824,0.131165045511129,71,101,NA
"wagon","h","PM cue","",NA,NA,NA,"","[0.7838711002841592]","['h']",1,NA,26,3,1,"Negative",47.5,100,28,100,43,100,-19.5,0,0,-4.5,1,1,"Negative",0.95,0.945945945945946,0.835794952535071,0.925057702697814,0.089262750162743,59,92,NA
"teacher","h","PM cue","",NA,NA,NA,"","[0.9840819998644292]","['h']",1,NA,26,3,1,"Negative",47.5,100,28,100,43,100,-19.5,0,0,-4.5,1,1,"Negative",0.95,0.945945945945946,0.835794952535071,0.925057702697814,0.089262750162743,59,92,NA
"curious","h","PM cue","",NA,NA,NA,"","[0.7170488000847399]","['h']",1,NA,26,3,1,"Negative",47.5,100,28,100,43,100,-19.5,0,0,-4.5,1,1,"Negative",0.95,0.945945945945946,0.835794952535071,0.925057702697814,0.089262750162743,59,92,NA
"wagon","h","PM cue","",NA,NA,NA,"","[0.7336623999290168]","['h']",1,NA,26,3,1,"Negative",47.5,100,28,100,43,100,-19.5,0,0,-4.5,1,1,"Negative",0.95,0.945945945945946,0.835794952535071,0.925057702697814,0.089262750162743,59,92,NA
"curious","h","PM cue","",NA,NA,NA,"","[0.850817299913615]","['h']",1,NA,26,3,1,"Negative",47.5,100,28,100,43,100,-19.5,0,0,-4.5,1,1,"Negative",0.95,0.945945945945946,0.835794952535071,0.925057702697814,0.089262750162743,59,92,NA
"teacher","h","PM cue","",NA,NA,NA,"","[0.6838154001161456]","['h']",1,NA,26,3,1,"Negative",47.5,100,28,100,43,100,-19.5,0,0,-4.5,1,1,"Negative",0.95,0.945945945945946,0.835794952535071,0.925057702697814,0.089262750162743,59,92,NA
"bottle","h","PM cue","",NA,NA,NA,"","[0.850424199947156]","['l']",0,NA,27,1,0,"Negative",61,38,46,57,61,60,-15,19,22,0,0,1,"Negative",0.975,0.986486486486487,0.625105457491009,0.809194462169339,0.184089004678331,46,78,NA
"writer","h","PM cue","",NA,NA,NA,"","[0.5342025000136346]","['l']",0,NA,27,1,0,"Negative",61,38,46,57,61,60,-15,19,22,0,0,1,"Negative",0.975,0.986486486486487,0.625105457491009,0.809194462169339,0.184089004678331,46,78,NA
"event","h","PM cue","",NA,NA,NA,"","[0.5170910999877378]","['l']",0,NA,27,1,0,"Negative",61,38,46,57,61,60,-15,19,22,0,1,1,"Negative",0.975,0.986486486486487,0.625105457491009,0.809194462169339,0.184089004678331,46,78,NA
"writer","h","PM cue","",NA,NA,NA,"","[1.7335591000737622]","['l']",0,NA,27,1,0,"Negative",61,38,46,57,61,60,-15,19,22,0,0,1,"Negative",0.975,0.986486486486487,0.625105457491009,0.809194462169339,0.184089004678331,46,78,NA
"bottle","h","PM cue","",NA,NA,NA,"","[0.8505654000909999]","['l']",0,NA,27,1,0,"Negative",61,38,46,57,61,60,-15,19,22,0,0,1,"Negative",0.975,0.986486486486487,0.625105457491009,0.809194462169339,0.184089004678331,46,78,NA
"event","h","PM cue","",NA,NA,NA,"","[0.43418649991508573, 1.1340038999915123]","['l', 'h']",0,NA,27,1,1,"Negative",61,38,46,57,61,60,-15,19,22,0,1,1,"Negative",0.975,0.986486486486487,0.625105457491009,0.809194462169339,0.184089004678331,46,78,NA
"bottle","h","PM cue","",NA,NA,NA,"","[1.5173589999321848]","['h']",1,NA,28,1,1,"Negative",81.5,44.5,44,45,68,67,-37.5,0.5,22.5,-13.5,1,1,"Negative",1,0.986486486486487,0.816631202501594,0.880452578377633,0.0638213758760391,35,69,NA
"writer","h","PM cue","",NA,NA,NA,"","[1.5170959000242874]","['h']",1,NA,28,1,1,"Negative",81.5,44.5,44,45,68,67,-37.5,0.5,22.5,-13.5,1,1,"Negative",1,0.986486486486487,0.816631202501594,0.880452578377633,0.0638213758760391,35,69,NA
"event","h","PM cue","",NA,NA,NA,"","[1.283641199930571]","['h']",1,NA,28,1,1,"Negative",81.5,44.5,44,45,68,67,-37.5,0.5,22.5,-13.5,1,1,"Negative",1,0.986486486486487,0.816631202501594,0.880452578377633,0.0638213758760391,35,69,NA
"writer","h","PM cue","",NA,NA,NA,"","[1.3337807999923825]","['h']",1,NA,28,1,1,"Negative",81.5,44.5,44,45,68,67,-37.5,0.5,22.5,-13.5,1,1,"Negative",1,0.986486486486487,0.816631202501594,0.880452578377633,0.0638213758760391,35,69,NA
"bottle","h","PM cue","",NA,NA,NA,"","[1.2493177999276668]","['h']",1,NA,28,1,1,"Negative",81.5,44.5,44,45,68,67,-37.5,0.5,22.5,-13.5,1,1,"Negative",1,0.986486486486487,0.816631202501594,0.880452578377633,0.0638213758760391,35,69,NA
"event","h","PM cue","",NA,NA,NA,"","[1.2006186000071466]","['h']",1,NA,28,1,1,"Negative",81.5,44.5,44,45,68,67,-37.5,0.5,22.5,-13.5,1,1,"Negative",1,0.986486486486487,0.816631202501594,0.880452578377633,0.0638213758760391,35,69,NA
"detail","h","PM cue","",NA,NA,NA,"","[1.283712400123477]","['h']",1,NA,29,2,1,"Negative",76,64.5,50,50,61,60,-26,-14.5,-4.5,-15,1,1,"Negative",0.8,0.837837837837838,0.721738399995957,0.817669980811619,0.095931580815662,35,78,NA
"village","h","PM cue","",NA,NA,NA,"","[1.1504882001318038]","['h']",1,NA,29,2,1,"Negative",76,64.5,50,50,61,60,-26,-14.5,-4.5,-15,1,1,"Negative",0.8,0.837837837837838,0.721738399995957,0.817669980811619,0.095931580815662,35,78,NA
"circle","h","PM cue","",NA,NA,NA,"","[0.7004421001765877]","['h']",1,NA,29,2,1,"Negative",76,64.5,50,50,61,60,-26,-14.5,-4.5,-15,1,1,"Negative",0.8,0.837837837837838,0.721738399995957,0.817669980811619,0.095931580815662,35,78,NA
"detail","h","PM cue","",NA,NA,NA,"","[0.5667624999769032, 0.8667993999551982]","['d', 'h']",0,NA,29,2,1,"Negative",76,64.5,50,50,61,60,-26,-14.5,-4.5,-15,1,1,"Negative",0.8,0.837837837837838,0.721738399995957,0.817669980811619,0.095931580815662,35,78,NA
"circle","h","PM cue","",NA,NA,NA,"","[0.6338311000727117]","['h']",1,NA,29,2,1,"Negative",76,64.5,50,50,61,60,-26,-14.5,-4.5,-15,1,1,"Negative",0.8,0.837837837837838,0.721738399995957,0.817669980811619,0.095931580815662,35,78,NA
"village","h","PM cue","",NA,NA,NA,"","[0.7001961001660675]","['h']",1,NA,29,2,1,"Negative",76,64.5,50,50,61,60,-26,-14.5,-4.5,-15,1,1,"Negative",0.8,0.837837837837838,0.721738399995957,0.817669980811619,0.095931580815662,35,78,NA
"bottle","h","PM cue","",NA,NA,NA,"","[2.133744899998419]","['h']",1,NA,3,1,1,"Negative",81,70,41,40,42,60,-40,-30,-10,-39,1,1,"Negative",1,1,0.774620172503637,0.745050775683233,-0.0295693968204038,44,58,NA
"writer","h","PM cue","",NA,NA,NA,"","[1.4507254000054672]","['h']",1,NA,3,1,1,"Negative",81,70,41,40,42,60,-40,-30,-10,-39,1,1,"Negative",1,1,0.774620172503637,0.745050775683233,-0.0295693968204038,44,58,NA
"event","h","PM cue","",NA,NA,NA,"","[1.333948399988003]","['h']",1,NA,3,1,1,"Negative",81,70,41,40,42,60,-40,-30,-10,-39,0,1,"Negative",1,1,0.774620172503637,0.745050775683233,-0.0295693968204038,44,58,NA
"writer","h","PM cue","",NA,NA,NA,"","[1.3503795000724494]","['h']",1,NA,3,1,1,"Negative",81,70,41,40,42,60,-40,-30,-10,-39,1,1,"Negative",1,1,0.774620172503637,0.745050775683233,-0.0295693968204038,44,58,NA
"bottle","h","PM cue","",NA,NA,NA,"","[1.316983100026846]","['h']",1,NA,3,1,1,"Negative",81,70,41,40,42,60,-40,-30,-10,-39,1,1,"Negative",1,1,0.774620172503637,0.745050775683233,-0.0295693968204038,44,58,NA
"event","h","PM cue","",NA,NA,NA,"","[1.3672998000402004]","['h']",1,NA,3,1,1,"Negative",81,70,41,40,42,60,-40,-30,-10,-39,0,1,"Negative",1,1,0.774620172503637,0.745050775683233,-0.0295693968204038,44,58,NA
"wagon","h","PM cue","",NA,NA,NA,"","[1.0174046999891289]","['h']",1,NA,30,1,1,"Negative",92,33.5,39,59,37,67,-53,25.5,33.5,-55,1,1,"Negative",0.95,0.959459459459459,0.392927075672511,0.629714898631528,0.236787822959018,77,98,NA
"teacher","h","PM cue","",NA,NA,NA,"","[0.3338120999978855]","['l']",0,NA,30,1,0,"Negative",92,33.5,39,59,37,67,-53,25.5,33.5,-55,1,1,"Negative",0.95,0.959459459459459,0.392927075672511,0.629714898631528,0.236787822959018,77,98,NA
"curious","h","PM cue","",NA,NA,NA,"","[0.5337276000063866]","['l']",0,NA,30,1,0,"Negative",92,33.5,39,59,37,67,-53,25.5,33.5,-55,1,1,"Negative",0.95,0.959459459459459,0.392927075672511,0.629714898631528,0.236787822959018,77,98,NA
"wagon","h","PM cue","",NA,NA,NA,"","[0.451208200014662, 0.8174152999999933, 1.1007548999914434, 1.5172537000034936]","['l', 'd', 'h', 'h']",0,NA,30,1,1,"Negative",92,33.5,39,59,37,67,-53,25.5,33.5,-55,1,1,"Negative",0.95,0.959459459459459,0.392927075672511,0.629714898631528,0.236787822959018,77,98,NA
"curious","h","PM cue","",NA,NA,NA,"","[1.0833856000099331]","['h']",1,NA,30,1,1,"Negative",92,33.5,39,59,37,67,-53,25.5,33.5,-55,1,1,"Negative",0.95,0.959459459459459,0.392927075672511,0.629714898631528,0.236787822959018,77,98,NA
"teacher","h","PM cue","",NA,NA,NA,"","[0.733915100019658]","['l']",0,NA,30,1,0,"Negative",92,33.5,39,59,37,67,-53,25.5,33.5,-55,1,1,"Negative",0.95,0.959459459459459,0.392927075672511,0.629714898631528,0.236787822959018,77,98,NA
"detail","h","PM cue","",NA,NA,NA,"","[0.884071100037545]","['d']",0,NA,31,1,0,"Negative",57,76.5,21,63,40,65,-36,-13.5,-11.5,-17,0,1,"Negative",0.825,0.864864864864865,1.02259054498863,1.07357781391086,0.0509872689222295,54,70,NA
"village","h","PM cue","",NA,NA,NA,"","[0.8170692001003772, 1.649910300038755]","['d', 'h']",0,NA,31,1,1,"Negative",57,76.5,21,63,40,65,-36,-13.5,-11.5,-17,0,1,"Negative",0.825,0.864864864864865,1.02259054498863,1.07357781391086,0.0509872689222295,54,70,NA
"circle","h","PM cue","",NA,NA,NA,"","[1.034258099971339]","['h']",1,NA,31,1,1,"Negative",57,76.5,21,63,40,65,-36,-13.5,-11.5,-17,0,1,"Negative",0.825,0.864864864864865,1.02259054498863,1.07357781391086,0.0509872689222295,54,70,NA
"detail","h","PM cue","",NA,NA,NA,"","[1.2170701001305133]","['h']",1,NA,31,1,1,"Negative",57,76.5,21,63,40,65,-36,-13.5,-11.5,-17,0,1,"Negative",0.825,0.864864864864865,1.02259054498863,1.07357781391086,0.0509872689222295,54,70,NA
"circle","h","PM cue","",NA,NA,NA,"","[1.2839500000700355]","['d']",0,NA,31,1,0,"Negative",57,76.5,21,63,40,65,-36,-13.5,-11.5,-17,0,1,"Negative",0.825,0.864864864864865,1.02259054498863,1.07357781391086,0.0509872689222295,54,70,NA
"village","h","PM cue","",NA,NA,NA,"","[1.433659699978307, 1.7336716998834163]","['d', 'h']",0,NA,31,1,1,"Negative",57,76.5,21,63,40,65,-36,-13.5,-11.5,-17,0,1,"Negative",0.825,0.864864864864865,1.02259054498863,1.07357781391086,0.0509872689222295,54,70,NA
"wagon","h","PM cue","",NA,NA,NA,"","[0.5838957999949344]","['l']",0,NA,32,1,0,"Negative",64.5,33,60,41,62,33,-4.5,8,0,-2.5,1,1,"Negative",0.95,0.972972972972973,0.837992172499071,0.890389837837083,0.0523976653380118,70,79,NA
"teacher","h","PM cue","",NA,NA,NA,"","[0.7671982999891043]","['l']",0,NA,32,1,0,"Negative",64.5,33,60,41,62,33,-4.5,8,0,-2.5,0,1,"Negative",0.95,0.972972972972973,0.837992172499071,0.890389837837083,0.0523976653380118,70,79,NA
"curious","h","PM cue","",NA,NA,NA,"","[1.5005401000089478]","['l']",0,NA,32,1,0,"Negative",64.5,33,60,41,62,33,-4.5,8,0,-2.5,1,1,"Negative",0.95,0.972972972972973,0.837992172499071,0.890389837837083,0.0523976653380118,70,79,NA
"wagon","h","PM cue","",NA,NA,NA,"","[1.1840808999841101]","['l']",0,NA,32,1,0,"Negative",64.5,33,60,41,62,33,-4.5,8,0,-2.5,1,1,"Negative",0.95,0.972972972972973,0.837992172499071,0.890389837837083,0.0523976653380118,70,79,NA
"curious","h","PM cue","",NA,NA,NA,"","[1.0003748000017367]","['l']",0,NA,32,1,0,"Negative",64.5,33,60,41,62,33,-4.5,8,0,-2.5,1,1,"Negative",0.95,0.972972972972973,0.837992172499071,0.890389837837083,0.0523976653380118,70,79,NA
"teacher","h","PM cue","",NA,NA,NA,"","[1.1003842999925837]","['l']",0,NA,32,1,0,"Negative",64.5,33,60,41,62,33,-4.5,8,0,-2.5,0,1,"Negative",0.95,0.972972972972973,0.837992172499071,0.890389837837083,0.0523976653380118,70,79,NA
"bottle","h","PM cue","",NA,NA,NA,"","[1.0839324998669326]","['l']",0,NA,33,1,0,"Negative",50.5,36,39,27,56,35,-11.5,-9,-1,5.5,0,1,"Negative",0.8,0.743243243243243,0.890844818431345,1.1140225394301,0.223177720998756,61,83,NA
"writer","h","PM cue","",NA,NA,NA,"","[1.0177488999906927, 1.2845149000640959, 1.9673319000285119]","['h', 'h', 'h']",1,NA,33,1,1,"Negative",50.5,36,39,27,56,35,-11.5,-9,-1,5.5,1,1,"Negative",0.8,0.743243243243243,0.890844818431345,1.1140225394301,0.223177720998756,61,83,NA
"event","h","PM cue","",NA,NA,NA,"","[0.9509613001719117]","['h']",1,NA,33,1,1,"Negative",50.5,36,39,27,56,35,-11.5,-9,-1,5.5,1,1,"Negative",0.8,0.743243243243243,0.890844818431345,1.1140225394301,0.223177720998756,61,83,NA
"writer","h","PM cue","",NA,NA,NA,"","[0.7502520000562072]","['h']",1,NA,33,1,1,"Negative",50.5,36,39,27,56,35,-11.5,-9,-1,5.5,1,1,"Negative",0.8,0.743243243243243,0.890844818431345,1.1140225394301,0.223177720998756,61,83,NA
"bottle","h","PM cue","",NA,NA,NA,"","[0.8169017999898642]","['h']",1,NA,33,1,1,"Negative",50.5,36,39,27,56,35,-11.5,-9,-1,5.5,0,1,"Negative",0.8,0.743243243243243,0.890844818431345,1.1140225394301,0.223177720998756,61,83,NA
"event","h","PM cue","",NA,NA,NA,"","[0.8337743999436498]","['h']",1,NA,33,1,1,"Negative",50.5,36,39,27,56,35,-11.5,-9,-1,5.5,1,1,"Negative",0.8,0.743243243243243,0.890844818431345,1.1140225394301,0.223177720998756,61,83,NA
"bottle","h","PM cue","",NA,NA,NA,"","[1.7168181999586523]","['h']",1,NA,34,1,1,"Negative",50.5,88,51,89,51,96,0.5,1,8,0.5,0,1,"Negative",0.775,0.945945945945946,0.888300307502504,1.01987462221425,0.131574314711745,51,75,NA
"writer","h","PM cue","",NA,NA,NA,"","[1.0504350999835879]","['h']",1,NA,34,1,1,"Negative",50.5,88,51,89,51,96,0.5,1,8,0.5,0,1,"Negative",0.775,0.945945945945946,0.888300307502504,1.01987462221425,0.131574314711745,51,75,NA
"event","h","PM cue","",NA,NA,NA,"","[1.1005915999412537]","['h']",1,NA,34,1,1,"Negative",50.5,88,51,89,51,96,0.5,1,8,0.5,0,1,"Negative",0.775,0.945945945945946,0.888300307502504,1.01987462221425,0.131574314711745,51,75,NA
"writer","h","PM cue","",NA,NA,NA,"","[0.9176398999989033]","['h']",1,NA,34,1,1,"Negative",50.5,88,51,89,51,96,0.5,1,8,0.5,0,1,"Negative",0.775,0.945945945945946,0.888300307502504,1.01987462221425,0.131574314711745,51,75,NA
"bottle","h","PM cue","",NA,NA,NA,"","[1.2336665000766516]","['l']",0,NA,34,1,0,"Negative",50.5,88,51,89,51,96,0.5,1,8,0.5,0,1,"Negative",0.775,0.945945945945946,0.888300307502504,1.01987462221425,0.131574314711745,51,75,NA
"event","h","PM cue","",NA,NA,NA,"","[0.9174451001454145]","['h']",1,NA,34,1,1,"Negative",50.5,88,51,89,51,96,0.5,1,8,0.5,0,1,"Negative",0.775,0.945945945945946,0.888300307502504,1.01987462221425,0.131574314711745,51,75,NA
"detail","h","PM cue","",NA,NA,NA,"","[]","None",0,NA,35,1,0,"Negative",18.5,69.5,15,25,15,97,-3.5,-44.5,27.5,-3.5,0,1,"Negative",0.9,0.864864864864865,0.945742507482646,1.05391829437576,0.108175786893116,76,81,NA
"village","h","PM cue","",NA,NA,NA,"","[1.083628199994564]","['l']",0,NA,35,1,0,"Negative",18.5,69.5,15,25,15,97,-3.5,-44.5,27.5,-3.5,0,1,"Negative",0.9,0.864864864864865,0.945742507482646,1.05391829437576,0.108175786893116,76,81,NA
"circle","h","PM cue","",NA,NA,NA,"","[1.3004506998695433, 2.3336211000569165]","['l', 'h']",0,NA,35,1,1,"Negative",18.5,69.5,15,25,15,97,-3.5,-44.5,27.5,-3.5,0,1,"Negative",0.9,0.864864864864865,0.945742507482646,1.05391829437576,0.108175786893116,76,81,NA
"detail","h","PM cue","",NA,NA,NA,"","[1.383697499986738]","['d']",0,NA,35,1,0,"Negative",18.5,69.5,15,25,15,97,-3.5,-44.5,27.5,-3.5,0,1,"Negative",0.9,0.864864864864865,0.945742507482646,1.05391829437576,0.108175786893116,76,81,NA
"circle","h","PM cue","",NA,NA,NA,"","[0.7674610000103712]","['d']",0,NA,35,1,0,"Negative",18.5,69.5,15,25,15,97,-3.5,-44.5,27.5,-3.5,0,1,"Negative",0.9,0.864864864864865,0.945742507482646,1.05391829437576,0.108175786893116,76,81,NA
"village","h","PM cue","",NA,NA,NA,"","[1.5671288999728858]","['l']",0,NA,35,1,0,"Negative",18.5,69.5,15,25,15,97,-3.5,-44.5,27.5,-3.5,0,1,"Negative",0.9,0.864864864864865,0.945742507482646,1.05391829437576,0.108175786893116,76,81,NA
"wagon","h","PM cue","",NA,NA,NA,"","[1.2341641000239179]","['h']",1,NA,36,1,1,"Negative",72,45.5,53,63,52,70,-19,17.5,24.5,-20,1,1,"Negative",1,0.972972972972973,0.662549960006436,0.741005172977394,0.078455212970958,20,97,NA
"teacher","h","PM cue","",NA,NA,NA,"","[1.767304100038018]","['h']",1,NA,36,1,1,"Negative",72,45.5,53,63,52,70,-19,17.5,24.5,-20,1,1,"Negative",1,0.972972972972973,0.662549960006436,0.741005172977394,0.078455212970958,20,97,NA
"curious","h","PM cue","",NA,NA,NA,"","[1.383966800000053]","['h']",1,NA,36,1,1,"Negative",72,45.5,53,63,52,70,-19,17.5,24.5,-20,1,1,"Negative",1,0.972972972972973,0.662549960006436,0.741005172977394,0.078455212970958,20,97,NA
"wagon","h","PM cue","",NA,NA,NA,"","[1.166863500024192]","['h']",1,NA,36,1,1,"Negative",72,45.5,53,63,52,70,-19,17.5,24.5,-20,1,1,"Negative",1,0.972972972972973,0.662549960006436,0.741005172977394,0.078455212970958,20,97,NA
"curious","h","PM cue","",NA,NA,NA,"","[1.5169861000031233]","['h']",1,NA,36,1,1,"Negative",72,45.5,53,63,52,70,-19,17.5,24.5,-20,1,1,"Negative",1,0.972972972972973,0.662549960006436,0.741005172977394,0.078455212970958,20,97,NA
"teacher","h","PM cue","",NA,NA,NA,"","[1.2506704000406899]","['h']",1,NA,36,1,1,"Negative",72,45.5,53,63,52,70,-19,17.5,24.5,-20,1,1,"Negative",1,0.972972972972973,0.662549960006436,0.741005172977394,0.078455212970958,20,97,NA
"detail","h","PM cue","",NA,NA,NA,"","[0.8507893999922089]","['d']",0,NA,37,1,0,"Negative",50.5,66,42,61,11,71,-8.5,-5,5,-39.5,1,1,"Negative",0.85,0.77027027027027,0.823497076922556,0.759122310958209,-0.0643747659643465,72,89,NA
"village","h","PM cue","",NA,NA,NA,"","[0.8834645999886561]","['d']",0,NA,37,1,0,"Negative",50.5,66,42,61,11,71,-8.5,-5,5,-39.5,1,1,"Negative",0.85,0.77027027027027,0.823497076922556,0.759122310958209,-0.0643747659643465,72,89,NA
"circle","h","PM cue","",NA,NA,NA,"","[0.7838335999986157]","['d']",0,NA,37,1,0,"Negative",50.5,66,42,61,11,71,-8.5,-5,5,-39.5,1,1,"Negative",0.85,0.77027027027027,0.823497076922556,0.759122310958209,-0.0643747659643465,72,89,NA
"detail","h","PM cue","",NA,NA,NA,"","[0.7168499999970663]","['l']",0,NA,37,1,0,"Negative",50.5,66,42,61,11,71,-8.5,-5,5,-39.5,1,1,"Negative",0.85,0.77027027027027,0.823497076922556,0.759122310958209,-0.0643747659643465,72,89,NA
"circle","h","PM cue","",NA,NA,NA,"","[0.8169063000241295]","['d']",0,NA,37,1,0,"Negative",50.5,66,42,61,11,71,-8.5,-5,5,-39.5,1,1,"Negative",0.85,0.77027027027027,0.823497076922556,0.759122310958209,-0.0643747659643465,72,89,NA
"village","h","PM cue","",NA,NA,NA,"","[0.5175082000205293, 0.8340140000218526]","['l', 'd']",0,NA,37,1,0,"Negative",50.5,66,42,61,11,71,-8.5,-5,5,-39.5,1,1,"Negative",0.85,0.77027027027027,0.823497076922556,0.759122310958209,-0.0643747659643465,72,89,NA
"wagon","h","PM cue","",NA,NA,NA,"","[1.1842244000872597]","['h']",1,NA,38,1,1,"Negative",50.5,61.5,41,56,43,52,-9.5,-5.5,-9.5,-7.5,1,1,"Negative",0.975,0.932432432432432,0.692260875005741,0.808553408220576,0.116292533214836,52,80,NA
"teacher","h","PM cue","",NA,NA,NA,"","[1.2833670999389142]","['h']",1,NA,38,1,1,"Negative",50.5,61.5,41,56,43,52,-9.5,-5.5,-9.5,-7.5,1,1,"Negative",0.975,0.932432432432432,0.692260875005741,0.808553408220576,0.116292533214836,52,80,NA
"curious","h","PM cue","",NA,NA,NA,"","[0.9008176999632269]","['l']",0,NA,38,1,0,"Negative",50.5,61.5,41,56,43,52,-9.5,-5.5,-9.5,-7.5,1,1,"Negative",0.975,0.932432432432432,0.692260875005741,0.808553408220576,0.116292533214836,52,80,NA
"wagon","h","PM cue","",NA,NA,NA,"","[1.7173993000760674]","['h']",1,NA,38,1,1,"Negative",50.5,61.5,41,56,43,52,-9.5,-5.5,-9.5,-7.5,1,1,"Negative",0.975,0.932432432432432,0.692260875005741,0.808553408220576,0.116292533214836,52,80,NA
"curious","h","PM cue","",NA,NA,NA,"","[1.9173780999844894]","['h']",1,NA,38,1,1,"Negative",50.5,61.5,41,56,43,52,-9.5,-5.5,-9.5,-7.5,1,1,"Negative",0.975,0.932432432432432,0.692260875005741,0.808553408220576,0.116292533214836,52,80,NA
"teacher","h","PM cue","",NA,NA,NA,"","[1.4834593998966739]","['h']",1,NA,38,1,1,"Negative",50.5,61.5,41,56,43,52,-9.5,-5.5,-9.5,-7.5,1,1,"Negative",0.975,0.932432432432432,0.692260875005741,0.808553408220576,0.116292533214836,52,80,NA
"bottle","h","PM cue","",NA,NA,NA,"","[2.1670062000048347]","['h']",1,NA,39,1,1,"Negative",31.5,73,41,80,41,80,9.5,7,7,9.5,0,1,"Negative",0.925,0.959459459459459,0.919232220000413,0.870689318056167,-0.0485429019442463,41,64,NA
"writer","h","PM cue","",NA,NA,NA,"","[1.283735400007572]","['h']",1,NA,39,1,1,"Negative",31.5,73,41,80,41,80,9.5,7,7,9.5,0,1,"Negative",0.925,0.959459459459459,0.919232220000413,0.870689318056167,-0.0485429019442463,41,64,NA
"event","h","PM cue","",NA,NA,NA,"","[1.467195100034587]","['h']",1,NA,39,1,1,"Negative",31.5,73,41,80,41,80,9.5,7,7,9.5,0,1,"Negative",0.925,0.959459459459459,0.919232220000413,0.870689318056167,-0.0485429019442463,41,64,NA
"writer","h","PM cue","",NA,NA,NA,"","[1.5668812000076286]","['h']",1,NA,39,1,1,"Negative",31.5,73,41,80,41,80,9.5,7,7,9.5,0,1,"Negative",0.925,0.959459459459459,0.919232220000413,0.870689318056167,-0.0485429019442463,41,64,NA
"bottle","h","PM cue","",NA,NA,NA,"","[1.2842050999752246]","['h']",1,NA,39,1,1,"Negative",31.5,73,41,80,41,80,9.5,7,7,9.5,0,1,"Negative",0.925,0.959459459459459,0.919232220000413,0.870689318056167,-0.0485429019442463,41,64,NA
"event","h","PM cue","",NA,NA,NA,"","[0.7172274999902584]","['l']",0,NA,39,1,0,"Negative",31.5,73,41,80,41,80,9.5,7,7,9.5,0,1,"Negative",0.925,0.959459459459459,0.919232220000413,0.870689318056167,-0.0485429019442463,41,64,NA
"bottle","h","PM cue","",NA,NA,NA,"","[1.4169817000001785]","['h']",1,NA,4,1,1,"Negative",80,63.5,89,82,81,71,9,18.5,7.5,1,1,1,"Negative",0.95,0.810810810810811,0.6849578750001,1.18225090985913,0.497293034859034,44,72,NA
"writer","h","PM cue","",NA,NA,NA,"","[1.317067599999973]","['l']",0,NA,4,1,0,"Negative",80,63.5,89,82,81,71,9,18.5,7.5,1,0,1,"Negative",0.95,0.810810810810811,0.6849578750001,1.18225090985913,0.497293034859034,44,72,NA
"event","h","PM cue","",NA,NA,NA,"","[1.866812199999913]","['h']",1,NA,4,1,1,"Negative",80,63.5,89,82,81,71,9,18.5,7.5,1,1,1,"Negative",0.95,0.810810810810811,0.6849578750001,1.18225090985913,0.497293034859034,44,72,NA
"writer","h","PM cue","",NA,NA,NA,"","[0.7342650000000503]","['l']",0,NA,4,1,0,"Negative",80,63.5,89,82,81,71,9,18.5,7.5,1,0,1,"Negative",0.95,0.810810810810811,0.6849578750001,1.18225090985913,0.497293034859034,44,72,NA
"bottle","h","PM cue","",NA,NA,NA,"","[1.2504549000004772]","['h']",1,NA,4,1,1,"Negative",80,63.5,89,82,81,71,9,18.5,7.5,1,1,1,"Negative",0.95,0.810810810810811,0.6849578750001,1.18225090985913,0.497293034859034,44,72,NA
"event","h","PM cue","",NA,NA,NA,"","[1.3005348999995476, 2.1672020999994857]","['h', 'l']",1,NA,4,1,1,"Negative",80,63.5,89,82,81,71,9,18.5,7.5,1,1,1,"Negative",0.95,0.810810810810811,0.6849578750001,1.18225090985913,0.497293034859034,44,72,NA
"bottle","h","PM cue","",NA,NA,NA,"","[1.4167992000002414]","['h']",1,NA,40,1,1,"Negative",100,80,41,60,81,80,-59,-20,0,-19,1,1,"Negative",0.975,0.945945945945946,0.810984260000987,0.956283010806687,0.1452987508057,42,53,NA
"writer","h","PM cue","",NA,NA,NA,"","[1.05061730009038]","['h']",1,NA,40,1,1,"Negative",100,80,41,60,81,80,-59,-20,0,-19,1,1,"Negative",0.975,0.945945945945946,0.810984260000987,0.956283010806687,0.1452987508057,42,53,NA
"event","h","PM cue","",NA,NA,NA,"","[1.0837443999480456]","['h']",1,NA,40,1,1,"Negative",100,80,41,60,81,80,-59,-20,0,-19,1,1,"Negative",0.975,0.945945945945946,0.810984260000987,0.956283010806687,0.1452987508057,42,53,NA
"writer","h","PM cue","",NA,NA,NA,"","[0.9505178000545129]","['h']",1,NA,40,1,1,"Negative",100,80,41,60,81,80,-59,-20,0,-19,1,1,"Negative",0.975,0.945945945945946,0.810984260000987,0.956283010806687,0.1452987508057,42,53,NA
"bottle","h","PM cue","",NA,NA,NA,"","[1.1996521000983194]","['h']",1,NA,40,1,1,"Negative",100,80,41,60,81,80,-59,-20,0,-19,1,1,"Negative",0.975,0.945945945945946,0.810984260000987,0.956283010806687,0.1452987508057,42,53,NA
"event","h","PM cue","",NA,NA,NA,"","[1.4338957000290975]","['h']",1,NA,40,1,1,"Negative",100,80,41,60,81,80,-59,-20,0,-19,1,1,"Negative",0.975,0.945945945945946,0.810984260000987,0.956283010806687,0.1452987508057,42,53,NA
"detail","h","PM cue","",NA,NA,NA,"","[1.7173359000007622]","['l']",0,NA,41,2,0,"Negative",80.5,99,52,89,40,84,-28.5,-10,-15,-40.5,1,1,"Negative",0.775,0.783783783783784,0.882280943591375,1.14127767746481,0.258996733873436,62,79,NA
"village","h","PM cue","",NA,NA,NA,"","[]","None",0,NA,41,2,0,"Negative",80.5,99,52,89,40,84,-28.5,-10,-15,-40.5,0,1,"Negative",0.775,0.783783783783784,0.882280943591375,1.14127767746481,0.258996733873436,62,79,NA
"circle","h","PM cue","",NA,NA,NA,"","[0.7672241000109352]","['l']",0,NA,41,2,0,"Negative",80.5,99,52,89,40,84,-28.5,-10,-15,-40.5,1,1,"Negative",0.775,0.783783783783784,0.882280943591375,1.14127767746481,0.258996733873436,62,79,NA
"detail","h","PM cue","",NA,NA,NA,"","[1.1336325000156648]","['l']",0,NA,41,2,0,"Negative",80.5,99,52,89,40,84,-28.5,-10,-15,-40.5,1,1,"Negative",0.775,0.783783783783784,0.882280943591375,1.14127767746481,0.258996733873436,62,79,NA
"circle","h","PM cue","",NA,NA,NA,"","[1.0007713999948464]","['d']",0,NA,41,2,0,"Negative",80.5,99,52,89,40,84,-28.5,-10,-15,-40.5,1,1,"Negative",0.775,0.783783783783784,0.882280943591375,1.14127767746481,0.258996733873436,62,79,NA
"village","h","PM cue","",NA,NA,NA,"","[1.2672439999878407]","['d']",0,NA,41,2,0,"Negative",80.5,99,52,89,40,84,-28.5,-10,-15,-40.5,0,1,"Negative",0.775,0.783783783783784,0.882280943591375,1.14127767746481,0.258996733873436,62,79,NA
"wagon","h","PM cue","",NA,NA,NA,"","[1.6342361000133678, 2.866958800004795]","['l', 'h']",0,NA,42,1,1,"Negative",39.5,99,41,100,41,100,1.5,1,1,1.5,1,1,"Negative",0.975,0.905405405405405,0.91629468750325,1.05798978903985,0.141695101536597,68,94,NA
"teacher","h","PM cue","",NA,NA,NA,"","[1.4168771000113338, 1.9334356999606825]","['l', 'h']",0,NA,42,1,1,"Negative",39.5,99,41,100,41,100,1.5,1,1,1.5,1,1,"Negative",0.975,0.905405405405405,0.91629468750325,1.05798978903985,0.141695101536597,68,94,NA
"curious","h","PM cue","",NA,NA,NA,"","[1.0677930999663658]","['l']",0,NA,42,1,0,"Negative",39.5,99,41,100,41,100,1.5,1,1,1.5,1,1,"Negative",0.975,0.905405405405405,0.91629468750325,1.05798978903985,0.141695101536597,68,94,NA
"wagon","h","PM cue","",NA,NA,NA,"","[1.0002732999855652, 2.0670250999974087]","['d', 'h']",0,NA,42,1,1,"Negative",39.5,99,41,100,41,100,1.5,1,1,1.5,1,1,"Negative",0.975,0.905405405405405,0.91629468750325,1.05798978903985,0.141695101536597,68,94,NA
"curious","h","PM cue","",NA,NA,NA,"","[1.2504852000274695]","['l']",0,NA,42,1,0,"Negative",39.5,99,41,100,41,100,1.5,1,1,1.5,1,1,"Negative",0.975,0.905405405405405,0.91629468750325,1.05798978903985,0.141695101536597,68,94,NA
"teacher","h","PM cue","",NA,NA,NA,"","[1.517163399956189, 2.0337255999911577]","['l', 'h']",0,NA,42,1,1,"Negative",39.5,99,41,100,41,100,1.5,1,1,1.5,1,1,"Negative",0.975,0.905405405405405,0.91629468750325,1.05798978903985,0.141695101536597,68,94,NA
"detail","h","PM cue","",NA,NA,NA,"","[1.1173120000166818]","['h']",1,NA,43,2,1,"Negative",74,47.5,61,62,61,59,-13,14.5,11.5,-13,1,1,"Negative",0.975,0.972972972972973,0.920325434998813,1.08400511351608,0.163679678517263,54,85,NA
"village","h","PM cue","",NA,NA,NA,"","[1.0338948999997228]","['h']",1,NA,43,2,1,"Negative",74,47.5,61,62,61,59,-13,14.5,11.5,-13,1,1,"Negative",0.975,0.972972972972973,0.920325434998813,1.08400511351608,0.163679678517263,54,85,NA
"circle","h","PM cue","",NA,NA,NA,"","[1.6337671999935992]","['h']",1,NA,43,2,1,"Negative",74,47.5,61,62,61,59,-13,14.5,11.5,-13,1,1,"Negative",0.975,0.972972972972973,0.920325434998813,1.08400511351608,0.163679678517263,54,85,NA
"detail","h","PM cue","",NA,NA,NA,"","[1.2673929999873508]","['l']",0,NA,43,2,0,"Negative",74,47.5,61,62,61,59,-13,14.5,11.5,-13,1,1,"Negative",0.975,0.972972972972973,0.920325434998813,1.08400511351608,0.163679678517263,54,85,NA
"circle","h","PM cue","",NA,NA,NA,"","[1.4170884999912232]","['h']",1,NA,43,2,1,"Negative",74,47.5,61,62,61,59,-13,14.5,11.5,-13,1,1,"Negative",0.975,0.972972972972973,0.920325434998813,1.08400511351608,0.163679678517263,54,85,NA
"village","h","PM cue","",NA,NA,NA,"","[1.0834690000046976]","['h']",1,NA,43,2,1,"Negative",74,47.5,61,62,61,59,-13,14.5,11.5,-13,1,1,"Negative",0.975,0.972972972972973,0.920325434998813,1.08400511351608,0.163679678517263,54,85,NA
"wagon","h","PM cue","",NA,NA,NA,"","[0.8508551999693736, 2.3506671999930404]","['l', 'h']",0,NA,44,1,1,"Negative",62.5,48,26,76,22,83,-36.5,28,35,-40.5,1,1,"Negative",1,0.959459459459459,0.747199740003271,0.900706737837912,0.153506997834641,70,86,NA
"teacher","h","PM cue","",NA,NA,NA,"","[0.9672330000321381]","['h']",1,NA,44,1,1,"Negative",62.5,48,26,76,22,83,-36.5,28,35,-40.5,1,1,"Negative",1,0.959459459459459,0.747199740003271,0.900706737837912,0.153506997834641,70,86,NA
"curious","h","PM cue","",NA,NA,NA,"","[1.1339262999827042]","['h']",1,NA,44,1,1,"Negative",62.5,48,26,76,22,83,-36.5,28,35,-40.5,1,1,"Negative",1,0.959459459459459,0.747199740003271,0.900706737837912,0.153506997834641,70,86,NA
"wagon","h","PM cue","",NA,NA,NA,"","[1.249749599955976, 1.9503284999518655, 2.16714839998167, 2.3338272999972105]","['l', 'd', 'h', 'h']",0,NA,44,1,1,"Negative",62.5,48,26,76,22,83,-36.5,28,35,-40.5,1,1,"Negative",1,0.959459459459459,0.747199740003271,0.900706737837912,0.153506997834641,70,86,NA
"curious","h","PM cue","",NA,NA,NA,"","[0.9502903000102378]","['h']",1,NA,44,1,1,"Negative",62.5,48,26,76,22,83,-36.5,28,35,-40.5,1,1,"Negative",1,0.959459459459459,0.747199740003271,0.900706737837912,0.153506997834641,70,86,NA
"teacher","h","PM cue","",NA,NA,NA,"","[0.9504568999982439]","['h']",1,NA,44,1,1,"Negative",62.5,48,26,76,22,83,-36.5,28,35,-40.5,1,1,"Negative",1,0.959459459459459,0.747199740003271,0.900706737837912,0.153506997834641,70,86,NA
"bottle","h","PM cue","",NA,NA,NA,"","[1.4839138999814168]","['l']",0,NA,45,1,0,"Negative",67,71,64,48,63,57,-3,-23,-14,-4,1,1,"Negative",0.975,0.932432432432432,1.23100686999387,1.40377441666108,0.172767546667213,59,88,NA
"writer","h","PM cue","",NA,NA,NA,"","[1.5836098999716341]","['h']",1,NA,45,1,1,"Negative",67,71,64,48,63,57,-3,-23,-14,-4,1,1,"Negative",0.975,0.932432432432432,1.23100686999387,1.40377441666108,0.172767546667213,59,88,NA
"event","h","PM cue","",NA,NA,NA,"","[1.8836115000303835]","['l']",0,NA,45,1,0,"Negative",67,71,64,48,63,57,-3,-23,-14,-4,1,1,"Negative",0.975,0.932432432432432,1.23100686999387,1.40377441666108,0.172767546667213,59,88,NA
"writer","h","PM cue","",NA,NA,NA,"","[1.6335870999610052]","['h']",1,NA,45,1,1,"Negative",67,71,64,48,63,57,-3,-23,-14,-4,1,1,"Negative",0.975,0.932432432432432,1.23100686999387,1.40377441666108,0.172767546667213,59,88,NA
"bottle","h","PM cue","",NA,NA,NA,"","[1.6503553999355063]","['h']",1,NA,45,1,1,"Negative",67,71,64,48,63,57,-3,-23,-14,-4,1,1,"Negative",0.975,0.932432432432432,1.23100686999387,1.40377441666108,0.172767546667213,59,88,NA
"event","h","PM cue","",NA,NA,NA,"","[1.6668868999695405]","['h']",1,NA,45,1,1,"Negative",67,71,64,48,63,57,-3,-23,-14,-4,1,1,"Negative",0.975,0.932432432432432,1.23100686999387,1.40377441666108,0.172767546667213,59,88,NA
"bottle","h","PM cue","",NA,NA,NA,"","[1.6671553999185562]","['h']",1,NA,46,1,1,"Negative",90,65,83,67,78,76,-7,2,11,-12,1,1,"Negative",0.85,0.932432432432432,0.801819425634443,0.929335933779618,0.127516508145175,32,52,NA
"writer","h","PM cue","",NA,NA,NA,"","[2.3168088999809697]","['h']",1,NA,46,1,1,"Negative",90,65,83,67,78,76,-7,2,11,-12,1,1,"Negative",0.85,0.932432432432432,0.801819425634443,0.929335933779618,0.127516508145175,32,52,NA
"event","h","PM cue","",NA,NA,NA,"","[1.3672263999469578]","['h']",1,NA,46,1,1,"Negative",90,65,83,67,78,76,-7,2,11,-12,1,1,"Negative",0.85,0.932432432432432,0.801819425634443,0.929335933779618,0.127516508145175,32,52,NA
"writer","h","PM cue","",NA,NA,NA,"","[1.5506716000381857]","['h']",1,NA,46,1,1,"Negative",90,65,83,67,78,76,-7,2,11,-12,1,1,"Negative",0.85,0.932432432432432,0.801819425634443,0.929335933779618,0.127516508145175,32,52,NA
"bottle","h","PM cue","",NA,NA,NA,"","[1.4672432999359444]","['h']",1,NA,46,1,1,"Negative",90,65,83,67,78,76,-7,2,11,-12,1,1,"Negative",0.85,0.932432432432432,0.801819425634443,0.929335933779618,0.127516508145175,32,52,NA
"event","h","PM cue","",NA,NA,NA,"","[1.4005645998986438]","['h']",1,NA,46,1,1,"Negative",90,65,83,67,78,76,-7,2,11,-12,1,1,"Negative",0.85,0.932432432432432,0.801819425634443,0.929335933779618,0.127516508145175,32,52,NA
"detail","h","PM cue","",NA,NA,NA,"","[0.8503484000684693]","['l']",0,NA,47,1,0,"Negative",21,79.5,18,83,18,83,-3,3.5,3.5,-3,0,1,"Negative",1,0.905405405405405,0.756255662505282,0.883006267125195,0.126750604619913,66,87,NA
"village","h","PM cue","",NA,NA,NA,"","[0.7671541000017896]","['l']",0,NA,47,1,0,"Negative",21,79.5,18,83,18,83,-3,3.5,3.5,-3,0,1,"Negative",1,0.905405405405405,0.756255662505282,0.883006267125195,0.126750604619913,66,87,NA
"circle","h","PM cue","",NA,NA,NA,"","[0.6507702999515459]","['l']",0,NA,47,1,0,"Negative",21,79.5,18,83,18,83,-3,3.5,3.5,-3,0,1,"Negative",1,0.905405405405405,0.756255662505282,0.883006267125195,0.126750604619913,66,87,NA
"detail","h","PM cue","",NA,NA,NA,"","[0.6171570000005886]","['l']",0,NA,47,1,0,"Negative",21,79.5,18,83,18,83,-3,3.5,3.5,-3,0,1,"Negative",1,0.905405405405405,0.756255662505282,0.883006267125195,0.126750604619913,66,87,NA
"circle","h","PM cue","",NA,NA,NA,"","[0.9836359999608248]","['l']",0,NA,47,1,0,"Negative",21,79.5,18,83,18,83,-3,3.5,3.5,-3,0,1,"Negative",1,0.905405405405405,0.756255662505282,0.883006267125195,0.126750604619913,66,87,NA
"village","h","PM cue","",NA,NA,NA,"","[0.83405770000536]","['l']",0,NA,47,1,0,"Negative",21,79.5,18,83,18,83,-3,3.5,3.5,-3,0,1,"Negative",1,0.905405405405405,0.756255662505282,0.883006267125195,0.126750604619913,66,87,NA
"wagon","h","PM cue","",NA,NA,NA,"","[1.5169295000378042]","['h']",1,NA,48,1,1,"Negative",69.5,53.5,21,51,37,50,-48.5,-2.5,-3.5,-32.5,1,1,"Negative",0.975,1,0.695898237515939,0.815991762166566,0.120093524650627,42,62,NA
"teacher","h","PM cue","",NA,NA,NA,"","[1.7002447000704706]","['h']",1,NA,48,1,1,"Negative",69.5,53.5,21,51,37,50,-48.5,-2.5,-3.5,-32.5,1,1,"Negative",0.975,1,0.695898237515939,0.815991762166566,0.120093524650627,42,62,NA
"curious","h","PM cue","",NA,NA,NA,"","[1.1502545999828726]","['h']",1,NA,48,1,1,"Negative",69.5,53.5,21,51,37,50,-48.5,-2.5,-3.5,-32.5,1,1,"Negative",0.975,1,0.695898237515939,0.815991762166566,0.120093524650627,42,62,NA
"wagon","h","PM cue","",NA,NA,NA,"","[1.2339999999385327]","['h']",1,NA,48,1,1,"Negative",69.5,53.5,21,51,37,50,-48.5,-2.5,-3.5,-32.5,1,1,"Negative",0.975,1,0.695898237515939,0.815991762166566,0.120093524650627,42,62,NA
"curious","h","PM cue","",NA,NA,NA,"","[1.3168303000275046]","['h']",1,NA,48,1,1,"Negative",69.5,53.5,21,51,37,50,-48.5,-2.5,-3.5,-32.5,1,1,"Negative",0.975,1,0.695898237515939,0.815991762166566,0.120093524650627,42,62,NA
"teacher","h","PM cue","",NA,NA,NA,"","[1.3342277000192553]","['h']",1,NA,48,1,1,"Negative",69.5,53.5,21,51,37,50,-48.5,-2.5,-3.5,-32.5,1,1,"Negative",0.975,1,0.695898237515939,0.815991762166566,0.120093524650627,42,62,NA
"detail","h","PM cue","",NA,NA,NA,"","[0.9005497000007381, 1.250551400000404, 1.8004713000000265, 2.0837562000006074]","['l', 'h', 'h', 'h']",0,NA,49,1,1,"Negative",98,95,66,78,72,64,-32,-17,-31,-26,1,1,"Negative",0.95,0.972972972972973,0.396578620000037,0.537626171232846,0.14104755123281,61,77,NA
"village","h","PM cue","",NA,NA,NA,"","[0.5339506000000256, 1.4838587000003827]","['l', 'h']",0,NA,49,1,1,"Negative",98,95,66,78,72,64,-32,-17,-31,-26,1,1,"Negative",0.95,0.972972972972973,0.396578620000037,0.537626171232846,0.14104755123281,61,77,NA
"circle","h","PM cue","",NA,NA,NA,"","[1.2334008999996513, 1.5670609999997396]","['h', 'l']",1,NA,49,1,1,"Negative",98,95,66,78,72,64,-32,-17,-31,-26,1,1,"Negative",0.95,0.972972972972973,0.396578620000037,0.537626171232846,0.14104755123281,61,77,NA
"detail","h","PM cue","",NA,NA,NA,"","[1.133901600000172, 1.4838734000004479]","['h', 'l']",1,NA,49,1,1,"Negative",98,95,66,78,72,64,-32,-17,-31,-26,1,1,"Negative",0.95,0.972972972972973,0.396578620000037,0.537626171232846,0.14104755123281,61,77,NA
"circle","h","PM cue","",NA,NA,NA,"","[1.2505210999997871, 1.6334878999996363]","['h', 'l']",1,NA,49,1,1,"Negative",98,95,66,78,72,64,-32,-17,-31,-26,1,1,"Negative",0.95,0.972972972972973,0.396578620000037,0.537626171232846,0.14104755123281,61,77,NA
"village","h","PM cue","",NA,NA,NA,"","[1.1334535999994841, 1.4837082999993072]","['h', 'l']",1,NA,49,1,1,"Negative",98,95,66,78,72,64,-32,-17,-31,-26,1,1,"Negative",0.95,0.972972972972973,0.396578620000037,0.537626171232846,0.14104755123281,61,77,NA
"detail","h","PM cue","",NA,NA,NA,"","[0.5669589000754058, 2.067306000040844]","['l', 'h']",0,NA,5,2,1,"Negative",51,43.5,42,44,50,68,-9,0.5,24.5,-1,1,1,"Negative",1,1,0.568429079995258,0.69464712026938,0.126218040274123,66,81,NA
"village","h","PM cue","",NA,NA,NA,"","[0.7675097000319511]","['h']",1,NA,5,2,1,"Negative",51,43.5,42,44,50,68,-9,0.5,24.5,-1,1,1,"Negative",1,1,0.568429079995258,0.69464712026938,0.126218040274123,66,81,NA
"circle","h","PM cue","",NA,NA,NA,"","[0.7672374000540003]","['h']",1,NA,5,2,1,"Negative",51,43.5,42,44,50,68,-9,0.5,24.5,-1,1,1,"Negative",1,1,0.568429079995258,0.69464712026938,0.126218040274123,66,81,NA
"detail","h","PM cue","",NA,NA,NA,"","[1.2339868999551982]","['h']",1,NA,5,2,1,"Negative",51,43.5,42,44,50,68,-9,0.5,24.5,-1,1,1,"Negative",1,1,0.568429079995258,0.69464712026938,0.126218040274123,66,81,NA
"circle","h","PM cue","",NA,NA,NA,"","[0.7170109000289813]","['h']",1,NA,5,2,1,"Negative",51,43.5,42,44,50,68,-9,0.5,24.5,-1,1,1,"Negative",1,1,0.568429079995258,0.69464712026938,0.126218040274123,66,81,NA
"village","h","PM cue","",NA,NA,NA,"","[0.8839370999485254]","['h']",1,NA,5,2,1,"Negative",51,43.5,42,44,50,68,-9,0.5,24.5,-1,1,1,"Negative",1,1,0.568429079995258,0.69464712026938,0.126218040274123,66,81,NA
"wagon","h","PM cue","",NA,NA,NA,"","[1.0005147000010766]","['h']",1,NA,50,3,1,"Negative",78,94,44,66,53,80,-34,-28,-14,-25,1,1,"Negative",0.875,0.905405405405405,0.83647890526328,0.927503002702734,0.0910240974394537,49,NA,NA
"teacher","h","PM cue","",NA,NA,NA,"","[0.8003054000000702]","['h']",1,NA,50,3,1,"Negative",78,94,44,66,53,80,-34,-28,-14,-25,1,1,"Negative",0.875,0.905405405405405,0.83647890526328,0.927503002702734,0.0910240974394537,49,NA,NA
"curious","h","PM cue","",NA,NA,NA,"","[1.817795599999954]","['h']",1,NA,50,3,1,"Negative",78,94,44,66,53,80,-34,-28,-14,-25,1,1,"Negative",0.875,0.905405405405405,0.83647890526328,0.927503002702734,0.0910240974394537,49,NA,NA
"wagon","h","PM cue","",NA,NA,NA,"","[0.8503835999981675]","['h']",1,NA,50,3,1,"Negative",78,94,44,66,53,80,-34,-28,-14,-25,1,1,"Negative",0.875,0.905405405405405,0.83647890526328,0.927503002702734,0.0910240974394537,49,NA,NA
"curious","h","PM cue","",NA,NA,NA,"","[1.3328271999998833]","['h']",1,NA,50,3,1,"Negative",78,94,44,66,53,80,-34,-28,-14,-25,1,1,"Negative",0.875,0.905405405405405,0.83647890526328,0.927503002702734,0.0910240974394537,49,NA,NA
"teacher","h","PM cue","",NA,NA,NA,"","[1.1003720999979123]","['h']",1,NA,50,3,1,"Negative",78,94,44,66,53,80,-34,-28,-14,-25,1,1,"Negative",0.875,0.905405405405405,0.83647890526328,0.927503002702734,0.0910240974394537,49,NA,NA
"bottle","h","PM cue","",NA,NA,NA,"","[1.2671980000013718]","['h']",1,NA,51,1,1,"Negative",80.5,89.5,79,99,81,99,-1.5,9.5,9.5,0.5,1,1,"Negative",1,0.932432432432432,0.789716942499945,0.869828471232735,0.0801115287327899,27,36,NA
"writer","h","PM cue","",NA,NA,NA,"","[1.4337085999995907]","['l']",0,NA,51,1,0,"Negative",80.5,89.5,79,99,81,99,-1.5,9.5,9.5,0.5,1,1,"Negative",1,0.932432432432432,0.789716942499945,0.869828471232735,0.0801115287327899,27,36,NA
"event","h","PM cue","",NA,NA,NA,"","[0.9007545000004029]","['l']",0,NA,51,1,0,"Negative",80.5,89.5,79,99,81,99,-1.5,9.5,9.5,0.5,0,1,"Negative",1,0.932432432432432,0.789716942499945,0.869828471232735,0.0801115287327899,27,36,NA
"writer","h","PM cue","",NA,NA,NA,"","[1.267142300001069]","['h']",1,NA,51,1,1,"Negative",80.5,89.5,79,99,81,99,-1.5,9.5,9.5,0.5,1,1,"Negative",1,0.932432432432432,0.789716942499945,0.869828471232735,0.0801115287327899,27,36,NA
"bottle","h","PM cue","",NA,NA,NA,"","[1.050211699999636]","['h']",1,NA,51,1,1,"Negative",80.5,89.5,79,99,81,99,-1.5,9.5,9.5,0.5,1,1,"Negative",1,0.932432432432432,0.789716942499945,0.869828471232735,0.0801115287327899,27,36,NA
"event","h","PM cue","",NA,NA,NA,"","[0.8000826999996207]","['l']",0,NA,51,1,0,"Negative",80.5,89.5,79,99,81,99,-1.5,9.5,9.5,0.5,0,1,"Negative",1,0.932432432432432,0.789716942499945,0.869828471232735,0.0801115287327899,27,36,NA
"wagon","h","PM cue","",NA,NA,NA,"","[1.2001780999999028]","['l']",0,NA,52,1,0,"Negative",73.5,66,41,70,57,66,-32.5,4,0,-16.5,1,1,"Negative",1,0.918918918918919,1.08248722499975,0.998711648571563,-0.0837755764281869,50,80,NA
"teacher","h","PM cue","",NA,NA,NA,"","[0.617130200000247]","['l']",0,NA,52,1,0,"Negative",73.5,66,41,70,57,66,-32.5,4,0,-16.5,1,1,"Negative",1,0.918918918918919,1.08248722499975,0.998711648571563,-0.0837755764281869,50,80,NA
"curious","h","PM cue","",NA,NA,NA,"","[1.5339785999967717]","['h']",1,NA,52,1,1,"Negative",73.5,66,41,70,57,66,-32.5,4,0,-16.5,1,1,"Negative",1,0.918918918918919,1.08248722499975,0.998711648571563,-0.0837755764281869,50,80,NA
"wagon","h","PM cue","",NA,NA,NA,"","[0.9340898000009474, 1.2831138000001374]","['h', 'h']",1,NA,52,1,1,"Negative",73.5,66,41,70,57,66,-32.5,4,0,-16.5,1,1,"Negative",1,0.918918918918919,1.08248722499975,0.998711648571563,-0.0837755764281869,50,80,NA
"curious","h","PM cue","",NA,NA,NA,"","[1.1336880999988352]","['h']",1,NA,52,1,1,"Negative",73.5,66,41,70,57,66,-32.5,4,0,-16.5,1,1,"Negative",1,0.918918918918919,1.08248722499975,0.998711648571563,-0.0837755764281869,50,80,NA
"teacher","h","PM cue","",NA,NA,NA,"","[0.9006110000009357]","['h']",1,NA,52,1,1,"Negative",73.5,66,41,70,57,66,-32.5,4,0,-16.5,1,1,"Negative",1,0.918918918918919,1.08248722499975,0.998711648571563,-0.0837755764281869,50,80,NA
"detail","h","PM cue","",NA,NA,NA,"","[1.3338895000006232]","['l']",0,NA,53,2,0,"Negative",78,78,82,69,81,80,4,-9,2,3,1,1,"Negative",0.9,0.810810810810811,0.900285400000007,0.949493431081132,0.0492080310811254,69,80,NA
"village","h","PM cue","",NA,NA,NA,"","[1.1671563999998398]","['h']",1,NA,53,2,1,"Negative",78,78,82,69,81,80,4,-9,2,3,1,1,"Negative",0.9,0.810810810810811,0.900285400000007,0.949493431081132,0.0492080310811254,69,80,NA
"circle","h","PM cue","",NA,NA,NA,"","[1.9836911000002146]","['d']",0,NA,53,2,0,"Negative",78,78,82,69,81,80,4,-9,2,3,1,1,"Negative",0.9,0.810810810810811,0.900285400000007,0.949493431081132,0.0492080310811254,69,80,NA
"detail","h","PM cue","",NA,NA,NA,"","[0.7169199999998455]","['d']",0,NA,53,2,0,"Negative",78,78,82,69,81,80,4,-9,2,3,1,1,"Negative",0.9,0.810810810810811,0.900285400000007,0.949493431081132,0.0492080310811254,69,80,NA
"circle","h","PM cue","",NA,NA,NA,"","[1.3335697000002256]","['h']",1,NA,53,2,1,"Negative",78,78,82,69,81,80,4,-9,2,3,1,1,"Negative",0.9,0.810810810810811,0.900285400000007,0.949493431081132,0.0492080310811254,69,80,NA
"village","h","PM cue","",NA,NA,NA,"","[0.98399850000078]","['h']",1,NA,53,2,1,"Negative",78,78,82,69,81,80,4,-9,2,3,1,1,"Negative",0.9,0.810810810810811,0.900285400000007,0.949493431081132,0.0492080310811254,69,80,NA
"wagon","h","PM cue","",NA,NA,NA,"","[0.5338793999981135, 2.6169659000006504, 2.966982600017218]","['d', 'h', 'h']",0,NA,54,1,1,"Negative",100,100,100,100,100,100,0,0,0,0,1,1,"Negative",0.9,0.945945945945946,0.645521279997047,0.821434912161675,0.175913632164628,32,67,NA
"teacher","h","PM cue","",NA,NA,NA,"","[0.8837251999939326]","['l']",0,NA,54,1,0,"Negative",100,100,100,100,100,100,0,0,0,0,1,1,"Negative",0.9,0.945945945945946,0.645521279997047,0.821434912161675,0.175913632164628,32,67,NA
"curious","h","PM cue","",NA,NA,NA,"","[1.3170854999916628]","['h']",1,NA,54,1,1,"Negative",100,100,100,100,100,100,0,0,0,0,1,1,"Negative",0.9,0.945945945945946,0.645521279997047,0.821434912161675,0.175913632164628,32,67,NA
"wagon","h","PM cue","",NA,NA,NA,"","[1.1503764000080992]","['h']",1,NA,54,1,1,"Negative",100,100,100,100,100,100,0,0,0,0,1,1,"Negative",0.9,0.945945945945946,0.645521279997047,0.821434912161675,0.175913632164628,32,67,NA
"curious","h","PM cue","",NA,NA,NA,"","[1.2672291999915615]","['h']",1,NA,54,1,1,"Negative",100,100,100,100,100,100,0,0,0,0,1,1,"Negative",0.9,0.945945945945946,0.645521279997047,0.821434912161675,0.175913632164628,32,67,NA
"teacher","h","PM cue","",NA,NA,NA,"","[1.9839261999877635]","['h']",1,NA,54,1,1,"Negative",100,100,100,100,100,100,0,0,0,0,1,1,"Negative",0.9,0.945945945945946,0.645521279997047,0.821434912161675,0.175913632164628,32,67,NA
"wagon","h","PM cue","",NA,NA,NA,"","[1.1009309999935795]","['h']",1,NA,55,1,1,"Negative",81,46,53,44,65,43,-28,-2,-3,-16,1,1,"Negative",1,0.986486486486487,0.823293152500992,0.77865087973053,-0.0446422727704614,43,70,NA
"teacher","h","PM cue","",NA,NA,NA,"","[1.0836870000057388]","['h']",1,NA,55,1,1,"Negative",81,46,53,44,65,43,-28,-2,-3,-16,1,1,"Negative",1,0.986486486486487,0.823293152500992,0.77865087973053,-0.0446422727704614,43,70,NA
"curious","h","PM cue","",NA,NA,NA,"","[0.900176700000884]","['h']",1,NA,55,1,1,"Negative",81,46,53,44,65,43,-28,-2,-3,-16,1,1,"Negative",1,0.986486486486487,0.823293152500992,0.77865087973053,-0.0446422727704614,43,70,NA
"wagon","h","PM cue","",NA,NA,NA,"","[0.9507309999899007]","['h']",1,NA,55,1,1,"Negative",81,46,53,44,65,43,-28,-2,-3,-16,1,1,"Negative",1,0.986486486486487,0.823293152500992,0.77865087973053,-0.0446422727704614,43,70,NA
"curious","h","PM cue","",NA,NA,NA,"","[0.7672923000063747]","['h']",1,NA,55,1,1,"Negative",81,46,53,44,65,43,-28,-2,-3,-16,1,1,"Negative",1,0.986486486486487,0.823293152500992,0.77865087973053,-0.0446422727704614,43,70,NA
"teacher","h","PM cue","",NA,NA,NA,"","[0.950434900005348]","['h']",1,NA,55,1,1,"Negative",81,46,53,44,65,43,-28,-2,-3,-16,1,1,"Negative",1,0.986486486486487,0.823293152500992,0.77865087973053,-0.0446422727704614,43,70,NA
"detail","h","PM cue","",NA,NA,NA,"","[1.3674704999993992]","['h']",1,NA,56,1,1,"Negative",100,99.5,88,100,99,96,-12,0.5,-3.5,-1,0,1,"Negative",0.975,0.945945945945946,0.711410597500071,1.01037153783799,0.298960940337914,37,71,NA
"village","h","PM cue","",NA,NA,NA,"","[0.9842833000002429]","['h']",1,NA,56,1,1,"Negative",100,99.5,88,100,99,96,-12,0.5,-3.5,-1,0,1,"Negative",0.975,0.945945945945946,0.711410597500071,1.01037153783799,0.298960940337914,37,71,NA
"circle","h","PM cue","",NA,NA,NA,"","[2.050388900001053]","['h']",1,NA,56,1,1,"Negative",100,99.5,88,100,99,96,-12,0.5,-3.5,-1,0,1,"Negative",0.975,0.945945945945946,0.711410597500071,1.01037153783799,0.298960940337914,37,71,NA
"detail","h","PM cue","",NA,NA,NA,"","[1.0003185000005033]","['h']",1,NA,56,1,1,"Negative",100,99.5,88,100,99,96,-12,0.5,-3.5,-1,0,1,"Negative",0.975,0.945945945945946,0.711410597500071,1.01037153783799,0.298960940337914,37,71,NA
"circle","h","PM cue","",NA,NA,NA,"","[1.0336864999990212]","['h']",1,NA,56,1,1,"Negative",100,99.5,88,100,99,96,-12,0.5,-3.5,-1,0,1,"Negative",0.975,0.945945945945946,0.711410597500071,1.01037153783799,0.298960940337914,37,71,NA
"village","h","PM cue","",NA,NA,NA,"","[1.350700599999982]","['h']",1,NA,56,1,1,"Negative",100,99.5,88,100,99,96,-12,0.5,-3.5,-1,0,1,"Negative",0.975,0.945945945945946,0.711410597500071,1.01037153783799,0.298960940337914,37,71,NA
"bottle","h","PM cue","",NA,NA,NA,"","[1.9668726999989303]","['h']",1,NA,57,1,1,"Negative",71,48,21,28,41,76,-50,-20,28,-30,1,1,"Negative",0.975,1,0.870966407692415,0.812555218918557,-0.0584111887738578,61,79,NA
"writer","h","PM cue","",NA,NA,NA,"","[1.183951099999831]","['h']",1,NA,57,1,1,"Negative",71,48,21,28,41,76,-50,-20,28,-30,0,1,"Negative",0.975,1,0.870966407692415,0.812555218918557,-0.0584111887738578,61,79,NA
"event","h","PM cue","",NA,NA,NA,"","[1.6336817999981577]","['h']",1,NA,57,1,1,"Negative",71,48,21,28,41,76,-50,-20,28,-30,0,1,"Negative",0.975,1,0.870966407692415,0.812555218918557,-0.0584111887738578,61,79,NA
"writer","h","PM cue","",NA,NA,NA,"","[1.0837090999993961]","['h']",1,NA,57,1,1,"Negative",71,48,21,28,41,76,-50,-20,28,-30,0,1,"Negative",0.975,1,0.870966407692415,0.812555218918557,-0.0584111887738578,61,79,NA
"bottle","h","PM cue","",NA,NA,NA,"","[1.0505798999984108]","['h']",1,NA,57,1,1,"Negative",71,48,21,28,41,76,-50,-20,28,-30,1,1,"Negative",0.975,1,0.870966407692415,0.812555218918557,-0.0584111887738578,61,79,NA
"event","h","PM cue","",NA,NA,NA,"","[1.1673043999981019]","['h']",1,NA,57,1,1,"Negative",71,48,21,28,41,76,-50,-20,28,-30,0,1,"Negative",0.975,1,0.870966407692415,0.812555218918557,-0.0584111887738578,61,79,NA
"bottle","h","PM cue","",NA,NA,NA,"","[1.1338177000034193]","['h']",1,NA,58,1,1,"Negative",76.5,86.5,71,92,81,80,-5.5,5.5,-6.5,4.5,1,1,"Negative",0.825,0.959459459459459,0.794122520513039,0.775380006849346,-0.0187425136636934,52,91,NA
"writer","h","PM cue","",NA,NA,NA,"","[0.9172693000000436]","['h']",1,NA,58,1,1,"Negative",76.5,86.5,71,92,81,80,-5.5,5.5,-6.5,4.5,1,1,"Negative",0.825,0.959459459459459,0.794122520513039,0.775380006849346,-0.0187425136636934,52,91,NA
"event","h","PM cue","",NA,NA,NA,"","[0.8838008999991871]","['h']",1,NA,58,1,1,"Negative",76.5,86.5,71,92,81,80,-5.5,5.5,-6.5,4.5,1,1,"Negative",0.825,0.959459459459459,0.794122520513039,0.775380006849346,-0.0187425136636934,52,91,NA
"writer","h","PM cue","",NA,NA,NA,"","[0.7338124999987485]","['h']",1,NA,58,1,1,"Negative",76.5,86.5,71,92,81,80,-5.5,5.5,-6.5,4.5,1,1,"Negative",0.825,0.959459459459459,0.794122520513039,0.775380006849346,-0.0187425136636934,52,91,NA
"bottle","h","PM cue","",NA,NA,NA,"","[0.8503881999968144]","['h']",1,NA,58,1,1,"Negative",76.5,86.5,71,92,81,80,-5.5,5.5,-6.5,4.5,1,1,"Negative",0.825,0.959459459459459,0.794122520513039,0.775380006849346,-0.0187425136636934,52,91,NA
"event","h","PM cue","",NA,NA,NA,"","[0.9337679000018397]","['h']",1,NA,58,1,1,"Negative",76.5,86.5,71,92,81,80,-5.5,5.5,-6.5,4.5,1,1,"Negative",0.825,0.959459459459459,0.794122520513039,0.775380006849346,-0.0187425136636934,52,91,NA
"detail","h","PM cue","",NA,NA,NA,"","[1.0678264000016497]","['h']",1,NA,59,1,1,"Negative",50.5,48.5,38,37,62,54,-12.5,-11.5,5.5,11.5,1,1,"Negative",0.725,0.743243243243243,0.945189981579173,0.959608124999957,0.0144181434207836,60,77,NA
"village","h","PM cue","",NA,NA,NA,"","[1.2837287000002107]","['l']",0,NA,59,1,0,"Negative",50.5,48.5,38,37,62,54,-12.5,-11.5,5.5,11.5,0,1,"Negative",0.725,0.743243243243243,0.945189981579173,0.959608124999957,0.0144181434207836,60,77,NA
"circle","h","PM cue","",NA,NA,NA,"","[1.01719029999731]","['h']",1,NA,59,1,1,"Negative",50.5,48.5,38,37,62,54,-12.5,-11.5,5.5,11.5,0,1,"Negative",0.725,0.743243243243243,0.945189981579173,0.959608124999957,0.0144181434207836,60,77,NA
"detail","h","PM cue","",NA,NA,NA,"","[1.6504548999982944]","['l']",0,NA,59,1,0,"Negative",50.5,48.5,38,37,62,54,-12.5,-11.5,5.5,11.5,1,1,"Negative",0.725,0.743243243243243,0.945189981579173,0.959608124999957,0.0144181434207836,60,77,NA
"circle","h","PM cue","",NA,NA,NA,"","[0.6506402000013622, 1.7839923999999883]","['d', 'h']",0,NA,59,1,1,"Negative",50.5,48.5,38,37,62,54,-12.5,-11.5,5.5,11.5,0,1,"Negative",0.725,0.743243243243243,0.945189981579173,0.959608124999957,0.0144181434207836,60,77,NA
"village","h","PM cue","",NA,NA,NA,"","[1.3171743000020797]","['d']",0,NA,59,1,0,"Negative",50.5,48.5,38,37,62,54,-12.5,-11.5,5.5,11.5,0,1,"Negative",0.725,0.743243243243243,0.945189981579173,0.959608124999957,0.0144181434207836,60,77,NA
"wagon","h","PM cue","",NA,NA,NA,"","[1.5337340000551194]","['h']",1,NA,6,3,1,"Negative",57,58.5,40,50,45,49,-17,-8.5,-9.5,-12,1,1,"Negative",0.85,0.878378378378378,0.771232054993743,0.816889775358778,0.0456577203650353,60,82,NA
"teacher","h","PM cue","",NA,NA,NA,"","[1.6504852001089603]","['h']",1,NA,6,3,1,"Negative",57,58.5,40,50,45,49,-17,-8.5,-9.5,-12,1,1,"Negative",0.85,0.878378378378378,0.771232054993743,0.816889775358778,0.0456577203650353,60,82,NA
"curious","h","PM cue","",NA,NA,NA,"","[1.2835401999764144]","['h']",1,NA,6,3,1,"Negative",57,58.5,40,50,45,49,-17,-8.5,-9.5,-12,1,1,"Negative",0.85,0.878378378378378,0.771232054993743,0.816889775358778,0.0456577203650353,60,82,NA
"wagon","h","PM cue","",NA,NA,NA,"","[1.3842178001068532]","['h']",1,NA,6,3,1,"Negative",57,58.5,40,50,45,49,-17,-8.5,-9.5,-12,1,1,"Negative",0.85,0.878378378378378,0.771232054993743,0.816889775358778,0.0456577203650353,60,82,NA
"curious","h","PM cue","",NA,NA,NA,"","[1.4663323999848217]","['d']",0,NA,6,3,0,"Negative",57,58.5,40,50,45,49,-17,-8.5,-9.5,-12,1,1,"Negative",0.85,0.878378378378378,0.771232054993743,0.816889775358778,0.0456577203650353,60,82,NA
"teacher","h","PM cue","",NA,NA,NA,"","[0.8003626000136137]","['l']",0,NA,6,3,0,"Negative",57,58.5,40,50,45,49,-17,-8.5,-9.5,-12,1,1,"Negative",0.85,0.878378378378378,0.771232054993743,0.816889775358778,0.0456577203650353,60,82,NA
"wagon","h","PM cue","",NA,NA,NA,"","[2.0506153000023915]","['d']",0,NA,60,3,0,"Negative",61,70.5,50,29,50,49,-11,-41.5,-21.5,-11,0,1,"Negative",0.775,0.810810810810811,0.855120812820715,1.00814706527611,0.153026252455395,69,90,NA
"teacher","h","PM cue","",NA,NA,NA,"","[1.3003791999944951]","['h']",1,NA,60,3,1,"Negative",61,70.5,50,29,50,49,-11,-41.5,-21.5,-11,0,1,"Negative",0.775,0.810810810810811,0.855120812820715,1.00814706527611,0.153026252455395,69,90,NA
"curious","h","PM cue","",NA,NA,NA,"","[0.667172200002824]","['l']",0,NA,60,3,0,"Negative",61,70.5,50,29,50,49,-11,-41.5,-21.5,-11,0,1,"Negative",0.775,0.810810810810811,0.855120812820715,1.00814706527611,0.153026252455395,69,90,NA
"wagon","h","PM cue","",NA,NA,NA,"","[0.8008486000035191]","['l']",0,NA,60,3,0,"Negative",61,70.5,50,29,50,49,-11,-41.5,-21.5,-11,0,1,"Negative",0.775,0.810810810810811,0.855120812820715,1.00814706527611,0.153026252455395,69,90,NA
"curious","h","PM cue","",NA,NA,NA,"","[1.0172080999909667]","['l']",0,NA,60,3,0,"Negative",61,70.5,50,29,50,49,-11,-41.5,-21.5,-11,0,1,"Negative",0.775,0.810810810810811,0.855120812820715,1.00814706527611,0.153026252455395,69,90,NA
"teacher","h","PM cue","",NA,NA,NA,"","[1.450738100000308]","['h']",1,NA,60,3,1,"Negative",61,70.5,50,29,50,49,-11,-41.5,-21.5,-11,0,1,"Negative",0.775,0.810810810810811,0.855120812820715,1.00814706527611,0.153026252455395,69,90,NA
"detail","h","PM cue","",NA,NA,NA,"","[0.6008361000003788]","['l']",0,NA,61,1,0,"Negative",61.5,70.5,41,40,21,40,-20.5,-30.5,-30.5,-40.5,1,1,"Negative",0.95,0.716216216216216,0.636708784999905,0.744346118333381,0.107637333333476,70,91,NA
"village","h","PM cue","",NA,NA,NA,"","[1.0839303000002474]","['h']",1,NA,61,1,1,"Negative",61.5,70.5,41,40,21,40,-20.5,-30.5,-30.5,-40.5,1,1,"Negative",0.95,0.716216216216216,0.636708784999905,0.744346118333381,0.107637333333476,70,91,NA
"circle","h","PM cue","",NA,NA,NA,"","[0.7670843000005334]","['l']",0,NA,61,1,0,"Negative",61.5,70.5,41,40,21,40,-20.5,-30.5,-30.5,-40.5,1,1,"Negative",0.95,0.716216216216216,0.636708784999905,0.744346118333381,0.107637333333476,70,91,NA
"detail","h","PM cue","",NA,NA,NA,"","[0.8175053999993906]","['l']",0,NA,61,1,0,"Negative",61.5,70.5,41,40,21,40,-20.5,-30.5,-30.5,-40.5,1,1,"Negative",0.95,0.716216216216216,0.636708784999905,0.744346118333381,0.107637333333476,70,91,NA
"circle","h","PM cue","",NA,NA,NA,"","[0.950543099999777]","['h']",1,NA,61,1,1,"Negative",61.5,70.5,41,40,21,40,-20.5,-30.5,-30.5,-40.5,1,1,"Negative",0.95,0.716216216216216,0.636708784999905,0.744346118333381,0.107637333333476,70,91,NA
"village","h","PM cue","",NA,NA,NA,"","[]","None",0,NA,61,1,0,"Negative",61.5,70.5,41,40,21,40,-20.5,-30.5,-30.5,-40.5,1,1,"Negative",0.95,0.716216216216216,0.636708784999905,0.744346118333381,0.107637333333476,70,91,NA
"wagon","h","PM cue","",NA,NA,NA,"","[0.7509704999974929]","['l']",0,NA,62,1,0,"Negative",72.5,71,51,48,50,65,-21.5,-23,-6,-22.5,1,1,"Negative",0.975,0.945945945945946,0.603885949998949,0.786375084720526,0.182489134721578,63,100,NA
"teacher","h","PM cue","",NA,NA,NA,"","[1.1839625000138767, 2.3338106000155676]","['l', 'h']",0,NA,62,1,1,"Negative",72.5,71,51,48,50,65,-21.5,-23,-6,-22.5,1,1,"Negative",0.975,0.945945945945946,0.603885949998949,0.786375084720526,0.182489134721578,63,100,NA
"curious","h","PM cue","",NA,NA,NA,"","[1.0177216999873053]","['h']",1,NA,62,1,1,"Negative",72.5,71,51,48,50,65,-21.5,-23,-6,-22.5,1,1,"Negative",0.975,0.945945945945946,0.603885949998949,0.786375084720526,0.182489134721578,63,100,NA
"wagon","h","PM cue","",NA,NA,NA,"","[0.5511262000072747]","['l']",0,NA,62,1,0,"Negative",72.5,71,51,48,50,65,-21.5,-23,-6,-22.5,1,1,"Negative",0.975,0.945945945945946,0.603885949998949,0.786375084720526,0.182489134721578,63,100,NA
"curious","h","PM cue","",NA,NA,NA,"","[1.217254100018181]","['h']",1,NA,62,1,1,"Negative",72.5,71,51,48,50,65,-21.5,-23,-6,-22.5,1,1,"Negative",0.975,0.945945945945946,0.603885949998949,0.786375084720526,0.182489134721578,63,100,NA
"teacher","h","PM cue","",NA,NA,NA,"","[0.6673087000090163, 2.300377000006847]","['l', 'h']",0,NA,62,1,1,"Negative",72.5,71,51,48,50,65,-21.5,-23,-6,-22.5,1,1,"Negative",0.975,0.945945945945946,0.603885949998949,0.786375084720526,0.182489134721578,63,100,NA
"bottle","h","PM cue","",NA,NA,NA,"","[1.249985800000104]","['h']",1,NA,63,1,1,"Negative",69.5,48.5,44,60,65,39,-25.5,11.5,-9.5,-4.5,1,1,"Negative",1,0.959459459459459,0.801778800000125,0.914894873611047,0.113116073610922,50,84,NA
"writer","h","PM cue","",NA,NA,NA,"","[1.80007999999998]","['h']",1,NA,63,1,1,"Negative",69.5,48.5,44,60,65,39,-25.5,11.5,-9.5,-4.5,1,1,"Negative",1,0.959459459459459,0.801778800000125,0.914894873611047,0.113116073610922,50,84,NA
"event","h","PM cue","",NA,NA,NA,"","[0.8672993000000133]","['h']",1,NA,63,1,1,"Negative",69.5,48.5,44,60,65,39,-25.5,11.5,-9.5,-4.5,1,1,"Negative",1,0.959459459459459,0.801778800000125,0.914894873611047,0.113116073610922,50,84,NA
"writer","h","PM cue","",NA,NA,NA,"","[0.9008023999995203]","['h']",1,NA,63,1,1,"Negative",69.5,48.5,44,60,65,39,-25.5,11.5,-9.5,-4.5,1,1,"Negative",1,0.959459459459459,0.801778800000125,0.914894873611047,0.113116073610922,50,84,NA
"bottle","h","PM cue","",NA,NA,NA,"","[0.9171681999996508]","['h']",1,NA,63,1,1,"Negative",69.5,48.5,44,60,65,39,-25.5,11.5,-9.5,-4.5,1,1,"Negative",1,0.959459459459459,0.801778800000125,0.914894873611047,0.113116073610922,50,84,NA
"event","h","PM cue","",NA,NA,NA,"","[0.8837793000002421]","['h']",1,NA,63,1,1,"Negative",69.5,48.5,44,60,65,39,-25.5,11.5,-9.5,-4.5,1,1,"Negative",1,0.959459459459459,0.801778800000125,0.914894873611047,0.113116073610922,50,84,NA
"bottle","h","PM cue","",NA,NA,NA,"","[2.200388600000224]","['h']",1,NA,64,1,1,"Negative",51.5,49.5,21,19,41,60,-30.5,-30.5,10.5,-10.5,1,1,"Negative",0.975,0.851351351351351,0.968826474999969,1.18506898769248,0.216242512692511,70,85,NA
"writer","h","PM cue","",NA,NA,NA,"","[1.3835361000001285]","['h']",1,NA,64,1,1,"Negative",51.5,49.5,21,19,41,60,-30.5,-30.5,10.5,-10.5,1,1,"Negative",0.975,0.851351351351351,0.968826474999969,1.18506898769248,0.216242512692511,70,85,NA
"event","h","PM cue","",NA,NA,NA,"","[1.383789200001047]","['h']",1,NA,64,1,1,"Negative",51.5,49.5,21,19,41,60,-30.5,-30.5,10.5,-10.5,1,1,"Negative",0.975,0.851351351351351,0.968826474999969,1.18506898769248,0.216242512692511,70,85,NA
"writer","h","PM cue","",NA,NA,NA,"","[1.4341576999995596]","['h']",1,NA,64,1,1,"Negative",51.5,49.5,21,19,41,60,-30.5,-30.5,10.5,-10.5,1,1,"Negative",0.975,0.851351351351351,0.968826474999969,1.18506898769248,0.216242512692511,70,85,NA
"bottle","h","PM cue","",NA,NA,NA,"","[]","None",0,NA,64,1,0,"Negative",51.5,49.5,21,19,41,60,-30.5,-30.5,10.5,-10.5,1,1,"Negative",0.975,0.851351351351351,0.968826474999969,1.18506898769248,0.216242512692511,70,85,NA
"event","h","PM cue","",NA,NA,NA,"","[1.3840057999987039]","['h']",1,NA,64,1,1,"Negative",51.5,49.5,21,19,41,60,-30.5,-30.5,10.5,-10.5,1,1,"Negative",0.975,0.851351351351351,0.968826474999969,1.18506898769248,0.216242512692511,70,85,NA
"bottle","h","PM cue","",NA,NA,NA,"","[1.2170153000006394]","['l']",0,NA,65,1,0,"Negative",77.5,24,84,72,60,64,6.5,48,40,-17.5,1,1,"Negative",0.825,0.783783783783784,0.82721362749985,1.15407653378387,0.326862906284017,60,90,NA
"writer","h","PM cue","",NA,NA,NA,"","[1.2169030000004568]","['h']",1,NA,65,1,1,"Negative",77.5,24,84,72,60,64,6.5,48,40,-17.5,0,1,"Negative",0.825,0.783783783783784,0.82721362749985,1.15407653378387,0.326862906284017,60,90,NA
"event","h","PM cue","",NA,NA,NA,"","[1.6009618000007322]","['l']",0,NA,65,1,0,"Negative",77.5,24,84,72,60,64,6.5,48,40,-17.5,1,1,"Negative",0.825,0.783783783783784,0.82721362749985,1.15407653378387,0.326862906284017,60,90,NA
"writer","h","PM cue","",NA,NA,NA,"","[1.0838239999993675]","['h']",1,NA,65,1,1,"Negative",77.5,24,84,72,60,64,6.5,48,40,-17.5,0,1,"Negative",0.825,0.783783783783784,0.82721362749985,1.15407653378387,0.326862906284017,60,90,NA
"bottle","h","PM cue","",NA,NA,NA,"","[1.566726099999869]","['d']",0,NA,65,1,0,"Negative",77.5,24,84,72,60,64,6.5,48,40,-17.5,1,1,"Negative",0.825,0.783783783783784,0.82721362749985,1.15407653378387,0.326862906284017,60,90,NA
"event","h","PM cue","",NA,NA,NA,"","[1.583700900000622]","['l']",0,NA,65,1,0,"Negative",77.5,24,84,72,60,64,6.5,48,40,-17.5,1,1,"Negative",0.825,0.783783783783784,0.82721362749985,1.15407653378387,0.326862906284017,60,90,NA
"detail","h","PM cue","",NA,NA,NA,"","[1.2839990999782458]","['h']",1,NA,7,2,1,"Negative",74,86,52,82,61,83,-22,-4,-3,-13,1,1,"Negative",0.925,0.986486486486487,0.571177557888931,0.757619941898156,0.186442384009225,56,86,NA
"village","h","PM cue","",NA,NA,NA,"","[0.8004856000188738]","['h']",1,NA,7,2,1,"Negative",74,86,52,82,61,83,-22,-4,-3,-13,1,1,"Negative",0.925,0.986486486486487,0.571177557888931,0.757619941898156,0.186442384009225,56,86,NA
"circle","h","PM cue","",NA,NA,NA,"","[0.8170906000304967]","['h']",1,NA,7,2,1,"Negative",74,86,52,82,61,83,-22,-4,-3,-13,1,1,"Negative",0.925,0.986486486486487,0.571177557888931,0.757619941898156,0.186442384009225,56,86,NA
"detail","h","PM cue","",NA,NA,NA,"","[0.7840038000140339]","['h']",1,NA,7,2,1,"Negative",74,86,52,82,61,83,-22,-4,-3,-13,1,1,"Negative",0.925,0.986486486486487,0.571177557888931,0.757619941898156,0.186442384009225,56,86,NA
"circle","h","PM cue","",NA,NA,NA,"","[0.5504492999752983, 0.8171835000393912]","['l', 'h']",0,NA,7,2,1,"Negative",74,86,52,82,61,83,-22,-4,-3,-13,1,1,"Negative",0.925,0.986486486486487,0.571177557888931,0.757619941898156,0.186442384009225,56,86,NA
"village","h","PM cue","",NA,NA,NA,"","[0.7174135000677779]","['h']",1,NA,7,2,1,"Negative",74,86,52,82,61,83,-22,-4,-3,-13,1,1,"Negative",0.925,0.986486486486487,0.571177557888931,0.757619941898156,0.186442384009225,56,86,NA
"wagon","h","PM cue","",NA,NA,NA,"","[1.650461999932304]","['h']",1,NA,8,3,1,"Negative",86.5,95,63,96,73,93,-23.5,1,-2,-13.5,0,1,"Negative",1,0.972972972972973,0.881294435018208,0.825657286304878,-0.0556371487133295,49,82,NA
"teacher","h","PM cue","",NA,NA,NA,"","[1.0339245998766273]","['h']",1,NA,8,3,1,"Negative",86.5,95,63,96,73,93,-23.5,1,-2,-13.5,0,1,"Negative",1,0.972972972972973,0.881294435018208,0.825657286304878,-0.0556371487133295,49,82,NA
"curious","h","PM cue","",NA,NA,NA,"","[0.9172535000834614]","['h']",1,NA,8,3,1,"Negative",86.5,95,63,96,73,93,-23.5,1,-2,-13.5,0,1,"Negative",1,0.972972972972973,0.881294435018208,0.825657286304878,-0.0556371487133295,49,82,NA
"wagon","h","PM cue","",NA,NA,NA,"","[1.5170825000386685]","['h']",1,NA,8,3,1,"Negative",86.5,95,63,96,73,93,-23.5,1,-2,-13.5,0,1,"Negative",1,0.972972972972973,0.881294435018208,0.825657286304878,-0.0556371487133295,49,82,NA
"curious","h","PM cue","",NA,NA,NA,"","[1.3170483000576496]","['h']",1,NA,8,3,1,"Negative",86.5,95,63,96,73,93,-23.5,1,-2,-13.5,0,1,"Negative",1,0.972972972972973,0.881294435018208,0.825657286304878,-0.0556371487133295,49,82,NA
"teacher","h","PM cue","",NA,NA,NA,"","[1.4512008999008685]","['h']",1,NA,8,3,1,"Negative",86.5,95,63,96,73,93,-23.5,1,-2,-13.5,0,1,"Negative",1,0.972972972972973,0.881294435018208,0.825657286304878,-0.0556371487133295,49,82,NA
"bottle","h","PM cue","",NA,NA,NA,"","[1.5006049999938114]","['h']",1,NA,9,1,1,"Negative",61.5,59.5,62,61,81,41,0.5,1.5,-18.5,19.5,1,1,"Negative",0.975,0.972972972972973,0.857383100000879,0.879362834247319,0.0219797342464393,NA,96,NA
"writer","h","PM cue","",NA,NA,NA,"","[1.4005115999898408]","['h']",1,NA,9,1,1,"Negative",61.5,59.5,62,61,81,41,0.5,1.5,-18.5,19.5,1,1,"Negative",0.975,0.972972972972973,0.857383100000879,0.879362834247319,0.0219797342464393,NA,96,NA
"event","h","PM cue","",NA,NA,NA,"","[1.2336745000066003]","['h']",1,NA,9,1,1,"Negative",61.5,59.5,62,61,81,41,0.5,1.5,-18.5,19.5,1,1,"Negative",0.975,0.972972972972973,0.857383100000879,0.879362834247319,0.0219797342464393,NA,96,NA
"writer","h","PM cue","",NA,NA,NA,"","[1.2340207999950508]","['h']",1,NA,9,1,1,"Negative",61.5,59.5,62,61,81,41,0.5,1.5,-18.5,19.5,1,1,"Negative",0.975,0.972972972972973,0.857383100000879,0.879362834247319,0.0219797342464393,NA,96,NA
"bottle","h","PM cue","",NA,NA,NA,"","[1.1001544000027934]","['h']",1,NA,9,1,1,"Negative",61.5,59.5,62,61,81,41,0.5,1.5,-18.5,19.5,1,1,"Negative",0.975,0.972972972972973,0.857383100000879,0.879362834247319,0.0219797342464393,NA,96,NA
"event","h","PM cue","",NA,NA,NA,"","[1.1004344999964815]","['h']",1,NA,9,1,1,"Negative",61.5,59.5,62,61,81,41,0.5,1.5,-18.5,19.5,1,1,"Negative",0.975,0.972972972972973,0.857383100000879,0.879362834247319,0.0219797342464393,NA,96,NA
"bottle","h","PM cue","",NA,NA,NA,"","[0.8004988000029698]","['l']",0,NA,1,1,0,"Positive",53,71,61,78,61,65,8,7,-6,8,1,1,"Positive",0.8,0.797297297297297,1.03763082499208,1.19538885890347,0.157758033911383,28,79,NA
"writer","h","PM cue","",NA,NA,NA,"","[2.050315500004217]","['h']",1,NA,1,1,1,"Positive",53,71,61,78,61,65,8,7,-6,8,1,1,"Positive",0.8,0.797297297297297,1.03763082499208,1.19538885890347,0.157758033911383,28,79,NA
"event","h","PM cue","",NA,NA,NA,"","[1.7838294999673963]","['d']",0,NA,1,1,0,"Positive",53,71,61,78,61,65,8,7,-6,8,1,1,"Positive",0.8,0.797297297297297,1.03763082499208,1.19538885890347,0.157758033911383,28,79,NA
"writer","h","PM cue","",NA,NA,NA,"","[1.5507976999506354]","['h']",1,NA,1,1,1,"Positive",53,71,61,78,61,65,8,7,-6,8,1,1,"Positive",0.8,0.797297297297297,1.03763082499208,1.19538885890347,0.157758033911383,28,79,NA
"bottle","h","PM cue","",NA,NA,NA,"","[1.266763100051321]","['d']",0,NA,1,1,0,"Positive",53,71,61,78,61,65,8,7,-6,8,1,1,"Positive",0.8,0.797297297297297,1.03763082499208,1.19538885890347,0.157758033911383,28,79,NA
"event","h","PM cue","",NA,NA,NA,"","[1.5005687000229955, 2.633743999991566]","['d', 'h']",0,NA,1,1,1,"Positive",53,71,61,78,61,65,8,7,-6,8,1,1,"Positive",0.8,0.797297297297297,1.03763082499208,1.19538885890347,0.157758033911383,28,79,NA
"wagon","h","PM cue","",NA,NA,NA,"","[1.033702300162986]","['h']",1,NA,10,3,1,"Positive",57.5,64,63,64,63,63,5.5,0,-1,5.5,1,1,"Positive",0.85,0.864864864864865,0.997552529990207,1.37702199721955,0.379469467229339,41,93,NA
"teacher","h","PM cue","",NA,NA,NA,"","[1.100622999947518]","['h']",1,NA,10,3,1,"Positive",57.5,64,63,64,63,63,5.5,0,-1,5.5,1,1,"Positive",0.85,0.864864864864865,0.997552529990207,1.37702199721955,0.379469467229339,41,93,NA
"curious","h","PM cue","",NA,NA,NA,"","[2.050466800108552]","['l']",0,NA,10,3,0,"Positive",57.5,64,63,64,63,63,5.5,0,-1,5.5,1,1,"Positive",0.85,0.864864864864865,0.997552529990207,1.37702199721955,0.379469467229339,41,93,NA
"wagon","h","PM cue","",NA,NA,NA,"","[0.9167983999941498]","['h']",1,NA,10,3,1,"Positive",57.5,64,63,64,63,63,5.5,0,-1,5.5,1,1,"Positive",0.85,0.864864864864865,0.997552529990207,1.37702199721955,0.379469467229339,41,93,NA
"curious","h","PM cue","",NA,NA,NA,"","[1.8502766999881715]","['d']",0,NA,10,3,0,"Positive",57.5,64,63,64,63,63,5.5,0,-1,5.5,1,1,"Positive",0.85,0.864864864864865,0.997552529990207,1.37702199721955,0.379469467229339,41,93,NA
"teacher","h","PM cue","",NA,NA,NA,"","[1.0838804000522941]","['h']",1,NA,10,3,1,"Positive",57.5,64,63,64,63,63,5.5,0,-1,5.5,1,1,"Positive",0.85,0.864864864864865,0.997552529990207,1.37702199721955,0.379469467229339,41,93,NA
"bottle","h","PM cue","",NA,NA,NA,"","[0.8838989001233131]","['l']",0,NA,100,1,0,"Positive",92,31.5,88,28,91,26,-4,-3.5,-5.5,-1,1,2,"Positive",1,0.972972972972973,0.887519090011483,1.06698241889653,0.179463328885047,40,51,30
"writer","h","PM cue","",NA,NA,NA,"","[1.66702020005323]","['h']",1,NA,100,1,1,"Positive",92,31.5,88,28,91,26,-4,-3.5,-5.5,-1,1,2,"Positive",1,0.972972972972973,0.887519090011483,1.06698241889653,0.179463328885047,40,51,30
"event","h","PM cue","",NA,NA,NA,"","[2.6835608000401407]","['h']",1,NA,100,1,1,"Positive",92,31.5,88,28,91,26,-4,-3.5,-5.5,-1,1,2,"Positive",1,0.972972972972973,0.887519090011483,1.06698241889653,0.179463328885047,40,51,30
"writer","h","PM cue","",NA,NA,NA,"","[1.467123999958858]","['h']",1,NA,100,1,1,"Positive",92,31.5,88,28,91,26,-4,-3.5,-5.5,-1,1,2,"Positive",1,0.972972972972973,0.887519090011483,1.06698241889653,0.179463328885047,40,51,30
"bottle","h","PM cue","",NA,NA,NA,"","[2.4168510001618415]","['h']",1,NA,100,1,1,"Positive",92,31.5,88,28,91,26,-4,-3.5,-5.5,-1,1,2,"Positive",1,0.972972972972973,0.887519090011483,1.06698241889653,0.179463328885047,40,51,30
"event","h","PM cue","",NA,NA,NA,"","[1.533314400119707]","['h']",1,NA,100,1,1,"Positive",92,31.5,88,28,91,26,-4,-3.5,-5.5,-1,1,2,"Positive",1,0.972972972972973,0.887519090011483,1.06698241889653,0.179463328885047,40,51,30
"bottle","h","PM cue","",NA,NA,NA,"","[2.383828700054437]","['h']",1,NA,102,1,1,"Positive",51,39.5,73,50,32,28,22,10.5,-11.5,-19,1,2,"Positive",0.25,0.851351351351351,1.03938080000484,1.09780296913061,0.0584221691257638,40,70,28
"writer","h","PM cue","",NA,NA,NA,"","[2.50054209982045]","['h']",1,NA,102,1,1,"Positive",51,39.5,73,50,32,28,22,10.5,-11.5,-19,1,2,"Positive",0.25,0.851351351351351,1.03938080000484,1.09780296913061,0.0584221691257638,40,70,28
"event","h","PM cue","",NA,NA,NA,"","[1.4170542999636382]","['h']",1,NA,102,1,1,"Positive",51,39.5,73,50,32,28,22,10.5,-11.5,-19,1,2,"Positive",0.25,0.851351351351351,1.03938080000484,1.09780296913061,0.0584221691257638,40,70,28
"writer","h","PM cue","",NA,NA,NA,"","[1.6170570000540465]","['h']",1,NA,102,1,1,"Positive",51,39.5,73,50,32,28,22,10.5,-11.5,-19,1,2,"Positive",0.25,0.851351351351351,1.03938080000484,1.09780296913061,0.0584221691257638,40,70,28
"bottle","h","PM cue","",NA,NA,NA,"","[1.6005979001056403]","['h']",1,NA,102,1,1,"Positive",51,39.5,73,50,32,28,22,10.5,-11.5,-19,1,2,"Positive",0.25,0.851351351351351,1.03938080000484,1.09780296913061,0.0584221691257638,40,70,28
"event","h","PM cue","",NA,NA,NA,"","[1.233997100032866]","['h']",1,NA,102,1,1,"Positive",51,39.5,73,50,32,28,22,10.5,-11.5,-19,1,2,"Positive",0.25,0.851351351351351,1.03938080000484,1.09780296913061,0.0584221691257638,40,70,28
"detail","h","PM cue","",NA,NA,NA,"","[1.5004638000100385]","['l']",0,NA,103,2,0,"Positive",72.5,60,30,67,34,68,-42.5,7,8,-38.5,0,2,"Positive",0.325,0.851351351351351,1.65669647619056,1.10041143239269,-0.55628504379787,40,58,28
"village","h","PM cue","",NA,NA,NA,"","[1.8503141999826767]","['h']",1,NA,103,2,1,"Positive",72.5,60,30,67,34,68,-42.5,7,8,-38.5,1,2,"Positive",0.325,0.851351351351351,1.65669647619056,1.10041143239269,-0.55628504379787,40,58,28
"circle","h","PM cue","",NA,NA,NA,"","[1.4336161999963224]","['l']",0,NA,103,2,0,"Positive",72.5,60,30,67,34,68,-42.5,7,8,-38.5,1,2,"Positive",0.325,0.851351351351351,1.65669647619056,1.10041143239269,-0.55628504379787,40,58,28
"detail","h","PM cue","",NA,NA,NA,"","[0.8832719000056386]","['l']",0,NA,103,2,0,"Positive",72.5,60,30,67,34,68,-42.5,7,8,-38.5,0,2,"Positive",0.325,0.851351351351351,1.65669647619056,1.10041143239269,-0.55628504379787,40,58,28
"circle","h","PM cue","",NA,NA,NA,"","[1.7669062999775633]","['d']",0,NA,103,2,0,"Positive",72.5,60,30,67,34,68,-42.5,7,8,-38.5,1,2,"Positive",0.325,0.851351351351351,1.65669647619056,1.10041143239269,-0.55628504379787,40,58,28
"village","h","PM cue","",NA,NA,NA,"","[]","None",0,NA,103,2,0,"Positive",72.5,60,30,67,34,68,-42.5,7,8,-38.5,1,2,"Positive",0.325,0.851351351351351,1.65669647619056,1.10041143239269,-0.55628504379787,40,58,28
"wagon","h","PM cue","",NA,NA,NA,"","[0.9166264999948908]","['d']",0,NA,104,3,0,"Positive",93,32.5,99,16,78,23,6,-16.5,-9.5,-15,1,2,"Positive",0.95,0.878378378378378,0.883788232499501,0.843028182432455,-0.0407600500670457,28,72,30
"teacher","h","PM cue","",NA,NA,NA,"","[]","None",0,NA,104,3,0,"Positive",93,32.5,99,16,78,23,6,-16.5,-9.5,-15,1,2,"Positive",0.95,0.878378378378378,0.883788232499501,0.843028182432455,-0.0407600500670457,28,72,30
"curious","h","PM cue","",NA,NA,NA,"","[1.7503839999844786]","['d']",0,NA,104,3,0,"Positive",93,32.5,99,16,78,23,6,-16.5,-9.5,-15,1,2,"Positive",0.95,0.878378378378378,0.883788232499501,0.843028182432455,-0.0407600500670457,28,72,30
"wagon","h","PM cue","",NA,NA,NA,"","[0.9672387999889906]","['d']",0,NA,104,3,0,"Positive",93,32.5,99,16,78,23,6,-16.5,-9.5,-15,1,2,"Positive",0.95,0.878378378378378,0.883788232499501,0.843028182432455,-0.0407600500670457,28,72,30
"curious","h","PM cue","",NA,NA,NA,"","[1.5007681999995839]","['d']",0,NA,104,3,0,"Positive",93,32.5,99,16,78,23,6,-16.5,-9.5,-15,1,2,"Positive",0.95,0.878378378378378,0.883788232499501,0.843028182432455,-0.0407600500670457,28,72,30
"teacher","h","PM cue","",NA,NA,NA,"","[1.0841635999968275]","['d']",0,NA,104,3,0,"Positive",93,32.5,99,16,78,23,6,-16.5,-9.5,-15,1,2,"Positive",0.95,0.878378378378378,0.883788232499501,0.843028182432455,-0.0407600500670457,28,72,30
"wagon","h","PM cue","",NA,NA,NA,"","[0.9007674000167754]","['l']",0,NA,105,3,0,"Positive",52,39.5,58,30,54,29,6,-9.5,-10.5,2,1,2,"Positive",1,1,0.990395177499158,0.840170564862657,-0.150224612636501,47,67,29
"teacher","h","PM cue","",NA,NA,NA,"","[1.3171483000041917]","['l']",0,NA,105,3,0,"Positive",52,39.5,58,30,54,29,6,-9.5,-10.5,2,1,2,"Positive",1,1,0.990395177499158,0.840170564862657,-0.150224612636501,47,67,29
"curious","h","PM cue","",NA,NA,NA,"","[0.7170428000099491]","['l']",0,NA,105,3,0,"Positive",52,39.5,58,30,54,29,6,-9.5,-10.5,2,1,2,"Positive",1,1,0.990395177499158,0.840170564862657,-0.150224612636501,47,67,29
"wagon","h","PM cue","",NA,NA,NA,"","[0.8504692999995314]","['l']",0,NA,105,3,0,"Positive",52,39.5,58,30,54,29,6,-9.5,-10.5,2,1,2,"Positive",1,1,0.990395177499158,0.840170564862657,-0.150224612636501,47,67,29
"curious","h","PM cue","",NA,NA,NA,"","[0.7673520999960601]","['l']",0,NA,105,3,0,"Positive",52,39.5,58,30,54,29,6,-9.5,-10.5,2,1,2,"Positive",1,1,0.990395177499158,0.840170564862657,-0.150224612636501,47,67,29
"teacher","h","PM cue","",NA,NA,NA,"","[0.5337808000040241]","['l']",0,NA,105,3,0,"Positive",52,39.5,58,30,54,29,6,-9.5,-10.5,2,1,2,"Positive",1,1,0.990395177499158,0.840170564862657,-0.150224612636501,47,67,29
"detail","h","PM cue","",NA,NA,NA,"","[]","None",0,NA,106,2,0,"Positive",69,86.5,93,85,67,73,24,-1.5,-13.5,-2,1,2,"Positive",0.7,0.864864864864865,1.1100018050005,1.13259296111007,0.0225911561095726,39,84,28
"village","h","PM cue","",NA,NA,NA,"","[0.9004399999976158, 1.4335825000016484, 2.1334680000145454]","['d', 'h', 'h']",0,NA,106,2,1,"Positive",69,86.5,93,85,67,73,24,-1.5,-13.5,-2,1,2,"Positive",0.7,0.864864864864865,1.1100018050005,1.13259296111007,0.0225911561095726,39,84,28
"circle","h","PM cue","",NA,NA,NA,"","[1.084041399997659, 2.2504877999890596]","['d', 'l']",0,NA,106,2,0,"Positive",69,86.5,93,85,67,73,24,-1.5,-13.5,-2,1,2,"Positive",0.7,0.864864864864865,1.1100018050005,1.13259296111007,0.0225911561095726,39,84,28
"detail","h","PM cue","",NA,NA,NA,"","[1.250448199978564]","['h']",1,NA,106,2,1,"Positive",69,86.5,93,85,67,73,24,-1.5,-13.5,-2,1,2,"Positive",0.7,0.864864864864865,1.1100018050005,1.13259296111007,0.0225911561095726,39,84,28
"circle","h","PM cue","",NA,NA,NA,"","[1.1674410999985412]","['h']",1,NA,106,2,1,"Positive",69,86.5,93,85,67,73,24,-1.5,-13.5,-2,1,2,"Positive",0.7,0.864864864864865,1.1100018050005,1.13259296111007,0.0225911561095726,39,84,28
"village","h","PM cue","",NA,NA,NA,"","[1.151005299994722]","['h']",1,NA,106,2,1,"Positive",69,86.5,93,85,67,73,24,-1.5,-13.5,-2,1,2,"Positive",0.7,0.864864864864865,1.1100018050005,1.13259296111007,0.0225911561095726,39,84,28
"bottle","h","PM cue","",NA,NA,NA,"","[]","None",0,NA,107,1,0,"Positive",80,69,51,30,50,31,-29,-39,-38,-30,0,2,"Positive",0.825,0.905405405405405,0.991772810253912,1.38185651285707,0.390083702603157,70,61,26
"writer","h","PM cue","",NA,NA,NA,"","[2.200084700016305]","['d']",0,NA,107,1,0,"Positive",80,69,51,30,50,31,-29,-39,-38,-30,0,2,"Positive",0.825,0.905405405405405,0.991772810253912,1.38185651285707,0.390083702603157,70,61,26
"event","h","PM cue","",NA,NA,NA,"","[1.9505221000872552]","['h']",1,NA,107,1,1,"Positive",80,69,51,30,50,31,-29,-39,-38,-30,1,2,"Positive",0.825,0.905405405405405,0.991772810253912,1.38185651285707,0.390083702603157,70,61,26
"writer","h","PM cue","",NA,NA,NA,"","[1.3838801998645067]","['d']",0,NA,107,1,0,"Positive",80,69,51,30,50,31,-29,-39,-38,-30,0,2,"Positive",0.825,0.905405405405405,0.991772810253912,1.38185651285707,0.390083702603157,70,61,26
"bottle","h","PM cue","",NA,NA,NA,"","[1.9340993999503553]","['d']",0,NA,107,1,0,"Positive",80,69,51,30,50,31,-29,-39,-38,-30,0,2,"Positive",0.825,0.905405405405405,0.991772810253912,1.38185651285707,0.390083702603157,70,61,26
"event","h","PM cue","",NA,NA,NA,"","[1.9002992999739945]","['h']",1,NA,107,1,1,"Positive",80,69,51,30,50,31,-29,-39,-38,-30,1,2,"Positive",0.825,0.905405405405405,0.991772810253912,1.38185651285707,0.390083702603157,70,61,26
"bottle","h","PM cue","",NA,NA,NA,"","[1.1171037999447435]","['l']",0,NA,108,1,0,"Positive",90.5,68.5,89,69,71,69,-1.5,0.5,0.5,-19.5,0,2,"Positive",0.975,0.918918918918919,0.815906730778993,1.02086802221796,0.204961291438966,44,57,28
"writer","h","PM cue","",NA,NA,NA,"","[2.2168815000914037]","['h']",1,NA,108,1,1,"Positive",90.5,68.5,89,69,71,69,-1.5,0.5,0.5,-19.5,1,2,"Positive",0.975,0.918918918918919,0.815906730778993,1.02086802221796,0.204961291438966,44,57,28
"event","h","PM cue","",NA,NA,NA,"","[1.5342049000319093]","['h']",1,NA,108,1,1,"Positive",90.5,68.5,89,69,71,69,-1.5,0.5,0.5,-19.5,1,2,"Positive",0.975,0.918918918918919,0.815906730778993,1.02086802221796,0.204961291438966,44,57,28
"writer","h","PM cue","",NA,NA,NA,"","[1.6336787999607623]","['h']",1,NA,108,1,1,"Positive",90.5,68.5,89,69,71,69,-1.5,0.5,0.5,-19.5,1,2,"Positive",0.975,0.918918918918919,0.815906730778993,1.02086802221796,0.204961291438966,44,57,28
"bottle","h","PM cue","",NA,NA,NA,"","[0.6340642999857664]","['l']",0,NA,108,1,0,"Positive",90.5,68.5,89,69,71,69,-1.5,0.5,0.5,-19.5,0,2,"Positive",0.975,0.918918918918919,0.815906730778993,1.02086802221796,0.204961291438966,44,57,28
"event","h","PM cue","",NA,NA,NA,"","[1.4169846998993307]","['l']",0,NA,108,1,0,"Positive",90.5,68.5,89,69,71,69,-1.5,0.5,0.5,-19.5,1,2,"Positive",0.975,0.918918918918919,0.815906730778993,1.02086802221796,0.204961291438966,44,57,28
"detail","h","PM cue","",NA,NA,NA,"","[1.5008424999541603]","['l']",0,NA,109,2,0,"Positive",63,67,66,51,50,51,3,-16,-16,-13,0,2,"Positive",0.875,0.905405405405405,1.09544169000001,1.28654185068006,0.191100160680051,48,59,28
"village","h","PM cue","",NA,NA,NA,"","[1.550347399956081]","['d']",0,NA,109,2,0,"Positive",63,67,66,51,50,51,3,-16,-16,-13,1,2,"Positive",0.875,0.905405405405405,1.09544169000001,1.28654185068006,0.191100160680051,48,59,28
"circle","h","PM cue","",NA,NA,NA,"","[1.7837557999882847]","['h']",1,NA,109,2,1,"Positive",63,67,66,51,50,51,3,-16,-16,-13,1,2,"Positive",0.875,0.905405405405405,1.09544169000001,1.28654185068006,0.191100160680051,48,59,28
"detail","h","PM cue","",NA,NA,NA,"","[1.3170840999810025]","['d']",0,NA,109,2,0,"Positive",63,67,66,51,50,51,3,-16,-16,-13,0,2,"Positive",0.875,0.905405405405405,1.09544169000001,1.28654185068006,0.191100160680051,48,59,28
"circle","h","PM cue","",NA,NA,NA,"","[0.9504229000303894, 2.450265000050422]","['d', 'h']",0,NA,109,2,1,"Positive",63,67,66,51,50,51,3,-16,-16,-13,1,2,"Positive",0.875,0.905405405405405,1.09544169000001,1.28654185068006,0.191100160680051,48,59,28
"village","h","PM cue","",NA,NA,NA,"","[1.0838903000112623]","['l']",0,NA,109,2,0,"Positive",63,67,66,51,50,51,3,-16,-16,-13,1,2,"Positive",0.875,0.905405405405405,1.09544169000001,1.28654185068006,0.191100160680051,48,59,28
"wagon","h","PM cue","",NA,NA,NA,"","[1.5507682999596]","['h']",1,NA,11,3,1,"Positive",86.5,76,83,79,83,81,-3.5,3,5,-3.5,1,1,"Positive",0.775,0.878378378378378,0.799987874994986,0.922164844603882,0.122176969608896,54,63,NA
"teacher","h","PM cue","",NA,NA,NA,"","[1.3503314999397844]","['h']",1,NA,11,3,1,"Positive",86.5,76,83,79,83,81,-3.5,3,5,-3.5,1,1,"Positive",0.775,0.878378378378378,0.799987874994986,0.922164844603882,0.122176969608896,54,63,NA
"curious","h","PM cue","",NA,NA,NA,"","[1.0008907997980714]","['l']",0,NA,11,3,0,"Positive",86.5,76,83,79,83,81,-3.5,3,5,-3.5,0,1,"Positive",0.775,0.878378378378378,0.799987874994986,0.922164844603882,0.122176969608896,54,63,NA
"wagon","h","PM cue","",NA,NA,NA,"","[1.5338665000163019]","['h']",1,NA,11,3,1,"Positive",86.5,76,83,79,83,81,-3.5,3,5,-3.5,1,1,"Positive",0.775,0.878378378378378,0.799987874994986,0.922164844603882,0.122176969608896,54,63,NA
"curious","h","PM cue","",NA,NA,NA,"","[1.3168059000745416]","['d']",0,NA,11,3,0,"Positive",86.5,76,83,79,83,81,-3.5,3,5,-3.5,0,1,"Positive",0.775,0.878378378378378,0.799987874994986,0.922164844603882,0.122176969608896,54,63,NA
"teacher","h","PM cue","",NA,NA,NA,"","[1.4505690999794751]","['h']",1,NA,11,3,1,"Positive",86.5,76,83,79,83,81,-3.5,3,5,-3.5,1,1,"Positive",0.775,0.878378378378378,0.799987874994986,0.922164844603882,0.122176969608896,54,63,NA
"wagon","h","PM cue","",NA,NA,NA,"","[1.133756200026255]","['d']",0,NA,110,3,0,"Positive",69.5,31,52,29,33,28,-17.5,-2,-3,-36.5,0,2,"Positive",0.125,0.297297297297297,1.00460005000059,1.0628926481435,0.0582925981429139,46,64,25
"teacher","h","PM cue","",NA,NA,NA,"","[0.933454200043343]","['d']",0,NA,110,3,0,"Positive",69.5,31,52,29,33,28,-17.5,-2,-3,-36.5,0,2,"Positive",0.125,0.297297297297297,1.00460005000059,1.0628926481435,0.0582925981429139,46,64,25
"curious","h","PM cue","",NA,NA,NA,"","[]","None",0,NA,110,3,0,"Positive",69.5,31,52,29,33,28,-17.5,-2,-3,-36.5,0,2,"Positive",0.125,0.297297297297297,1.00460005000059,1.0628926481435,0.0582925981429139,46,64,25
"wagon","h","PM cue","",NA,NA,NA,"","[]","None",0,NA,110,3,0,"Positive",69.5,31,52,29,33,28,-17.5,-2,-3,-36.5,0,2,"Positive",0.125,0.297297297297297,1.00460005000059,1.0628926481435,0.0582925981429139,46,64,25
"curious","h","PM cue","",NA,NA,NA,"","[1.200676599983126]","['d']",0,NA,110,3,0,"Positive",69.5,31,52,29,33,28,-17.5,-2,-3,-36.5,0,2,"Positive",0.125,0.297297297297297,1.00460005000059,1.0628926481435,0.0582925981429139,46,64,25
"teacher","h","PM cue","",NA,NA,NA,"","[0.9170381999574602]","['d']",0,NA,110,3,0,"Positive",69.5,31,52,29,33,28,-17.5,-2,-3,-36.5,0,2,"Positive",0.125,0.297297297297297,1.00460005000059,1.0628926481435,0.0582925981429139,46,64,25
"wagon","h","PM cue","",NA,NA,NA,"","[1.0840129000134766]","['l']",0,NA,113,3,0,"Positive",40,51,49,50,51,50,9,-1,-1,11,1,2,"Positive",0.9,0.837837837837838,1.01913106251741,1.16981585614689,0.150684793629486,49,74,27
"teacher","h","PM cue","",NA,NA,NA,"","[1.317219200078398]","['d']",0,NA,113,3,0,"Positive",40,51,49,50,51,50,9,-1,-1,11,0,2,"Positive",0.9,0.837837837837838,1.01913106251741,1.16981585614689,0.150684793629486,49,74,27
"curious","h","PM cue","",NA,NA,NA,"","[0.8007155999075621]","['l']",0,NA,113,3,0,"Positive",40,51,49,50,51,50,9,-1,-1,11,1,2,"Positive",0.9,0.837837837837838,1.01913106251741,1.16981585614689,0.150684793629486,49,74,27
"wagon","h","PM cue","",NA,NA,NA,"","[1.4838346999604255]","['d']",0,NA,113,3,0,"Positive",40,51,49,50,51,50,9,-1,-1,11,1,2,"Positive",0.9,0.837837837837838,1.01913106251741,1.16981585614689,0.150684793629486,49,74,27
"curious","h","PM cue","",NA,NA,NA,"","[1.3335766999516636]","['d']",0,NA,113,3,0,"Positive",40,51,49,50,51,50,9,-1,-1,11,1,2,"Positive",0.9,0.837837837837838,1.01913106251741,1.16981585614689,0.150684793629486,49,74,27
"teacher","h","PM cue","",NA,NA,NA,"","[1.533621999900788]","['d']",0,NA,113,3,0,"Positive",40,51,49,50,51,50,9,-1,-1,11,0,2,"Positive",0.9,0.837837837837838,1.01913106251741,1.16981585614689,0.150684793629486,49,74,27
"detail","h","PM cue","",NA,NA,NA,"","[1.0508121000020765]","['l']",0,NA,112,2,0,"Positive",51,50,52,49,54,51,1,-1,1,3,1,2,"Positive",0.975,0.972972972972973,0.947110645004432,0.986937265748267,0.0398266207438348,48,73,29
"village","h","PM cue","",NA,NA,NA,"","[2.0331117999739945]","['h']",1,NA,112,2,1,"Positive",51,50,52,49,54,51,1,-1,1,3,1,2,"Positive",0.975,0.972972972972973,0.947110645004432,0.986937265748267,0.0398266207438348,48,73,29
"circle","h","PM cue","",NA,NA,NA,"","[]","None",0,NA,112,2,0,"Positive",51,50,52,49,54,51,1,-1,1,3,0,2,"Positive",0.975,0.972972972972973,0.947110645004432,0.986937265748267,0.0398266207438348,48,73,29
"detail","h","PM cue","",NA,NA,NA,"","[]","None",0,NA,112,2,0,"Positive",51,50,52,49,54,51,1,-1,1,3,1,2,"Positive",0.975,0.972972972972973,0.947110645004432,0.986937265748267,0.0398266207438348,48,73,29
"circle","h","PM cue","",NA,NA,NA,"","[]","None",0,NA,112,2,0,"Positive",51,50,52,49,54,51,1,-1,1,3,0,2,"Positive",0.975,0.972972972972973,0.947110645004432,0.986937265748267,0.0398266207438348,48,73,29
"village","h","PM cue","",NA,NA,NA,"","[1.8003252999624237]","['h']",1,NA,112,2,1,"Positive",51,50,52,49,54,51,1,-1,1,3,1,2,"Positive",0.975,0.972972972972973,0.947110645004432,0.986937265748267,0.0398266207438348,48,73,29
"bottle","h","PM cue","",NA,NA,NA,"","[2.167147200088948]","['h']",1,NA,113,1,1,"Positive",86.5,81,65,65,78,49,-21.5,-16,-32,-8.5,1,2,"Positive",0.85,0.864864864864865,1.12976431580702,1.2633509246131,0.133586608806082,49,77,25
"writer","h","PM cue","",NA,NA,NA,"","[1.817173299845308]","['h']",1,NA,113,1,1,"Positive",86.5,81,65,65,78,49,-21.5,-16,-32,-8.5,1,2,"Positive",0.85,0.864864864864865,1.12976431580702,1.2633509246131,0.133586608806082,49,77,25
"event","h","PM cue","",NA,NA,NA,"","[1.7002981998957694]","['h']",1,NA,113,1,1,"Positive",86.5,81,65,65,78,49,-21.5,-16,-32,-8.5,1,2,"Positive",0.85,0.864864864864865,1.12976431580702,1.2633509246131,0.133586608806082,49,77,25
"writer","h","PM cue","",NA,NA,NA,"","[1.6008704998530447]","['h']",1,NA,113,1,1,"Positive",86.5,81,65,65,78,49,-21.5,-16,-32,-8.5,1,2,"Positive",0.85,0.864864864864865,1.12976431580702,1.2633509246131,0.133586608806082,49,77,25
"bottle","h","PM cue","",NA,NA,NA,"","[1.6506310002878308]","['h']",1,NA,113,1,1,"Positive",86.5,81,65,65,78,49,-21.5,-16,-32,-8.5,1,2,"Positive",0.85,0.864864864864865,1.12976431580702,1.2633509246131,0.133586608806082,49,77,25
"event","h","PM cue","",NA,NA,NA,"","[1.2838033000007272]","['h']",1,NA,113,1,1,"Positive",86.5,81,65,65,78,49,-21.5,-16,-32,-8.5,1,2,"Positive",0.85,0.864864864864865,1.12976431580702,1.2633509246131,0.133586608806082,49,77,25
"bottle","h","PM cue","",NA,NA,NA,"","[2.0161236999556422]","['h']",1,NA,114,1,1,"Positive",81,60,81,60,81,60,0,0,0,0,1,2,"Positive",0.975,0.986486486486487,0.769664312456735,1.02118890543116,0.251524592974425,47,68,27
"writer","h","PM cue","",NA,NA,NA,"","[1.8331468999385834]","['h']",1,NA,114,1,1,"Positive",81,60,81,60,81,60,0,0,0,0,1,2,"Positive",0.975,0.986486486486487,0.769664312456735,1.02118890543116,0.251524592974425,47,68,27
"event","h","PM cue","",NA,NA,NA,"","[0.73370820004493]","['l']",0,NA,114,1,0,"Positive",81,60,81,60,81,60,0,0,0,0,1,2,"Positive",0.975,0.986486486486487,0.769664312456735,1.02118890543116,0.251524592974425,47,68,27
"writer","h","PM cue","",NA,NA,NA,"","[2.200482899788767]","['h']",1,NA,114,1,1,"Positive",81,60,81,60,81,60,0,0,0,0,1,2,"Positive",0.975,0.986486486486487,0.769664312456735,1.02118890543116,0.251524592974425,47,68,27
"bottle","h","PM cue","",NA,NA,NA,"","[1.7174933003261685]","['h']",1,NA,114,1,1,"Positive",81,60,81,60,81,60,0,0,0,0,1,2,"Positive",0.975,0.986486486486487,0.769664312456735,1.02118890543116,0.251524592974425,47,68,27
"event","h","PM cue","",NA,NA,NA,"","[0.9170161997899413]","['l']",0,NA,114,1,0,"Positive",81,60,81,60,81,60,0,0,0,0,1,2,"Positive",0.975,0.986486486486487,0.769664312456735,1.02118890543116,0.251524592974425,47,68,27
"detail","h","PM cue","",NA,NA,NA,"","[1.5504144000587985]","['h']",1,NA,115,2,1,"Positive",90.5,90,100,90,96,94,9.5,0,4,5.5,1,2,"Positive",1,0.986486486486487,0.626788025008864,0.877959881073833,0.251171856064969,27,69,30
"village","h","PM cue","",NA,NA,NA,"","[1.267368400003761]","['h']",1,NA,115,2,1,"Positive",90.5,90,100,90,96,94,9.5,0,4,5.5,1,2,"Positive",1,0.986486486486487,0.626788025008864,0.877959881073833,0.251171856064969,27,69,30
"circle","h","PM cue","",NA,NA,NA,"","[1.1171688999747857]","['h']",1,NA,115,2,1,"Positive",90.5,90,100,90,96,94,9.5,0,4,5.5,1,2,"Positive",1,0.986486486486487,0.626788025008864,0.877959881073833,0.251171856064969,27,69,30
"detail","h","PM cue","",NA,NA,NA,"","[1.4007465000031516]","['h']",1,NA,115,2,1,"Positive",90.5,90,100,90,96,94,9.5,0,4,5.5,1,2,"Positive",1,0.986486486486487,0.626788025008864,0.877959881073833,0.251171856064969,27,69,30
"circle","h","PM cue","",NA,NA,NA,"","[1.3171513999113813]","['h']",1,NA,115,2,1,"Positive",90.5,90,100,90,96,94,9.5,0,4,5.5,1,2,"Positive",1,0.986486486486487,0.626788025008864,0.877959881073833,0.251171856064969,27,69,30
"village","h","PM cue","",NA,NA,NA,"","[1.117185499984771]","['h']",1,NA,115,2,1,"Positive",90.5,90,100,90,96,94,9.5,0,4,5.5,1,2,"Positive",1,0.986486486486487,0.626788025008864,0.877959881073833,0.251171856064969,27,69,30
"wagon","h","PM cue","",NA,NA,NA,"","[2.0671109000686556]","['h']",1,NA,116,3,1,"Positive",94.5,91.5,97,89,94,92,2.5,-2.5,0.5,-0.5,1,2,"Positive",1,0.986486486486487,0.80589375999698,1.15519842026736,0.349304660270384,23,53,29
"teacher","h","PM cue","",NA,NA,NA,"","[0.7840650000143796, 2.783842899953015]","['l', 'h']",0,NA,116,3,1,"Positive",94.5,91.5,97,89,94,92,2.5,-2.5,0.5,-0.5,1,2,"Positive",1,0.986486486486487,0.80589375999698,1.15519842026736,0.349304660270384,23,53,29
"curious","h","PM cue","",NA,NA,NA,"","[1.3004217999987304]","['h']",1,NA,116,3,1,"Positive",94.5,91.5,97,89,94,92,2.5,-2.5,0.5,-0.5,1,2,"Positive",1,0.986486486486487,0.80589375999698,1.15519842026736,0.349304660270384,23,53,29
"wagon","h","PM cue","",NA,NA,NA,"","[1.7172919000731781]","['h']",1,NA,116,3,1,"Positive",94.5,91.5,97,89,94,92,2.5,-2.5,0.5,-0.5,1,2,"Positive",1,0.986486486486487,0.80589375999698,1.15519842026736,0.349304660270384,23,53,29
"curious","h","PM cue","",NA,NA,NA,"","[1.3669860999798402]","['h']",1,NA,116,3,1,"Positive",94.5,91.5,97,89,94,92,2.5,-2.5,0.5,-0.5,1,2,"Positive",1,0.986486486486487,0.80589375999698,1.15519842026736,0.349304660270384,23,53,29
"teacher","h","PM cue","",NA,NA,NA,"","[1.3006994999013841]","['h']",1,NA,116,3,1,"Positive",94.5,91.5,97,89,94,92,2.5,-2.5,0.5,-0.5,1,2,"Positive",1,0.986486486486487,0.80589375999698,1.15519842026736,0.349304660270384,23,53,29
"wagon","h","PM cue","",NA,NA,NA,"","[2.250242599984631]","['h']",1,NA,118,3,1,"Positive",71.5,43.5,75,47,74,51,3.5,3.5,7.5,2.5,1,2,"Positive",1,0.959459459459459,0.779054594876913,1.03042735406072,0.251372759183804,44,50,27
"teacher","h","PM cue","",NA,NA,NA,"","[1.517090299865231]","['h']",1,NA,118,3,1,"Positive",71.5,43.5,75,47,74,51,3.5,3.5,7.5,2.5,1,2,"Positive",1,0.959459459459459,0.779054594876913,1.03042735406072,0.251372759183804,44,50,27
"curious","h","PM cue","",NA,NA,NA,"","[1.7338426001369953]","['h']",1,NA,118,3,1,"Positive",71.5,43.5,75,47,74,51,3.5,3.5,7.5,2.5,1,2,"Positive",1,0.959459459459459,0.779054594876913,1.03042735406072,0.251372759183804,44,50,27
"wagon","h","PM cue","",NA,NA,NA,"","[1.550463399849832]","['h']",1,NA,118,3,1,"Positive",71.5,43.5,75,47,74,51,3.5,3.5,7.5,2.5,1,2,"Positive",1,0.959459459459459,0.779054594876913,1.03042735406072,0.251372759183804,44,50,27
"curious","h","PM cue","",NA,NA,NA,"","[1.5001831001136452]","['h']",1,NA,118,3,1,"Positive",71.5,43.5,75,47,74,51,3.5,3.5,7.5,2.5,1,2,"Positive",1,0.959459459459459,0.779054594876913,1.03042735406072,0.251372759183804,44,50,27
"teacher","h","PM cue","",NA,NA,NA,"","[1.2837447999045253]","['h']",1,NA,118,3,1,"Positive",71.5,43.5,75,47,74,51,3.5,3.5,7.5,2.5,1,2,"Positive",1,0.959459459459459,0.779054594876913,1.03042735406072,0.251372759183804,44,50,27
"detail","h","PM cue","",NA,NA,NA,"","[1.0671421999577433]","['l']",0,NA,118,2,0,"Positive",67.5,62,88,73,73,65,20.5,11,3,5.5,1,2,"Positive",0.925,0.918918918918919,1.07948519486504,1.01378782716181,-0.0656973677032351,42,77,31
"village","h","PM cue","",NA,NA,NA,"","[1.2838483999948949]","['l']",0,NA,118,2,0,"Positive",67.5,62,88,73,73,65,20.5,11,3,5.5,1,2,"Positive",0.925,0.918918918918919,1.07948519486504,1.01378782716181,-0.0656973677032351,42,77,31
"circle","h","PM cue","",NA,NA,NA,"","[0.7338815999682993]","['l']",0,NA,118,2,0,"Positive",67.5,62,88,73,73,65,20.5,11,3,5.5,1,2,"Positive",0.925,0.918918918918919,1.07948519486504,1.01378782716181,-0.0656973677032351,42,77,31
"detail","h","PM cue","",NA,NA,NA,"","[0.917248000157997]","['l']",0,NA,118,2,0,"Positive",67.5,62,88,73,73,65,20.5,11,3,5.5,1,2,"Positive",0.925,0.918918918918919,1.07948519486504,1.01378782716181,-0.0656973677032351,42,77,31
"circle","h","PM cue","",NA,NA,NA,"","[1.2503743001725525]","['l']",0,NA,118,2,0,"Positive",67.5,62,88,73,73,65,20.5,11,3,5.5,1,2,"Positive",0.925,0.918918918918919,1.07948519486504,1.01378782716181,-0.0656973677032351,42,77,31
"village","h","PM cue","",NA,NA,NA,"","[1.3335065999999642]","['l']",0,NA,118,2,0,"Positive",67.5,62,88,73,73,65,20.5,11,3,5.5,1,2,"Positive",0.925,0.918918918918919,1.07948519486504,1.01378782716181,-0.0656973677032351,42,77,31
"bottle","h","PM cue","",NA,NA,NA,"","[1.6170284999534488]","['h']",1,NA,119,1,1,"Positive",72,16.5,90,28,76,9,18,11.5,-7.5,4,1,2,"Positive",1,0.945945945945946,1.19121408500941,1.24257309028245,0.0513590052730353,23,NA,31
"writer","h","PM cue","",NA,NA,NA,"","[2.0001514999894425]","['h']",1,NA,119,1,1,"Positive",72,16.5,90,28,76,9,18,11.5,-7.5,4,1,2,"Positive",1,0.945945945945946,1.19121408500941,1.24257309028245,0.0513590052730353,23,NA,31
"event","h","PM cue","",NA,NA,NA,"","[1.9337761999340728]","['h']",1,NA,119,1,1,"Positive",72,16.5,90,28,76,9,18,11.5,-7.5,4,1,2,"Positive",1,0.945945945945946,1.19121408500941,1.24257309028245,0.0513590052730353,23,NA,31
"writer","h","PM cue","",NA,NA,NA,"","[2.1670198999345303]","['h']",1,NA,119,1,1,"Positive",72,16.5,90,28,76,9,18,11.5,-7.5,4,1,2,"Positive",1,0.945945945945946,1.19121408500941,1.24257309028245,0.0513590052730353,23,NA,31
"bottle","h","PM cue","",NA,NA,NA,"","[1.6673003999749199]","['h']",1,NA,119,1,1,"Positive",72,16.5,90,28,76,9,18,11.5,-7.5,4,1,2,"Positive",1,0.945945945945946,1.19121408500941,1.24257309028245,0.0513590052730353,23,NA,31
"event","h","PM cue","",NA,NA,NA,"","[1.6835345999570563]","['h']",1,NA,119,1,1,"Positive",72,16.5,90,28,76,9,18,11.5,-7.5,4,1,2,"Positive",1,0.945945945945946,1.19121408500941,1.24257309028245,0.0513590052730353,23,NA,31
"detail","h","PM cue","",NA,NA,NA,"","[1.0342263999627903]","['h']",1,NA,12,2,1,"Positive",40,64.5,51,71,44,64,11,6.5,-0.5,4,0,1,"Positive",0.95,0.959459459459459,0.886065787496045,1.03078534999214,0.144719562496096,59,88,NA
"village","h","PM cue","",NA,NA,NA,"","[1.3672042000107467]","['h']",1,NA,12,2,1,"Positive",40,64.5,51,71,44,64,11,6.5,-0.5,4,1,1,"Positive",0.95,0.959459459459459,0.886065787496045,1.03078534999214,0.144719562496096,59,88,NA
"circle","h","PM cue","",NA,NA,NA,"","[1.2503643999807537]","['l']",0,NA,12,2,0,"Positive",40,64.5,51,71,44,64,11,6.5,-0.5,4,1,1,"Positive",0.95,0.959459459459459,0.886065787496045,1.03078534999214,0.144719562496096,59,88,NA
"detail","h","PM cue","",NA,NA,NA,"","[1.2341077000601217]","['h']",1,NA,12,2,1,"Positive",40,64.5,51,71,44,64,11,6.5,-0.5,4,0,1,"Positive",0.95,0.959459459459459,0.886065787496045,1.03078534999214,0.144719562496096,59,88,NA
"circle","h","PM cue","",NA,NA,NA,"","[1.2342573000350967]","['h']",1,NA,12,2,1,"Positive",40,64.5,51,71,44,64,11,6.5,-0.5,4,1,1,"Positive",0.95,0.959459459459459,0.886065787496045,1.03078534999214,0.144719562496096,59,88,NA
"village","h","PM cue","",NA,NA,NA,"","[1.5335537999635562]","['h']",1,NA,12,2,1,"Positive",40,64.5,51,71,44,64,11,6.5,-0.5,4,1,1,"Positive",0.95,0.959459459459459,0.886065787496045,1.03078534999214,0.144719562496096,59,88,NA
"bottle","h","PM cue","",NA,NA,NA,"","[0.9839449999853969]","['l']",0,NA,120,1,0,"Positive",52.5,51,73,50,52,48,20.5,-1,-3,-0.5,0,2,"Positive",0.95,0.945945945945946,0.918866374350798,1.10518933333353,0.186322958982733,42,73,27
"writer","h","PM cue","",NA,NA,NA,"","[2.4169512999942526]","['h']",1,NA,120,1,1,"Positive",52.5,51,73,50,52,48,20.5,-1,-3,-0.5,1,2,"Positive",0.95,0.945945945945946,0.918866374350798,1.10518933333353,0.186322958982733,42,73,27
"event","h","PM cue","",NA,NA,NA,"","[2.100530100055039]","['h']",1,NA,120,1,1,"Positive",52.5,51,73,50,52,48,20.5,-1,-3,-0.5,1,2,"Positive",0.95,0.945945945945946,0.918866374350798,1.10518933333353,0.186322958982733,42,73,27
"writer","h","PM cue","",NA,NA,NA,"","[1.5837892000563443]","['h']",1,NA,120,1,1,"Positive",52.5,51,73,50,52,48,20.5,-1,-3,-0.5,1,2,"Positive",0.95,0.945945945945946,0.918866374350798,1.10518933333353,0.186322958982733,42,73,27
"bottle","h","PM cue","",NA,NA,NA,"","[0.9333798000589013]","['l']",0,NA,120,1,0,"Positive",52.5,51,73,50,52,48,20.5,-1,-3,-0.5,0,2,"Positive",0.95,0.945945945945946,0.918866374350798,1.10518933333353,0.186322958982733,42,73,27
"event","h","PM cue","",NA,NA,NA,"","[1.3004210999934003]","['l']",0,NA,120,1,0,"Positive",52.5,51,73,50,52,48,20.5,-1,-3,-0.5,1,2,"Positive",0.95,0.945945945945946,0.918866374350798,1.10518933333353,0.186322958982733,42,73,27
"detail","h","PM cue","",NA,NA,NA,"","[2.517307700123638]","['h']",1,NA,121,2,1,"Positive",73,81.5,69,68,73,68,-4,-13.5,-13.5,0,0,2,"Positive",0.85,0.864864864864865,0.907845619984437,0.993682840574734,0.0858372205902973,30,46,30
"village","h","PM cue","",NA,NA,NA,"","[1.350905800005421]","['h']",1,NA,121,2,1,"Positive",73,81.5,69,68,73,68,-4,-13.5,-13.5,0,0,2,"Positive",0.85,0.864864864864865,0.907845619984437,0.993682840574734,0.0858372205902973,30,46,30
"circle","h","PM cue","",NA,NA,NA,"","[1.3337266999296844]","['h']",1,NA,121,2,1,"Positive",73,81.5,69,68,73,68,-4,-13.5,-13.5,0,0,2,"Positive",0.85,0.864864864864865,0.907845619984437,0.993682840574734,0.0858372205902973,30,46,30
"detail","h","PM cue","",NA,NA,NA,"","[1.550806000130251]","['h']",1,NA,121,2,1,"Positive",73,81.5,69,68,73,68,-4,-13.5,-13.5,0,0,2,"Positive",0.85,0.864864864864865,0.907845619984437,0.993682840574734,0.0858372205902973,30,46,30
"circle","h","PM cue","",NA,NA,NA,"","[1.4504289000760764]","['h']",1,NA,121,2,1,"Positive",73,81.5,69,68,73,68,-4,-13.5,-13.5,0,0,2,"Positive",0.85,0.864864864864865,0.907845619984437,0.993682840574734,0.0858372205902973,30,46,30
"village","h","PM cue","",NA,NA,NA,"","[1.3336740999948233]","['h']",1,NA,121,2,1,"Positive",73,81.5,69,68,73,68,-4,-13.5,-13.5,0,0,2,"Positive",0.85,0.864864864864865,0.907845619984437,0.993682840574734,0.0858372205902973,30,46,30
"wagon","h","PM cue","",NA,NA,NA,"","[1.8839616000186652]","['h']",1,NA,122,3,1,"Positive",79,57,78,60,77,40,-1,3,-17,-2,0,2,"Positive",0.925,0.945945945945946,0.823791087504651,0.900741924326458,0.0769508368218069,34,70,30
"teacher","h","PM cue","",NA,NA,NA,"","[1.383747299958486, 2.8502070999820717]","['l', 'h']",0,NA,122,3,1,"Positive",79,57,78,60,77,40,-1,3,-17,-2,0,2,"Positive",0.925,0.945945945945946,0.823791087504651,0.900741924326458,0.0769508368218069,34,70,30
"curious","h","PM cue","",NA,NA,NA,"","[1.5006871000514366]","['h']",1,NA,122,3,1,"Positive",79,57,78,60,77,40,-1,3,-17,-2,0,2,"Positive",0.925,0.945945945945946,0.823791087504651,0.900741924326458,0.0769508368218069,34,70,30
"wagon","h","PM cue","",NA,NA,NA,"","[2.2835784999770112]","['h']",1,NA,122,3,1,"Positive",79,57,78,60,77,40,-1,3,-17,-2,0,2,"Positive",0.925,0.945945945945946,0.823791087504651,0.900741924326458,0.0769508368218069,34,70,30
"curious","h","PM cue","",NA,NA,NA,"","[1.76745539996773]","['h']",1,NA,122,3,1,"Positive",79,57,78,60,77,40,-1,3,-17,-2,0,2,"Positive",0.925,0.945945945945946,0.823791087504651,0.900741924326458,0.0769508368218069,34,70,30
"teacher","h","PM cue","",NA,NA,NA,"","[2.1162887000245973]","['h']",1,NA,122,3,1,"Positive",79,57,78,60,77,40,-1,3,-17,-2,0,2,"Positive",0.925,0.945945945945946,0.823791087504651,0.900741924326458,0.0769508368218069,34,70,30
"wagon","h","PM cue","",NA,NA,NA,"","[1.8004966999869794]","['h']",1,NA,123,3,1,"Positive",68,47.5,61,66,66,76,-7,18.5,28.5,-2,1,2,"Positive",1,0.986486486486487,0.740046087512746,0.884236154042663,0.144190066529916,36,55,30
"teacher","h","PM cue","",NA,NA,NA,"","[1.250493700033985]","['h']",1,NA,123,3,1,"Positive",68,47.5,61,66,66,76,-7,18.5,28.5,-2,1,2,"Positive",1,0.986486486486487,0.740046087512746,0.884236154042663,0.144190066529916,36,55,30
"curious","h","PM cue","",NA,NA,NA,"","[1.5005104000447318]","['h']",1,NA,123,3,1,"Positive",68,47.5,61,66,66,76,-7,18.5,28.5,-2,1,2,"Positive",1,0.986486486486487,0.740046087512746,0.884236154042663,0.144190066529916,36,55,30
"wagon","h","PM cue","",NA,NA,NA,"","[0.8175236000679433]","['d']",0,NA,123,3,0,"Positive",68,47.5,61,66,66,76,-7,18.5,28.5,-2,1,2,"Positive",1,0.986486486486487,0.740046087512746,0.884236154042663,0.144190066529916,36,55,30
"curious","h","PM cue","",NA,NA,NA,"","[1.3004401000216603]","['h']",1,NA,123,3,1,"Positive",68,47.5,61,66,66,76,-7,18.5,28.5,-2,1,2,"Positive",1,0.986486486486487,0.740046087512746,0.884236154042663,0.144190066529916,36,55,30
"teacher","h","PM cue","",NA,NA,NA,"","[1.6004706000676379]","['h']",1,NA,123,3,1,"Positive",68,47.5,61,66,66,76,-7,18.5,28.5,-2,1,2,"Positive",1,0.986486486486487,0.740046087512746,0.884236154042663,0.144190066529916,36,55,30
"detail","h","PM cue","",NA,NA,NA,"","[0.9834582999999384]","['l']",0,NA,124,2,0,"Positive",71,97.5,95,99,91,93,24,1.5,-4.5,20,0,2,"Positive",0.775,0.783783783783784,0.794840176923079,0.835097408108104,0.0402572311850246,56,76,26
"village","h","PM cue","",NA,NA,NA,"","[0.8673206999999366]","['l']",0,NA,124,2,0,"Positive",71,97.5,95,99,91,93,24,1.5,-4.5,20,1,2,"Positive",0.775,0.783783783783784,0.794840176923079,0.835097408108104,0.0402572311850246,56,76,26
"circle","h","PM cue","",NA,NA,NA,"","[1.700274500000205]","['l']",0,NA,124,2,0,"Positive",71,97.5,95,99,91,93,24,1.5,-4.5,20,0,2,"Positive",0.775,0.783783783783784,0.794840176923079,0.835097408108104,0.0402572311850246,56,76,26
"detail","h","PM cue","",NA,NA,NA,"","[0.8004960000000665]","['d']",0,NA,124,2,0,"Positive",71,97.5,95,99,91,93,24,1.5,-4.5,20,0,2,"Positive",0.775,0.783783783783784,0.794840176923079,0.835097408108104,0.0402572311850246,56,76,26
"circle","h","PM cue","",NA,NA,NA,"","[1.0503928000000542]","['d']",0,NA,124,2,0,"Positive",71,97.5,95,99,91,93,24,1.5,-4.5,20,0,2,"Positive",0.775,0.783783783783784,0.794840176923079,0.835097408108104,0.0402572311850246,56,76,26
"village","h","PM cue","",NA,NA,NA,"","[0.7674658000000818]","['d']",0,NA,124,2,0,"Positive",71,97.5,95,99,91,93,24,1.5,-4.5,20,1,2,"Positive",0.775,0.783783783783784,0.794840176923079,0.835097408108104,0.0402572311850246,56,76,26
"bottle","h","PM cue","",NA,NA,NA,"","[2.4007004000013694]","['l']",0,NA,125,1,0,"Positive",99,95,100,88,99,80,1,-7,-15,0,0,2,"Positive",0.8,0.77027027027027,0.991962830768898,1.12836892055013,0.136406089781228,28,58,30
"writer","h","PM cue","",NA,NA,NA,"","[1.8839032999821939]","['h']",1,NA,125,1,1,"Positive",99,95,100,88,99,80,1,-7,-15,0,1,2,"Positive",0.8,0.77027027027027,0.991962830768898,1.12836892055013,0.136406089781228,28,58,30
"event","h","PM cue","",NA,NA,NA,"","[1.9174292999668978]","['d']",0,NA,125,1,0,"Positive",99,95,100,88,99,80,1,-7,-15,0,1,2,"Positive",0.8,0.77027027027027,0.991962830768898,1.12836892055013,0.136406089781228,28,58,30
"writer","h","PM cue","",NA,NA,NA,"","[1.3834063000394963]","['h']",1,NA,125,1,1,"Positive",99,95,100,88,99,80,1,-7,-15,0,1,2,"Positive",0.8,0.77027027027027,0.991962830768898,1.12836892055013,0.136406089781228,28,58,30
"bottle","h","PM cue","",NA,NA,NA,"","[1.4335604999796487]","['d']",0,NA,125,1,0,"Positive",99,95,100,88,99,80,1,-7,-15,0,0,2,"Positive",0.8,0.77027027027027,0.991962830768898,1.12836892055013,0.136406089781228,28,58,30
"event","h","PM cue","",NA,NA,NA,"","[1.050474799994845]","['d']",0,NA,125,1,0,"Positive",99,95,100,88,99,80,1,-7,-15,0,1,2,"Positive",0.8,0.77027027027027,0.991962830768898,1.12836892055013,0.136406089781228,28,58,30
"detail","h","PM cue","",NA,NA,NA,"","[2.0503857999574393]","['h']",1,NA,126,2,1,"Positive",59,51.5,70,32,71,50,11,-19.5,-1.5,12,1,2,"Positive",0.95,0.905405405405405,0.873355787532637,1.14172005586614,0.2683642683335,44,67,29
"village","h","PM cue","",NA,NA,NA,"","[1.8504859001841396]","['h']",1,NA,126,2,1,"Positive",59,51.5,70,32,71,50,11,-19.5,-1.5,12,1,2,"Positive",0.95,0.905405405405405,0.873355787532637,1.14172005586614,0.2683642683335,44,67,29
"circle","h","PM cue","",NA,NA,NA,"","[1.7666024998761714]","['h']",1,NA,126,2,1,"Positive",59,51.5,70,32,71,50,11,-19.5,-1.5,12,1,2,"Positive",0.95,0.905405405405405,0.873355787532637,1.14172005586614,0.2683642683335,44,67,29
"detail","h","PM cue","",NA,NA,NA,"","[2.3339990000240505]","['h']",1,NA,126,2,1,"Positive",59,51.5,70,32,71,50,11,-19.5,-1.5,12,1,2,"Positive",0.95,0.905405405405405,0.873355787532637,1.14172005586614,0.2683642683335,44,67,29
"circle","h","PM cue","",NA,NA,NA,"","[1.650204900186509]","['h']",1,NA,126,2,1,"Positive",59,51.5,70,32,71,50,11,-19.5,-1.5,12,1,2,"Positive",0.95,0.905405405405405,0.873355787532637,1.14172005586614,0.2683642683335,44,67,29
"village","h","PM cue","",NA,NA,NA,"","[1.8835992000531405]","['h']",1,NA,126,2,1,"Positive",59,51.5,70,32,71,50,11,-19.5,-1.5,12,1,2,"Positive",0.95,0.905405405405405,0.873355787532637,1.14172005586614,0.2683642683335,44,67,29
"bottle","h","PM cue","",NA,NA,NA,"","[2.617056000046432]","['h']",1,NA,127,1,1,"Positive",91.5,29,92,30,90,31,0.5,1,2,-1.5,1,2,"Positive",0.975,0.972972972972973,0.881767857502564,1.13051056026877,0.248742702766202,53,81,30
"writer","h","PM cue","",NA,NA,NA,"","[2.0499668000265956]","['l']",0,NA,127,1,0,"Positive",91.5,29,92,30,90,31,0.5,1,2,-1.5,1,2,"Positive",0.975,0.972972972972973,0.881767857502564,1.13051056026877,0.248742702766202,53,81,30
"event","h","PM cue","",NA,NA,NA,"","[1.5839343999978155]","['h']",1,NA,127,1,1,"Positive",91.5,29,92,30,90,31,0.5,1,2,-1.5,1,2,"Positive",0.975,0.972972972972973,0.881767857502564,1.13051056026877,0.248742702766202,53,81,30
"writer","h","PM cue","",NA,NA,NA,"","[2.134091200074181]","['h']",1,NA,127,1,1,"Positive",91.5,29,92,30,90,31,0.5,1,2,-1.5,1,2,"Positive",0.975,0.972972972972973,0.881767857502564,1.13051056026877,0.248742702766202,53,81,30
"bottle","h","PM cue","",NA,NA,NA,"","[2.067140100058168]","['h']",1,NA,127,1,1,"Positive",91.5,29,92,30,90,31,0.5,1,2,-1.5,1,2,"Positive",0.975,0.972972972972973,0.881767857502564,1.13051056026877,0.248742702766202,53,81,30
"event","h","PM cue","",NA,NA,NA,"","[1.900301399989985]","['h']",1,NA,127,1,1,"Positive",91.5,29,92,30,90,31,0.5,1,2,-1.5,1,2,"Positive",0.975,0.972972972972973,0.881767857502564,1.13051056026877,0.248742702766202,53,81,30
"wagon","h","PM cue","",NA,NA,NA,"","[1.5837844000197947]","['h']",1,NA,128,3,1,"Positive",51,41,50,31,51,30,-1,-10,-11,0,1,2,"Positive",0.8,0.810810810810811,1.03205029474645,1.16807283000422,0.13602253525777,60,78,31
"teacher","h","PM cue","",NA,NA,NA,"","[1.7335822999011725]","['h']",1,NA,128,3,1,"Positive",51,41,50,31,51,30,-1,-10,-11,0,1,2,"Positive",0.8,0.810810810810811,1.03205029474645,1.16807283000422,0.13602253525777,60,78,31
"curious","h","PM cue","",NA,NA,NA,"","[2.2843436000403017]","['d']",0,NA,128,3,0,"Positive",51,41,50,31,51,30,-1,-10,-11,0,0,2,"Positive",0.8,0.810810810810811,1.03205029474645,1.16807283000422,0.13602253525777,60,78,31
"wagon","h","PM cue","",NA,NA,NA,"","[1.6326886999886483]","['h']",1,NA,128,3,1,"Positive",51,41,50,31,51,30,-1,-10,-11,0,1,2,"Positive",0.8,0.810810810810811,1.03205029474645,1.16807283000422,0.13602253525777,60,78,31
"curious","h","PM cue","",NA,NA,NA,"","[2.250299400067888]","['h']",1,NA,128,3,1,"Positive",51,41,50,31,51,30,-1,-10,-11,0,0,2,"Positive",0.8,0.810810810810811,1.03205029474645,1.16807283000422,0.13602253525777,60,78,31
"teacher","h","PM cue","",NA,NA,NA,"","[1.8670187999960035]","['h']",1,NA,128,3,1,"Positive",51,41,50,31,51,30,-1,-10,-11,0,1,2,"Positive",0.8,0.810810810810811,1.03205029474645,1.16807283000422,0.13602253525777,60,78,31
"wagon","h","PM cue","",NA,NA,NA,"","[1.8168275999996695]","['h']",1,NA,129,3,1,"Positive",92,11,92,9,94,11,0,-2,0,2,1,2,"Positive",0.95,0.959459459459459,1.11369381249995,1.03308607972974,-0.0806077327702011,25,66,29
"teacher","h","PM cue","",NA,NA,NA,"","[1.3500172000003658]","['h']",1,NA,129,3,1,"Positive",92,11,92,9,94,11,0,-2,0,2,1,2,"Positive",0.95,0.959459459459459,1.11369381249995,1.03308607972974,-0.0806077327702011,25,66,29
"curious","h","PM cue","",NA,NA,NA,"","[1.2336952999994537]","['h']",1,NA,129,3,1,"Positive",92,11,92,9,94,11,0,-2,0,2,1,2,"Positive",0.95,0.959459459459459,1.11369381249995,1.03308607972974,-0.0806077327702011,25,66,29
"wagon","h","PM cue","",NA,NA,NA,"","[1.166952499999752]","['h']",1,NA,129,3,1,"Positive",92,11,92,9,94,11,0,-2,0,2,1,2,"Positive",0.95,0.959459459459459,1.11369381249995,1.03308607972974,-0.0806077327702011,25,66,29
"curious","h","PM cue","",NA,NA,NA,"","[2.3175461999999243]","['h']",1,NA,129,3,1,"Positive",92,11,92,9,94,11,0,-2,0,2,1,2,"Positive",0.95,0.959459459459459,1.11369381249995,1.03308607972974,-0.0806077327702011,25,66,29
"teacher","h","PM cue","",NA,NA,NA,"","[1.2171171000009053]","['h']",1,NA,129,3,1,"Positive",92,11,92,9,94,11,0,-2,0,2,1,2,"Positive",0.95,0.959459459459459,1.11369381249995,1.03308607972974,-0.0806077327702011,25,66,29
"bottle","h","PM cue","",NA,NA,NA,"","[1.1514613000035752]","['h']",1,NA,13,1,1,"Positive",75.5,68.5,86,86,82,75,10.5,17.5,6.5,6.5,1,1,"Positive",0.95,0.945945945945946,1.03554204210377,0.880902054052992,-0.154639988050779,40,78,NA
"writer","h","PM cue","",NA,NA,NA,"","[0.9504181999946013]","['h']",1,NA,13,1,1,"Positive",75.5,68.5,86,86,82,75,10.5,17.5,6.5,6.5,1,1,"Positive",0.95,0.945945945945946,1.03554204210377,0.880902054052992,-0.154639988050779,40,78,NA
"event","h","PM cue","",NA,NA,NA,"","[1.3337786000047345]","['h']",1,NA,13,1,1,"Positive",75.5,68.5,86,86,82,75,10.5,17.5,6.5,6.5,1,1,"Positive",0.95,0.945945945945946,1.03554204210377,0.880902054052992,-0.154639988050779,40,78,NA
"writer","h","PM cue","",NA,NA,NA,"","[1.217232299997704]","['h']",1,NA,13,1,1,"Positive",75.5,68.5,86,86,82,75,10.5,17.5,6.5,6.5,1,1,"Positive",0.95,0.945945945945946,1.03554204210377,0.880902054052992,-0.154639988050779,40,78,NA
"bottle","h","PM cue","",NA,NA,NA,"","[1.3008458000113023]","['h']",1,NA,13,1,1,"Positive",75.5,68.5,86,86,82,75,10.5,17.5,6.5,6.5,1,1,"Positive",0.95,0.945945945945946,1.03554204210377,0.880902054052992,-0.154639988050779,40,78,NA
"event","h","PM cue","",NA,NA,NA,"","[1.384261700004572]","['h']",1,NA,13,1,1,"Positive",75.5,68.5,86,86,82,75,10.5,17.5,6.5,6.5,1,1,"Positive",0.95,0.945945945945946,1.03554204210377,0.880902054052992,-0.154639988050779,40,78,NA
"detail","h","PM cue","",NA,NA,NA,"","[1.0005252000000837]","['l']",0,NA,130,2,0,"Positive",89.5,92.5,95,89,88,69,5.5,-3.5,-23.5,-1.5,1,2,"Positive",1,0.945945945945946,0.807473137500028,0.883252431506862,0.0757792940068331,81,78,30
"village","h","PM cue","",NA,NA,NA,"","[0.8339771000000837]","['l']",0,NA,130,2,0,"Positive",89.5,92.5,95,89,88,69,5.5,-3.5,-23.5,-1.5,1,2,"Positive",1,0.945945945945946,0.807473137500028,0.883252431506862,0.0757792940068331,81,78,30
"circle","h","PM cue","",NA,NA,NA,"","[1.8671080000003712]","['l']",0,NA,130,2,0,"Positive",89.5,92.5,95,89,88,69,5.5,-3.5,-23.5,-1.5,1,2,"Positive",1,0.945945945945946,0.807473137500028,0.883252431506862,0.0757792940068331,81,78,30
"detail","h","PM cue","",NA,NA,NA,"","[0.7839942000000519]","['l']",0,NA,130,2,0,"Positive",89.5,92.5,95,89,88,69,5.5,-3.5,-23.5,-1.5,1,2,"Positive",1,0.945945945945946,0.807473137500028,0.883252431506862,0.0757792940068331,81,78,30
"circle","h","PM cue","",NA,NA,NA,"","[1.7671204999996917]","['l']",0,NA,130,2,0,"Positive",89.5,92.5,95,89,88,69,5.5,-3.5,-23.5,-1.5,1,2,"Positive",1,0.945945945945946,0.807473137500028,0.883252431506862,0.0757792940068331,81,78,30
"village","h","PM cue","",NA,NA,NA,"","[1.533832000000075]","['l']",0,NA,130,2,0,"Positive",89.5,92.5,95,89,88,69,5.5,-3.5,-23.5,-1.5,1,2,"Positive",1,0.945945945945946,0.807473137500028,0.883252431506862,0.0757792940068331,81,78,30
"bottle","h","PM cue","",NA,NA,NA,"","[1.8004481000825763, 2.3838744000531733]","['d', 'h']",0,NA,131,1,1,"Positive",91,51,91,49,93,48,0,-2,-3,2,1,2,"Positive",0.5,0.797297297297297,0.86045634499169,1.10799405073065,0.247537705738965,34,65,28
"writer","h","PM cue","",NA,NA,NA,"","[2.3669885999988765]","['d']",0,NA,131,1,0,"Positive",91,51,91,49,93,48,0,-2,-3,2,1,2,"Positive",0.5,0.797297297297297,0.86045634499169,1.10799405073065,0.247537705738965,34,65,28
"event","h","PM cue","",NA,NA,NA,"","[1.36743970005773, 2.0671840000431985]","['d', 'h']",0,NA,131,1,1,"Positive",91,51,91,49,93,48,0,-2,-3,2,1,2,"Positive",0.5,0.797297297297297,0.86045634499169,1.10799405073065,0.247537705738965,34,65,28
"writer","h","PM cue","",NA,NA,NA,"","[1.866924999980256, 2.550174599979073]","['d', 'h']",0,NA,131,1,1,"Positive",91,51,91,49,93,48,0,-2,-3,2,1,2,"Positive",0.5,0.797297297297297,0.86045634499169,1.10799405073065,0.247537705738965,34,65,28
"bottle","h","PM cue","",NA,NA,NA,"","[0.9504018999869004, 1.6668747999938205]","['d', 'h']",0,NA,131,1,1,"Positive",91,51,91,49,93,48,0,-2,-3,2,1,2,"Positive",0.5,0.797297297297297,0.86045634499169,1.10799405073065,0.247537705738965,34,65,28
"event","h","PM cue","",NA,NA,NA,"","[1.0008788999402896, 1.9007719999644905]","['d', 'h']",0,NA,131,1,1,"Positive",91,51,91,49,93,48,0,-2,-3,2,1,2,"Positive",0.5,0.797297297297297,0.86045634499169,1.10799405073065,0.247537705738965,34,65,28
"bottle","h","PM cue","",NA,NA,NA,"","[1.0675444001099095]","['l']",0,NA,132,1,0,"Positive",70.5,48,91,47,73,49,20.5,-1,1,2.5,0,2,"Positive",0.975,0.932432432432432,1.28343339230662,1.35141429999961,0.0679809076929905,46,73,29
"writer","h","PM cue","",NA,NA,NA,"","[1.6839760999428108]","['l']",0,NA,132,1,0,"Positive",70.5,48,91,47,73,49,20.5,-1,1,2.5,0,2,"Positive",0.975,0.932432432432432,1.28343339230662,1.35141429999961,0.0679809076929905,46,73,29
"event","h","PM cue","",NA,NA,NA,"","[1.4498195999767631]","['l']",0,NA,132,1,0,"Positive",70.5,48,91,47,73,49,20.5,-1,1,2.5,1,2,"Positive",0.975,0.932432432432432,1.28343339230662,1.35141429999961,0.0679809076929905,46,73,29
"writer","h","PM cue","",NA,NA,NA,"","[1.2841038999613374]","['l']",0,NA,132,1,0,"Positive",70.5,48,91,47,73,49,20.5,-1,1,2.5,0,2,"Positive",0.975,0.932432432432432,1.28343339230662,1.35141429999961,0.0679809076929905,46,73,29
"bottle","h","PM cue","",NA,NA,NA,"","[1.4337942999554798]","['l']",0,NA,132,1,0,"Positive",70.5,48,91,47,73,49,20.5,-1,1,2.5,0,2,"Positive",0.975,0.932432432432432,1.28343339230662,1.35141429999961,0.0679809076929905,46,73,29
"event","h","PM cue","",NA,NA,NA,"","[1.417017300031148]","['l']",0,NA,132,1,0,"Positive",70.5,48,91,47,73,49,20.5,-1,1,2.5,1,2,"Positive",0.975,0.932432432432432,1.28343339230662,1.35141429999961,0.0679809076929905,46,73,29
"detail","h","PM cue","",NA,NA,NA,"","[1.1665573999998742]","['l']",0,NA,133,2,0,"Positive",71,50,72,46,71,45,1,-4,-5,0,1,2,"Positive",0.9,0.932432432432432,1.41968774210536,1.26759669859146,-0.152091043513901,22,86,28
"village","h","PM cue","",NA,NA,NA,"","[1.767218299999513]","['h']",1,NA,133,2,1,"Positive",71,50,72,46,71,45,1,-4,-5,0,1,2,"Positive",0.9,0.932432432432432,1.41968774210536,1.26759669859146,-0.152091043513901,22,86,28
"circle","h","PM cue","",NA,NA,NA,"","[2.3340065000011236]","['h']",1,NA,133,2,1,"Positive",71,50,72,46,71,45,1,-4,-5,0,1,2,"Positive",0.9,0.932432432432432,1.41968774210536,1.26759669859146,-0.152091043513901,22,86,28
"detail","h","PM cue","",NA,NA,NA,"","[2.6834822999990138]","['l']",0,NA,133,2,0,"Positive",71,50,72,46,71,45,1,-4,-5,0,1,2,"Positive",0.9,0.932432432432432,1.41968774210536,1.26759669859146,-0.152091043513901,22,86,28
"circle","h","PM cue","",NA,NA,NA,"","[2.0335522000023047]","['h']",1,NA,133,2,1,"Positive",71,50,72,46,71,45,1,-4,-5,0,1,2,"Positive",0.9,0.932432432432432,1.41968774210536,1.26759669859146,-0.152091043513901,22,86,28
"village","h","PM cue","",NA,NA,NA,"","[1.7842866999999387]","['h']",1,NA,133,2,1,"Positive",71,50,72,46,71,45,1,-4,-5,0,1,2,"Positive",0.9,0.932432432432432,1.41968774210536,1.26759669859146,-0.152091043513901,22,86,28
"wagon","h","PM cue","",NA,NA,NA,"","[1.3501812000758946]","['d']",0,NA,134,3,0,"Positive",87.5,89.5,90,91,74,86,2.5,1.5,-3.5,-13.5,1,2,"Positive",1,0.972972972972973,0.734270245005609,1.04082473108507,0.306554486079462,33,60,27
"teacher","h","PM cue","",NA,NA,NA,"","[1.4172280998900533]","['h']",1,NA,134,3,1,"Positive",87.5,89.5,90,91,74,86,2.5,1.5,-3.5,-13.5,1,2,"Positive",1,0.972972972972973,0.734270245005609,1.04082473108507,0.306554486079462,33,60,27
"curious","h","PM cue","",NA,NA,NA,"","[1.9002140000229701]","['h']",1,NA,134,3,1,"Positive",87.5,89.5,90,91,74,86,2.5,1.5,-3.5,-13.5,1,2,"Positive",1,0.972972972972973,0.734270245005609,1.04082473108507,0.306554486079462,33,60,27
"wagon","h","PM cue","",NA,NA,NA,"","[1.467025400022976]","['h']",1,NA,134,3,1,"Positive",87.5,89.5,90,91,74,86,2.5,1.5,-3.5,-13.5,1,2,"Positive",1,0.972972972972973,0.734270245005609,1.04082473108507,0.306554486079462,33,60,27
"curious","h","PM cue","",NA,NA,NA,"","[1.6671010000864044]","['h']",1,NA,134,3,1,"Positive",87.5,89.5,90,91,74,86,2.5,1.5,-3.5,-13.5,1,2,"Positive",1,0.972972972972973,0.734270245005609,1.04082473108507,0.306554486079462,33,60,27
"teacher","h","PM cue","",NA,NA,NA,"","[1.2669707000022754]","['h']",1,NA,134,3,1,"Positive",87.5,89.5,90,91,74,86,2.5,1.5,-3.5,-13.5,1,2,"Positive",1,0.972972972972973,0.734270245005609,1.04082473108507,0.306554486079462,33,60,27
"wagon","h","PM cue","",NA,NA,NA,"","[1.7837117000017315]","['h']",1,NA,135,1,1,"Positive",100,99,100,100,100,100,0,1,1,0,1,2,"Positive",1,0.986486486486487,0.658434200000192,0.979042368923704,0.320608168923512,40,66,30
"teacher","h","PM cue","",NA,NA,NA,"","[1.9170459000160918]","['h']",1,NA,135,1,1,"Positive",100,99,100,100,100,100,0,1,1,0,1,2,"Positive",1,0.986486486486487,0.658434200000192,0.979042368923704,0.320608168923512,40,66,30
"curious","h","PM cue","",NA,NA,NA,"","[0.8501278000185266]","['l']",0,NA,135,1,0,"Positive",100,99,100,100,100,100,0,1,1,0,1,2,"Positive",1,0.986486486486487,0.658434200000192,0.979042368923704,0.320608168923512,40,66,30
"wagon","h","PM cue","",NA,NA,NA,"","[1.4173172000446357]","['h']",1,NA,135,1,1,"Positive",100,99,100,100,100,100,0,1,1,0,1,2,"Positive",1,0.986486486486487,0.658434200000192,0.979042368923704,0.320608168923512,40,66,30
"curious","h","PM cue","",NA,NA,NA,"","[1.683848099957686]","['l']",0,NA,135,1,0,"Positive",100,99,100,100,100,100,0,1,1,0,1,2,"Positive",1,0.986486486486487,0.658434200000192,0.979042368923704,0.320608168923512,40,66,30
"teacher","h","PM cue","",NA,NA,NA,"","[1.816949600004591]","['h']",1,NA,135,1,1,"Positive",100,99,100,100,100,100,0,1,1,0,1,2,"Positive",1,0.986486486486487,0.658434200000192,0.979042368923704,0.320608168923512,40,66,30
"detail","h","PM cue","",NA,NA,NA,"","[1.2829600000113714]","['l']",0,NA,136,2,0,"Positive",71,72.5,70,70,74,71,-1,-2.5,-1.5,3,0,2,"Positive",0.925,0.959459459459459,0.85768733783452,1.12547612083128,0.267788782996763,34,93,27
"village","h","PM cue","",NA,NA,NA,"","[0.9003999999840744]","['l']",0,NA,136,2,0,"Positive",71,72.5,70,70,74,71,-1,-2.5,-1.5,3,1,2,"Positive",0.925,0.959459459459459,0.85768733783452,1.12547612083128,0.267788782996763,34,93,27
"circle","h","PM cue","",NA,NA,NA,"","[2.783351899997797]","['h']",1,NA,136,2,1,"Positive",71,72.5,70,70,74,71,-1,-2.5,-1.5,3,1,2,"Positive",0.925,0.959459459459459,0.85768733783452,1.12547612083128,0.267788782996763,34,93,27
"detail","h","PM cue","",NA,NA,NA,"","[1.000570099975448]","['l']",0,NA,136,2,0,"Positive",71,72.5,70,70,74,71,-1,-2.5,-1.5,3,0,2,"Positive",0.925,0.959459459459459,0.85768733783452,1.12547612083128,0.267788782996763,34,93,27
"circle","h","PM cue","",NA,NA,NA,"","[1.7004427000065334]","['h']",1,NA,136,2,1,"Positive",71,72.5,70,70,74,71,-1,-2.5,-1.5,3,1,2,"Positive",0.925,0.959459459459459,0.85768733783452,1.12547612083128,0.267788782996763,34,93,27
"village","h","PM cue","",NA,NA,NA,"","[2.1503779999911785]","['d']",0,NA,136,2,0,"Positive",71,72.5,70,70,74,71,-1,-2.5,-1.5,3,1,2,"Positive",0.925,0.959459459459459,0.85768733783452,1.12547612083128,0.267788782996763,34,93,27
"bottle","h","PM cue","",NA,NA,NA,"","[2.3502210000006016]","['h']",1,NA,137,1,1,"Positive",81,80,92,88,70,87,11,8,7,-11,0,2,"Positive",0.8,0.797297297297297,1.07998275249993,1.34849633333296,0.268513580833031,46,60,28
"writer","h","PM cue","",NA,NA,NA,"","[0.6680100000085076]","['h']",1,NA,137,1,1,"Positive",81,80,92,88,70,87,11,8,7,-11,1,2,"Positive",0.8,0.797297297297297,1.07998275249993,1.34849633333296,0.268513580833031,46,60,28
"event","h","PM cue","",NA,NA,NA,"","[1.2841224000003422]","['l']",0,NA,137,1,0,"Positive",81,80,92,88,70,87,11,8,7,-11,1,2,"Positive",0.8,0.797297297297297,1.07998275249993,1.34849633333296,0.268513580833031,46,60,28
"writer","h","PM cue","",NA,NA,NA,"","[1.4668967000034172]","['h']",1,NA,137,1,1,"Positive",81,80,92,88,70,87,11,8,7,-11,1,2,"Positive",0.8,0.797297297297297,1.07998275249993,1.34849633333296,0.268513580833031,46,60,28
"bottle","h","PM cue","",NA,NA,NA,"","[1.2008348999952432]","['h']",1,NA,137,1,1,"Positive",81,80,92,88,70,87,11,8,7,-11,0,2,"Positive",0.8,0.797297297297297,1.07998275249993,1.34849633333296,0.268513580833031,46,60,28
"event","h","PM cue","",NA,NA,NA,"","[1.6501000999996904]","['l']",0,NA,137,1,0,"Positive",81,80,92,88,70,87,11,8,7,-11,1,2,"Positive",0.8,0.797297297297297,1.07998275249993,1.34849633333296,0.268513580833031,46,60,28
"bottle","h","PM cue","",NA,NA,NA,"","[2.2672910999972373]","['l']",0,NA,138,1,0,"Positive",61,29.5,29,28,30,48,-32,-1.5,18.5,-31,0,2,"Positive",0.1,0.189189189189189,0.983277663893306,1.24580887260277,0.262531208709469,23,57,26
"writer","h","PM cue","",NA,NA,NA,"","[1.9001937999855727]","['h']",1,NA,138,1,1,"Positive",61,29.5,29,28,30,48,-32,-1.5,18.5,-31,1,2,"Positive",0.1,0.189189189189189,0.983277663893306,1.24580887260277,0.262531208709469,23,57,26
"event","h","PM cue","",NA,NA,NA,"","[0.933819300000323]","['d']",0,NA,138,1,0,"Positive",61,29.5,29,28,30,48,-32,-1.5,18.5,-31,0,2,"Positive",0.1,0.189189189189189,0.983277663893306,1.24580887260277,0.262531208709469,23,57,26
"writer","h","PM cue","",NA,NA,NA,"","[1.8169083999819122]","['h']",1,NA,138,1,1,"Positive",61,29.5,29,28,30,48,-32,-1.5,18.5,-31,1,2,"Positive",0.1,0.189189189189189,0.983277663893306,1.24580887260277,0.262531208709469,23,57,26
"bottle","h","PM cue","",NA,NA,NA,"","[1.6002885999914724]","['d']",0,NA,138,1,0,"Positive",61,29.5,29,28,30,48,-32,-1.5,18.5,-31,0,2,"Positive",0.1,0.189189189189189,0.983277663893306,1.24580887260277,0.262531208709469,23,57,26
"event","h","PM cue","",NA,NA,NA,"","[0.9337415999907535]","['l']",0,NA,138,1,0,"Positive",61,29.5,29,28,30,48,-32,-1.5,18.5,-31,0,2,"Positive",0.1,0.189189189189189,0.983277663893306,1.24580887260277,0.262531208709469,23,57,26
"detail","h","PM cue","",NA,NA,NA,"","[]","None",0,NA,139,2,0,"Positive",29,59.5,31,49,14,28,2,-10.5,-31.5,-15,1,2,"Positive",0.825,0.756756756756757,0.892580054991413,1.17826960667541,0.285689551683997,57,84,27
"village","h","PM cue","",NA,NA,NA,"","[1.2169282000977546]","['l']",0,NA,139,2,0,"Positive",29,59.5,31,49,14,28,2,-10.5,-31.5,-15,1,2,"Positive",0.825,0.756756756756757,0.892580054991413,1.17826960667541,0.285689551683997,57,84,27
"circle","h","PM cue","",NA,NA,NA,"","[1.7008530999301001]","['h']",1,NA,139,2,1,"Positive",29,59.5,31,49,14,28,2,-10.5,-31.5,-15,1,2,"Positive",0.825,0.756756756756757,0.892580054991413,1.17826960667541,0.285689551683997,57,84,27
"detail","h","PM cue","",NA,NA,NA,"","[1.834377899998799]","['h']",1,NA,139,2,1,"Positive",29,59.5,31,49,14,28,2,-10.5,-31.5,-15,1,2,"Positive",0.825,0.756756756756757,0.892580054991413,1.17826960667541,0.285689551683997,57,84,27
"circle","h","PM cue","",NA,NA,NA,"","[2.100524600013159]","['h']",1,NA,139,2,1,"Positive",29,59.5,31,49,14,28,2,-10.5,-31.5,-15,1,2,"Positive",0.825,0.756756756756757,0.892580054991413,1.17826960667541,0.285689551683997,57,84,27
"village","h","PM cue","",NA,NA,NA,"","[1.3669105999870226]","['h']",1,NA,139,2,1,"Positive",29,59.5,31,49,14,28,2,-10.5,-31.5,-15,1,2,"Positive",0.825,0.756756756756757,0.892580054991413,1.17826960667541,0.285689551683997,57,84,27
"bottle","h","PM cue","",NA,NA,NA,"","[1.9003128000040306]","['h']",1,NA,14,1,1,"Positive",28.5,87,22,99,32,99,-6.5,12,12,3.5,1,1,"Positive",0.875,0.878378378378378,0.917591462501878,1.04654174027867,0.128950277776797,66,111,NA
"writer","h","PM cue","",NA,NA,NA,"","[1.7007786999893142]","['d']",0,NA,14,1,0,"Positive",28.5,87,22,99,32,99,-6.5,12,12,3.5,1,1,"Positive",0.875,0.878378378378378,0.917591462501878,1.04654174027867,0.128950277776797,66,111,NA
"event","h","PM cue","",NA,NA,NA,"","[1.9503681999922264]","['d']",0,NA,14,1,0,"Positive",28.5,87,22,99,32,99,-6.5,12,12,3.5,0,1,"Positive",0.875,0.878378378378378,0.917591462501878,1.04654174027867,0.128950277776797,66,111,NA
"writer","h","PM cue","",NA,NA,NA,"","[0.783853300003102, 1.217117500011227]","['d', 'h']",0,NA,14,1,1,"Positive",28.5,87,22,99,32,99,-6.5,12,12,3.5,1,1,"Positive",0.875,0.878378378378378,0.917591462501878,1.04654174027867,0.128950277776797,66,111,NA
"bottle","h","PM cue","",NA,NA,NA,"","[0.9675160000042524]","['h']",1,NA,14,1,1,"Positive",28.5,87,22,99,32,99,-6.5,12,12,3.5,1,1,"Positive",0.875,0.878378378378378,0.917591462501878,1.04654174027867,0.128950277776797,66,111,NA
"event","h","PM cue","",NA,NA,NA,"","[1.2176425000070594]","['d']",0,NA,14,1,0,"Positive",28.5,87,22,99,32,99,-6.5,12,12,3.5,0,1,"Positive",0.875,0.878378378378378,0.917591462501878,1.04654174027867,0.128950277776797,66,111,NA
"wagon","h","PM cue","",NA,NA,NA,"","[1.3172202999703586]","['h']",1,NA,140,3,1,"Positive",71.5,53,71,47,69,54,-0.5,-6,1,-2.5,1,2,"Positive",1,0.959459459459459,0.805561094998848,1.03947740675869,0.233916311759842,27,61,31
"teacher","h","PM cue","",NA,NA,NA,"","[1.0672417000168934]","['h']",1,NA,140,3,1,"Positive",71.5,53,71,47,69,54,-0.5,-6,1,-2.5,1,2,"Positive",1,0.959459459459459,0.805561094998848,1.03947740675869,0.233916311759842,27,61,31
"curious","h","PM cue","",NA,NA,NA,"","[0.7169954000273719]","['l']",0,NA,140,3,0,"Positive",71.5,53,71,47,69,54,-0.5,-6,1,-2.5,1,2,"Positive",1,0.959459459459459,0.805561094998848,1.03947740675869,0.233916311759842,27,61,31
"wagon","h","PM cue","",NA,NA,NA,"","[1.0174252999713644]","['h']",1,NA,140,3,1,"Positive",71.5,53,71,47,69,54,-0.5,-6,1,-2.5,1,2,"Positive",1,0.959459459459459,0.805561094998848,1.03947740675869,0.233916311759842,27,61,31
"curious","h","PM cue","",NA,NA,NA,"","[1.0842593000270426]","['h']",1,NA,140,3,1,"Positive",71.5,53,71,47,69,54,-0.5,-6,1,-2.5,1,2,"Positive",1,0.959459459459459,0.805561094998848,1.03947740675869,0.233916311759842,27,61,31
"teacher","h","PM cue","",NA,NA,NA,"","[1.1838348000310361]","['h']",1,NA,140,3,1,"Positive",71.5,53,71,47,69,54,-0.5,-6,1,-2.5,1,2,"Positive",1,0.959459459459459,0.805561094998848,1.03947740675869,0.233916311759842,27,61,31
"wagon","h","PM cue","",NA,NA,NA,"","[0.6841908999995212, 1.8665129000000888]","['d', 'h']",0,NA,141,3,1,"Positive",89.5,48.5,94,48,93,49,4.5,-0.5,0.5,3.5,1,2,"Positive",0.8,0.878378378378378,0.892996857499998,1.05790656621623,0.164909708716231,33,65,26
"teacher","h","PM cue","",NA,NA,NA,"","[1.5668669000006048]","['h']",1,NA,141,3,1,"Positive",89.5,48.5,94,48,93,49,4.5,-0.5,0.5,3.5,1,2,"Positive",0.8,0.878378378378378,0.892996857499998,1.05790656621623,0.164909708716231,33,65,26
"curious","h","PM cue","",NA,NA,NA,"","[0.9506446000013966]","['l']",0,NA,141,3,0,"Positive",89.5,48.5,94,48,93,49,4.5,-0.5,0.5,3.5,0,2,"Positive",0.8,0.878378378378378,0.892996857499998,1.05790656621623,0.164909708716231,33,65,26
"wagon","h","PM cue","",NA,NA,NA,"","[1.7004142999994656]","['h']",1,NA,141,3,1,"Positive",89.5,48.5,94,48,93,49,4.5,-0.5,0.5,3.5,1,2,"Positive",0.8,0.878378378378378,0.892996857499998,1.05790656621623,0.164909708716231,33,65,26
"curious","h","PM cue","",NA,NA,NA,"","[1.1170563999985461]","['d']",0,NA,141,3,0,"Positive",89.5,48.5,94,48,93,49,4.5,-0.5,0.5,3.5,0,2,"Positive",0.8,0.878378378378378,0.892996857499998,1.05790656621623,0.164909708716231,33,65,26
"teacher","h","PM cue","",NA,NA,NA,"","[1.567173499999626]","['h']",1,NA,141,3,1,"Positive",89.5,48.5,94,48,93,49,4.5,-0.5,0.5,3.5,1,2,"Positive",0.8,0.878378378378378,0.892996857499998,1.05790656621623,0.164909708716231,33,65,26
"detail","h","PM cue","",NA,NA,NA,"","[0.6506158999400213, 1.8669131000060588]","['l', 'h']",0,NA,142,2,1,"Positive",65,40.5,80,22,89,42,15,-18.5,1.5,24,1,2,"Positive",0.3,1,0.728229050000664,0.934003755404627,0.205774705403963,33,58,30
"village","h","PM cue","",NA,NA,NA,"","[1.8177759000100195]","['h']",1,NA,142,2,1,"Positive",65,40.5,80,22,89,42,15,-18.5,1.5,24,1,2,"Positive",0.3,1,0.728229050000664,0.934003755404627,0.205774705403963,33,58,30
"circle","h","PM cue","",NA,NA,NA,"","[1.5338480999926105, 2.417567199910991]","['h', 'l']",1,NA,142,2,1,"Positive",65,40.5,80,22,89,42,15,-18.5,1.5,24,1,2,"Positive",0.3,1,0.728229050000664,0.934003755404627,0.205774705403963,33,58,30
"detail","h","PM cue","",NA,NA,NA,"","[1.8833392000524327]","['h']",1,NA,142,2,1,"Positive",65,40.5,80,22,89,42,15,-18.5,1.5,24,1,2,"Positive",0.3,1,0.728229050000664,0.934003755404627,0.205774705403963,33,58,30
"circle","h","PM cue","",NA,NA,NA,"","[2.150254699983634]","['h']",1,NA,142,2,1,"Positive",65,40.5,80,22,89,42,15,-18.5,1.5,24,1,2,"Positive",0.3,1,0.728229050000664,0.934003755404627,0.205774705403963,33,58,30
"village","h","PM cue","",NA,NA,NA,"","[1.2504003000212833]","['h']",1,NA,142,2,1,"Positive",65,40.5,80,22,89,42,15,-18.5,1.5,24,1,2,"Positive",0.3,1,0.728229050000664,0.934003755404627,0.205774705403963,33,58,30
"bottle","h","PM cue","",NA,NA,NA,"","[1.7669353000092087]","['h']",1,NA,143,1,1,"Positive",78,72.5,70,72,54,70,-8,-0.5,-2.5,-24,1,2,"Positive",1,0.945945945945946,0.747927269999855,0.933188521622199,0.185261251622344,46,76,27
"writer","h","PM cue","",NA,NA,NA,"","[1.7169811999920057]","['h']",1,NA,143,1,1,"Positive",78,72.5,70,72,54,70,-8,-0.5,-2.5,-24,1,2,"Positive",1,0.945945945945946,0.747927269999855,0.933188521622199,0.185261251622344,46,76,27
"event","h","PM cue","",NA,NA,NA,"","[]","None",0,NA,143,1,0,"Positive",78,72.5,70,72,54,70,-8,-0.5,-2.5,-24,1,2,"Positive",1,0.945945945945946,0.747927269999855,0.933188521622199,0.185261251622344,46,76,27
"writer","h","PM cue","",NA,NA,NA,"","[1.4839166999881854]","['h']",1,NA,143,1,1,"Positive",78,72.5,70,72,54,70,-8,-0.5,-2.5,-24,1,2,"Positive",1,0.945945945945946,0.747927269999855,0.933188521622199,0.185261251622344,46,76,27
"bottle","h","PM cue","",NA,NA,NA,"","[1.8174026000051526]","['h']",1,NA,143,1,1,"Positive",78,72.5,70,72,54,70,-8,-0.5,-2.5,-24,1,2,"Positive",1,0.945945945945946,0.747927269999855,0.933188521622199,0.185261251622344,46,76,27
"event","h","PM cue","",NA,NA,NA,"","[2.2672168999997666]","['h']",1,NA,143,1,1,"Positive",78,72.5,70,72,54,70,-8,-0.5,-2.5,-24,1,2,"Positive",1,0.945945945945946,0.747927269999855,0.933188521622199,0.185261251622344,46,76,27
"bottle","h","PM cue","",NA,NA,NA,"","[1.4004488000064157]","['l']",0,NA,144,1,0,"Positive",75.5,61,86,78,89,71,10.5,17,10,13.5,1,2,"Positive",0.95,0.986486486486487,0.984634187498887,1.04862840270397,0.0639942152050836,39,58,31
"writer","h","PM cue","",NA,NA,NA,"","[1.8503093000035733]","['h']",1,NA,144,1,1,"Positive",75.5,61,86,78,89,71,10.5,17,10,13.5,1,2,"Positive",0.95,0.986486486486487,0.984634187498887,1.04862840270397,0.0639942152050836,39,58,31
"event","h","PM cue","",NA,NA,NA,"","[1.4170090999978129]","['h']",1,NA,144,1,1,"Positive",75.5,61,86,78,89,71,10.5,17,10,13.5,1,2,"Positive",0.95,0.986486486486487,0.984634187498887,1.04862840270397,0.0639942152050836,39,58,31
"writer","h","PM cue","",NA,NA,NA,"","[1.8007719999877736]","['h']",1,NA,144,1,1,"Positive",75.5,61,86,78,89,71,10.5,17,10,13.5,1,2,"Positive",0.95,0.986486486486487,0.984634187498887,1.04862840270397,0.0639942152050836,39,58,31
"bottle","h","PM cue","",NA,NA,NA,"","[1.5004459000192583]","['h']",1,NA,144,1,1,"Positive",75.5,61,86,78,89,71,10.5,17,10,13.5,1,2,"Positive",0.95,0.986486486486487,0.984634187498887,1.04862840270397,0.0639942152050836,39,58,31
"event","h","PM cue","",NA,NA,NA,"","[1.4341257000050973]","['h']",1,NA,144,1,1,"Positive",75.5,61,86,78,89,71,10.5,17,10,13.5,1,2,"Positive",0.95,0.986486486486487,0.984634187498887,1.04862840270397,0.0639942152050836,39,58,31
"detail","h","PM cue","",NA,NA,NA,"","[0.7341495999990002]","['d']",0,NA,145,2,0,"Positive",81.5,81,87,92,71,90,5.5,11,9,-10.5,1,2,"Positive",0.6,0.0405405405405405,0.768383035000011,1.1092090229728,0.340825987972788,54,65,31
"village","h","PM cue","",NA,NA,NA,"","[0.7509104000000661]","['d']",0,NA,145,2,0,"Positive",81.5,81,87,92,71,90,5.5,11,9,-10.5,0,2,"Positive",0.6,0.0405405405405405,0.768383035000011,1.1092090229728,0.340825987972788,54,65,31
"circle","h","PM cue","",NA,NA,NA,"","[1.4336931999987428, 2.3001989999993384]","['h', 'l']",1,NA,145,2,1,"Positive",81.5,81,87,92,71,90,5.5,11,9,-10.5,1,2,"Positive",0.6,0.0405405405405405,0.768383035000011,1.1092090229728,0.340825987972788,54,65,31
"detail","h","PM cue","",NA,NA,NA,"","[1.2840323999989778]","['h']",1,NA,145,2,1,"Positive",81.5,81,87,92,71,90,5.5,11,9,-10.5,1,2,"Positive",0.6,0.0405405405405405,0.768383035000011,1.1092090229728,0.340825987972788,54,65,31
"circle","h","PM cue","",NA,NA,NA,"","[1.6326478000009956]","['h']",1,NA,145,2,1,"Positive",81.5,81,87,92,71,90,5.5,11,9,-10.5,1,2,"Positive",0.6,0.0405405405405405,0.768383035000011,1.1092090229728,0.340825987972788,54,65,31
"village","h","PM cue","",NA,NA,NA,"","[1.9672501000004559]","['d']",0,NA,145,2,0,"Positive",81.5,81,87,92,71,90,5.5,11,9,-10.5,0,2,"Positive",0.6,0.0405405405405405,0.768383035000011,1.1092090229728,0.340825987972788,54,65,31
"wagon","h","PM cue","",NA,NA,NA,"","[2.2835139999806415]","['h']",1,NA,146,3,1,"Positive",62.5,51,53,49,50,50,-9.5,-2,-1,-12.5,1,2,"Positive",0.875,0.891891891891892,0.945050455002638,1.01189442702555,0.0668439720229109,42,60,26
"teacher","h","PM cue","",NA,NA,NA,"","[2.150607999996282]","['d']",0,NA,146,3,0,"Positive",62.5,51,53,49,50,50,-9.5,-2,-1,-12.5,1,2,"Positive",0.875,0.891891891891892,0.945050455002638,1.01189442702555,0.0668439720229109,42,60,26
"curious","h","PM cue","",NA,NA,NA,"","[1.3501612000109162]","['d']",0,NA,146,3,0,"Positive",62.5,51,53,49,50,50,-9.5,-2,-1,-12.5,1,2,"Positive",0.875,0.891891891891892,0.945050455002638,1.01189442702555,0.0668439720229109,42,60,26
"wagon","h","PM cue","",NA,NA,NA,"","[1.233812599995872]","['l']",0,NA,146,3,0,"Positive",62.5,51,53,49,50,50,-9.5,-2,-1,-12.5,1,2,"Positive",0.875,0.891891891891892,0.945050455002638,1.01189442702555,0.0668439720229109,42,60,26
"curious","h","PM cue","",NA,NA,NA,"","[1.267090899986215]","['d']",0,NA,146,3,0,"Positive",62.5,51,53,49,50,50,-9.5,-2,-1,-12.5,1,2,"Positive",0.875,0.891891891891892,0.945050455002638,1.01189442702555,0.0668439720229109,42,60,26
"teacher","h","PM cue","",NA,NA,NA,"","[1.3006581000227015]","['l']",0,NA,146,3,0,"Positive",62.5,51,53,49,50,50,-9.5,-2,-1,-12.5,1,2,"Positive",0.875,0.891891891891892,0.945050455002638,1.01189442702555,0.0668439720229109,42,60,26
"wagon","h","PM cue","",NA,NA,NA,"","[1.3172061999794096]","['h']",1,NA,147,3,1,"Positive",71,58.5,76,72,75,76,5,13.5,17.5,4,0,2,"Positive",1,0.959459459459459,0.665064432496729,0.726761971620018,0.0616975391232896,28,68,29
"teacher","h","PM cue","",NA,NA,NA,"","[1.3172649999614805]","['h']",1,NA,147,3,1,"Positive",71,58.5,76,72,75,76,5,13.5,17.5,4,1,2,"Positive",1,0.959459459459459,0.665064432496729,0.726761971620018,0.0616975391232896,28,68,29
"curious","h","PM cue","",NA,NA,NA,"","[1.4833496999926865]","['h']",1,NA,147,3,1,"Positive",71,58.5,76,72,75,76,5,13.5,17.5,4,1,2,"Positive",1,0.959459459459459,0.665064432496729,0.726761971620018,0.0616975391232896,28,68,29
"wagon","h","PM cue","",NA,NA,NA,"","[1.4335115000139922]","['h']",1,NA,147,3,1,"Positive",71,58.5,76,72,75,76,5,13.5,17.5,4,0,2,"Positive",1,0.959459459459459,0.665064432496729,0.726761971620018,0.0616975391232896,28,68,29
"curious","h","PM cue","",NA,NA,NA,"","[1.7336605999735184]","['h']",1,NA,147,3,1,"Positive",71,58.5,76,72,75,76,5,13.5,17.5,4,1,2,"Positive",1,0.959459459459459,0.665064432496729,0.726761971620018,0.0616975391232896,28,68,29
"teacher","h","PM cue","",NA,NA,NA,"","[1.383744899998419]","['h']",1,NA,147,3,1,"Positive",71,58.5,76,72,75,76,5,13.5,17.5,4,1,2,"Positive",1,0.959459459459459,0.665064432496729,0.726761971620018,0.0616975391232896,28,68,29
"detail","h","PM cue","",NA,NA,NA,"","[1.1507069999352098]","['l']",0,NA,148,2,0,"Positive",71.5,40,88,70,35,29,16.5,30,-11,-36.5,1,2,"Positive",0.975,0.851351351351351,0.726358664099676,1.05464872570675,0.328290061607075,52,72,27
"village","h","PM cue","",NA,NA,NA,"","[1.0671439999714494, 2.0502494999673218]","['l', 'd']",0,NA,148,2,0,"Positive",71.5,40,88,70,35,29,16.5,30,-11,-36.5,1,2,"Positive",0.975,0.851351351351351,0.726358664099676,1.05464872570675,0.328290061607075,52,72,27
"circle","h","PM cue","",NA,NA,NA,"","[1.516715999925509]","['h']",1,NA,148,2,1,"Positive",71.5,40,88,70,35,29,16.5,30,-11,-36.5,1,2,"Positive",0.975,0.851351351351351,0.726358664099676,1.05464872570675,0.328290061607075,52,72,27
"detail","h","PM cue","",NA,NA,NA,"","[1.2174660000018775]","['l']",0,NA,148,2,0,"Positive",71.5,40,88,70,35,29,16.5,30,-11,-36.5,1,2,"Positive",0.975,0.851351351351351,0.726358664099676,1.05464872570675,0.328290061607075,52,72,27
"circle","h","PM cue","",NA,NA,NA,"","[1.3169649000046775]","['h']",1,NA,148,2,1,"Positive",71.5,40,88,70,35,29,16.5,30,-11,-36.5,1,2,"Positive",0.975,0.851351351351351,0.726358664099676,1.05464872570675,0.328290061607075,52,72,27
"village","h","PM cue","",NA,NA,NA,"","[1.1169169000349939]","['h']",1,NA,148,2,1,"Positive",71.5,40,88,70,35,29,16.5,30,-11,-36.5,1,2,"Positive",0.975,0.851351351351351,0.726358664099676,1.05464872570675,0.328290061607075,52,72,27
"bottle","h","PM cue","",NA,NA,NA,"","[2.11755060008727]","['h']",1,NA,149,1,1,"Positive",70.5,49,54,31,52,49,-16.5,-18,0,-18.5,0,2,"Positive",0.8,0.77027027027027,0.978360505012097,1.22437893912918,0.246018434117086,46,75,26
"writer","h","PM cue","",NA,NA,NA,"","[1.899959500064142]","['l']",0,NA,149,1,0,"Positive",70.5,49,54,31,52,49,-16.5,-18,0,-18.5,1,2,"Positive",0.8,0.77027027027027,0.978360505012097,1.22437893912918,0.246018434117086,46,75,26
"event","h","PM cue","",NA,NA,NA,"","[1.7503122000489384]","['l']",0,NA,149,1,0,"Positive",70.5,49,54,31,52,49,-16.5,-18,0,-18.5,1,2,"Positive",0.8,0.77027027027027,0.978360505012097,1.22437893912918,0.246018434117086,46,75,26
"writer","h","PM cue","",NA,NA,NA,"","[0.9505096999928355]","['d']",0,NA,149,1,0,"Positive",70.5,49,54,31,52,49,-16.5,-18,0,-18.5,1,2,"Positive",0.8,0.77027027027027,0.978360505012097,1.22437893912918,0.246018434117086,46,75,26
"bottle","h","PM cue","",NA,NA,NA,"","[1.7675091000273824]","['h']",1,NA,149,1,1,"Positive",70.5,49,54,31,52,49,-16.5,-18,0,-18.5,0,2,"Positive",0.8,0.77027027027027,0.978360505012097,1.22437893912918,0.246018434117086,46,75,26
"event","h","PM cue","",NA,NA,NA,"","[0.9675240999786183]","['d']",0,NA,149,1,0,"Positive",70.5,49,54,31,52,49,-16.5,-18,0,-18.5,1,2,"Positive",0.8,0.77027027027027,0.978360505012097,1.22437893912918,0.246018434117086,46,75,26
"detail","h","PM cue","",NA,NA,NA,"","[0.5503644999116659]","['l']",0,NA,15,2,0,"Positive",66,56,81,40,67,40,15,-16,-16,1,1,1,"Positive",0.95,1,0.641144271802683,0.659770059452795,0.0186257876501124,55,102,NA
"village","h","PM cue","",NA,NA,NA,"","[0.5340064999181777]","['l']",0,NA,15,2,0,"Positive",66,56,81,40,67,40,15,-16,-16,1,1,1,"Positive",0.95,1,0.641144271802683,0.659770059452795,0.0186257876501124,55,102,NA
"circle","h","PM cue","",NA,NA,NA,"","[0.5005767000839114, 2.483453599968925]","['l', 'h']",0,NA,15,2,1,"Positive",66,56,81,40,67,40,15,-16,-16,1,1,1,"Positive",0.95,1,0.641144271802683,0.659770059452795,0.0186257876501124,55,102,NA
"detail","h","PM cue","",NA,NA,NA,"","[1.20029479986988]","['h']",1,NA,15,2,1,"Positive",66,56,81,40,67,40,15,-16,-16,1,1,1,"Positive",0.95,1,0.641144271802683,0.659770059452795,0.0186257876501124,55,102,NA
"circle","h","PM cue","",NA,NA,NA,"","[1.0836372000630945]","['h']",1,NA,15,2,1,"Positive",66,56,81,40,67,40,15,-16,-16,1,1,1,"Positive",0.95,1,0.641144271802683,0.659770059452795,0.0186257876501124,55,102,NA
"village","h","PM cue","",NA,NA,NA,"","[1.1010132001247257]","['h']",1,NA,15,2,1,"Positive",66,56,81,40,67,40,15,-16,-16,1,1,1,"Positive",0.95,1,0.641144271802683,0.659770059452795,0.0186257876501124,55,102,NA
"bottle","h","PM cue","",NA,NA,NA,"","[1.50069960008841]","['h']",1,NA,150,1,1,"Positive",74,75.5,82,80,80,80,8,4.5,4.5,6,1,2,"Positive",0.925,0.918918918918919,1.03687351025963,1.07421149717952,0.0373379869198878,44,56,28
"writer","h","PM cue","",NA,NA,NA,"","[1.1669881000416353]","['l']",0,NA,150,1,0,"Positive",74,75.5,82,80,80,80,8,4.5,4.5,6,1,2,"Positive",0.925,0.918918918918919,1.03687351025963,1.07421149717952,0.0373379869198878,44,56,28
"event","h","PM cue","",NA,NA,NA,"","[1.350885899970308]","['h']",1,NA,150,1,1,"Positive",74,75.5,82,80,80,80,8,4.5,4.5,6,1,2,"Positive",0.925,0.918918918918919,1.03687351025963,1.07421149717952,0.0373379869198878,44,56,28
"writer","h","PM cue","",NA,NA,NA,"","[1.5337524000788108]","['h']",1,NA,150,1,1,"Positive",74,75.5,82,80,80,80,8,4.5,4.5,6,1,2,"Positive",0.925,0.918918918918919,1.03687351025963,1.07421149717952,0.0373379869198878,44,56,28
"bottle","h","PM cue","",NA,NA,NA,"","[1.4339637999655679]","['h']",1,NA,150,1,1,"Positive",74,75.5,82,80,80,80,8,4.5,4.5,6,1,2,"Positive",0.925,0.918918918918919,1.03687351025963,1.07421149717952,0.0373379869198878,44,56,28
"event","h","PM cue","",NA,NA,NA,"","[1.116969000082463]","['h']",1,NA,150,1,1,"Positive",74,75.5,82,80,80,80,8,4.5,4.5,6,1,2,"Positive",0.925,0.918918918918919,1.03687351025963,1.07421149717952,0.0373379869198878,44,56,28
"detail","h","PM cue","",NA,NA,NA,"","[1.1506053000011889]","['l']",0,NA,151,2,0,"Positive",89,91.5,91,90,93,92,2,-1.5,0.5,4,1,2,"Positive",0.8,0.743243243243243,0.928689323076889,1.15297195970151,0.224282636624622,57,58,26
"village","h","PM cue","",NA,NA,NA,"","[1.9671715999993467]","['h']",1,NA,151,2,1,"Positive",89,91.5,91,90,93,92,2,-1.5,0.5,4,1,2,"Positive",0.8,0.743243243243243,0.928689323076889,1.15297195970151,0.224282636624622,57,58,26
"circle","h","PM cue","",NA,NA,NA,"","[1.9837862999993376]","['l']",0,NA,151,2,0,"Positive",89,91.5,91,90,93,92,2,-1.5,0.5,4,1,2,"Positive",0.8,0.743243243243243,0.928689323076889,1.15297195970151,0.224282636624622,57,58,26
"detail","h","PM cue","",NA,NA,NA,"","[1.1170430999991368]","['d']",0,NA,151,2,0,"Positive",89,91.5,91,90,93,92,2,-1.5,0.5,4,1,2,"Positive",0.8,0.743243243243243,0.928689323076889,1.15297195970151,0.224282636624622,57,58,26
"circle","h","PM cue","",NA,NA,NA,"","[0.9167720999994344]","['l']",0,NA,151,2,0,"Positive",89,91.5,91,90,93,92,2,-1.5,0.5,4,1,2,"Positive",0.8,0.743243243243243,0.928689323076889,1.15297195970151,0.224282636624622,57,58,26
"village","h","PM cue","",NA,NA,NA,"","[0.9668818999998621]","['l']",0,NA,151,2,0,"Positive",89,91.5,91,90,93,92,2,-1.5,0.5,4,1,2,"Positive",0.8,0.743243243243243,0.928689323076889,1.15297195970151,0.224282636624622,57,58,26
"wagon","h","PM cue","",NA,NA,NA,"","[1.8501923000003444]","['h']",1,NA,152,3,1,"Positive",80.5,42.5,93,29,88,49,12.5,-13.5,6.5,7.5,0,2,"Positive",1,0.972972972972973,0.76027022000012,0.85186743648641,0.0915972164862893,34,72,26
"teacher","h","PM cue","",NA,NA,NA,"","[2.033714900000632]","['h']",1,NA,152,3,1,"Positive",80.5,42.5,93,29,88,49,12.5,-13.5,6.5,7.5,1,2,"Positive",1,0.972972972972973,0.76027022000012,0.85186743648641,0.0915972164862893,34,72,26
"curious","h","PM cue","",NA,NA,NA,"","[2.233674000000974]","['h']",1,NA,152,3,1,"Positive",80.5,42.5,93,29,88,49,12.5,-13.5,6.5,7.5,1,2,"Positive",1,0.972972972972973,0.76027022000012,0.85186743648641,0.0915972164862893,34,72,26
"wagon","h","PM cue","",NA,NA,NA,"","[2.633743600001253]","['h']",1,NA,152,3,1,"Positive",80.5,42.5,93,29,88,49,12.5,-13.5,6.5,7.5,0,2,"Positive",1,0.972972972972973,0.76027022000012,0.85186743648641,0.0915972164862893,34,72,26
"curious","h","PM cue","",NA,NA,NA,"","[2.1340057000015804]","['h']",1,NA,152,3,1,"Positive",80.5,42.5,93,29,88,49,12.5,-13.5,6.5,7.5,1,2,"Positive",1,0.972972972972973,0.76027022000012,0.85186743648641,0.0915972164862893,34,72,26
"teacher","h","PM cue","",NA,NA,NA,"","[1.6343857000010757]","['h']",1,NA,152,3,1,"Positive",80.5,42.5,93,29,88,49,12.5,-13.5,6.5,7.5,1,2,"Positive",1,0.972972972972973,0.76027022000012,0.85186743648641,0.0915972164862893,34,72,26
"wagon","h","PM cue","",NA,NA,NA,"","[2.43338489999951]","['h']",1,NA,153,3,1,"Positive",100,100,100,100,100,100,0,0,0,0,1,2,"Positive",1,0.932432432432432,0.629959077500007,0.728746367123103,0.0987872896230964,21,43,27
"teacher","h","PM cue","",NA,NA,NA,"","[1.4169803000004322]","['h']",1,NA,153,3,1,"Positive",100,100,100,100,100,100,0,0,0,0,1,2,"Positive",1,0.932432432432432,0.629959077500007,0.728746367123103,0.0987872896230964,21,43,27
"curious","h","PM cue","",NA,NA,NA,"","[1.3172417000005225]","['h']",1,NA,153,3,1,"Positive",100,100,100,100,100,100,0,0,0,0,1,2,"Positive",1,0.932432432432432,0.629959077500007,0.728746367123103,0.0987872896230964,21,43,27
"wagon","h","PM cue","",NA,NA,NA,"","[1.200211199999103]","['h']",1,NA,153,3,1,"Positive",100,100,100,100,100,100,0,0,0,0,1,2,"Positive",1,0.932432432432432,0.629959077500007,0.728746367123103,0.0987872896230964,21,43,27
"curious","h","PM cue","",NA,NA,NA,"","[1.5171483000012813]","['h']",1,NA,153,3,1,"Positive",100,100,100,100,100,100,0,0,0,0,1,2,"Positive",1,0.932432432432432,0.629959077500007,0.728746367123103,0.0987872896230964,21,43,27
"teacher","h","PM cue","",NA,NA,NA,"","[1.616371899999649]","['h']",1,NA,153,3,1,"Positive",100,100,100,100,100,100,0,0,0,0,1,2,"Positive",1,0.932432432432432,0.629959077500007,0.728746367123103,0.0987872896230964,21,43,27
"detail","h","PM cue","",NA,NA,NA,"","[1.6674878999983775]","['l']",0,NA,154,2,0,"Positive",87.5,88.5,89,91,89,72,1.5,2.5,-16.5,1.5,1,2,"Positive",0.85,0.851351351351351,0.886810027499905,1.07859142428575,0.191781396785843,45,72,26
"village","h","PM cue","",NA,NA,NA,"","[1.3171642999986943]","['d']",0,NA,154,2,0,"Positive",87.5,88.5,89,91,89,72,1.5,2.5,-16.5,1.5,1,2,"Positive",0.85,0.851351351351351,0.886810027499905,1.07859142428575,0.191781396785843,45,72,26
"circle","h","PM cue","",NA,NA,NA,"","[2.0502545999988797]","['d']",0,NA,154,2,0,"Positive",87.5,88.5,89,91,89,72,1.5,2.5,-16.5,1.5,1,2,"Positive",0.85,0.851351351351351,0.886810027499905,1.07859142428575,0.191781396785843,45,72,26
"detail","h","PM cue","",NA,NA,NA,"","[1.3675136999991082]","['d']",0,NA,154,2,0,"Positive",87.5,88.5,89,91,89,72,1.5,2.5,-16.5,1.5,1,2,"Positive",0.85,0.851351351351351,0.886810027499905,1.07859142428575,0.191781396785843,45,72,26
"circle","h","PM cue","",NA,NA,NA,"","[0.7672076999988349]","['d']",0,NA,154,2,0,"Positive",87.5,88.5,89,91,89,72,1.5,2.5,-16.5,1.5,1,2,"Positive",0.85,0.851351351351351,0.886810027499905,1.07859142428575,0.191781396785843,45,72,26
"village","h","PM cue","",NA,NA,NA,"","[1.550792400001228]","['h']",1,NA,154,2,1,"Positive",87.5,88.5,89,91,89,72,1.5,2.5,-16.5,1.5,1,2,"Positive",0.85,0.851351351351351,0.886810027499905,1.07859142428575,0.191781396785843,45,72,26
"bottle","h","PM cue","",NA,NA,NA,"","[2.133643999999549]","['h']",1,NA,155,1,1,"Positive",51,42.5,78,23,52,30,27,-19.5,-12.5,1,0,2,"Positive",0.925,0.959459459459459,0.884172399999852,1.02024961232863,0.13607721232878,44,97,28
"writer","h","PM cue","",NA,NA,NA,"","[0.9839611000006698]","['l']",0,NA,155,1,0,"Positive",51,42.5,78,23,52,30,27,-19.5,-12.5,1,0,2,"Positive",0.925,0.959459459459459,0.884172399999852,1.02024961232863,0.13607721232878,44,97,28
"event","h","PM cue","",NA,NA,NA,"","[1.4672497999999905]","['l']",0,NA,155,1,0,"Positive",51,42.5,78,23,52,30,27,-19.5,-12.5,1,0,2,"Positive",0.925,0.959459459459459,0.884172399999852,1.02024961232863,0.13607721232878,44,97,28
"writer","h","PM cue","",NA,NA,NA,"","[1.8671481000001222]","['l']",0,NA,155,1,0,"Positive",51,42.5,78,23,52,30,27,-19.5,-12.5,1,0,2,"Positive",0.925,0.959459459459459,0.884172399999852,1.02024961232863,0.13607721232878,44,97,28
"bottle","h","PM cue","",NA,NA,NA,"","[1.5007217000002129]","['h']",1,NA,155,1,1,"Positive",51,42.5,78,23,52,30,27,-19.5,-12.5,1,0,2,"Positive",0.925,0.959459459459459,0.884172399999852,1.02024961232863,0.13607721232878,44,97,28
"event","h","PM cue","",NA,NA,NA,"","[0.9337218000000576]","['l']",0,NA,155,1,0,"Positive",51,42.5,78,23,52,30,27,-19.5,-12.5,1,0,2,"Positive",0.925,0.959459459459459,0.884172399999852,1.02024961232863,0.13607721232878,44,97,28
"bottle","h","PM cue","",NA,NA,NA,"","[0.9336806000001161]","['l']",0,NA,156,1,0,"Positive",91,70,91,72,93,72,0,2,2,2,0,2,"Positive",1,0.945945945945946,0.709905717500033,0.992549551351425,0.282643833851392,36,61,23
"writer","h","PM cue","",NA,NA,NA,"","[0.7673186000001806]","['l']",0,NA,156,1,0,"Positive",91,70,91,72,93,72,0,2,2,2,0,2,"Positive",1,0.945945945945946,0.709905717500033,0.992549551351425,0.282643833851392,36,61,23
"event","h","PM cue","",NA,NA,NA,"","[2.033383599999979]","['d']",0,NA,156,1,0,"Positive",91,70,91,72,93,72,0,2,2,2,0,2,"Positive",1,0.945945945945946,0.709905717500033,0.992549551351425,0.282643833851392,36,61,23
"writer","h","PM cue","",NA,NA,NA,"","[1.1341445000007297]","['l']",0,NA,156,1,0,"Positive",91,70,91,72,93,72,0,2,2,2,0,2,"Positive",1,0.945945945945946,0.709905717500033,0.992549551351425,0.282643833851392,36,61,23
"bottle","h","PM cue","",NA,NA,NA,"","[1.8000196000002688]","['h']",1,NA,156,1,1,"Positive",91,70,91,72,93,72,0,2,2,2,0,2,"Positive",1,0.945945945945946,0.709905717500033,0.992549551351425,0.282643833851392,36,61,23
"event","h","PM cue","",NA,NA,NA,"","[1.567539399999987]","['h']",1,NA,156,1,1,"Positive",91,70,91,72,93,72,0,2,2,2,0,2,"Positive",1,0.945945945945946,0.709905717500033,0.992549551351425,0.282643833851392,36,61,23
"wagon","h","PM cue","",NA,NA,NA,"","[1.517356500029564]","['h']",1,NA,158,1,1,"Positive",90.5,50,92,29,91,49,1.5,-21,-1,0.5,1,2,"Positive",1,0.986486486486487,0.811313852499006,0.97456670810651,0.163252855607503,38,66,30
"teacher","h","PM cue","",NA,NA,NA,"","[1.7340449999901466]","['h']",1,NA,158,1,1,"Positive",90.5,50,92,29,91,49,1.5,-21,-1,0.5,1,2,"Positive",1,0.986486486486487,0.811313852499006,0.97456670810651,0.163252855607503,38,66,30
"curious","h","PM cue","",NA,NA,NA,"","[1.7001958999899216]","['l']",0,NA,158,1,0,"Positive",90.5,50,92,29,91,49,1.5,-21,-1,0.5,1,2,"Positive",1,0.986486486486487,0.811313852499006,0.97456670810651,0.163252855607503,38,66,30
"wagon","h","PM cue","",NA,NA,NA,"","[0.917535099957604, 1.834041399997659]","['d', 'h']",0,NA,158,1,1,"Positive",90.5,50,92,29,91,49,1.5,-21,-1,0.5,1,2,"Positive",1,0.986486486486487,0.811313852499006,0.97456670810651,0.163252855607503,38,66,30
"curious","h","PM cue","",NA,NA,NA,"","[1.8837966999853961]","['h']",1,NA,158,1,1,"Positive",90.5,50,92,29,91,49,1.5,-21,-1,0.5,1,2,"Positive",1,0.986486486486487,0.811313852499006,0.97456670810651,0.163252855607503,38,66,30
"teacher","h","PM cue","",NA,NA,NA,"","[2.116938699968159]","['h']",1,NA,158,1,1,"Positive",90.5,50,92,29,91,49,1.5,-21,-1,0.5,1,2,"Positive",1,0.986486486486487,0.811313852499006,0.97456670810651,0.163252855607503,38,66,30
"wagon","h","PM cue","",NA,NA,NA,"","[2.000516300002346]","['h']",1,NA,159,1,1,"Positive",81,80,82,80,81,80,1,0,0,0,1,2,"Positive",1,0.959459459459459,0.718369502499991,0.951589124326396,0.233219621826405,43,54,26
"teacher","h","PM cue","",NA,NA,NA,"","[1.3342622000200208]","['h']",1,NA,159,1,1,"Positive",81,80,82,80,81,80,1,0,0,0,1,2,"Positive",1,0.959459459459459,0.718369502499991,0.951589124326396,0.233219621826405,43,54,26
"curious","h","PM cue","",NA,NA,NA,"","[1.417160499986494]","['h']",1,NA,159,1,1,"Positive",81,80,82,80,81,80,1,0,0,0,1,2,"Positive",1,0.959459459459459,0.718369502499991,0.951589124326396,0.233219621826405,43,54,26
"wagon","h","PM cue","",NA,NA,NA,"","[1.3840774999989662]","['h']",1,NA,159,1,1,"Positive",81,80,82,80,81,80,1,0,0,0,1,2,"Positive",1,0.959459459459459,0.718369502499991,0.951589124326396,0.233219621826405,43,54,26
"curious","h","PM cue","",NA,NA,NA,"","[1.3006415000127163]","['h']",1,NA,159,1,1,"Positive",81,80,82,80,81,80,1,0,0,0,1,2,"Positive",1,0.959459459459459,0.718369502499991,0.951589124326396,0.233219621826405,43,54,26
"teacher","h","PM cue","",NA,NA,NA,"","[1.1677597000089008]","['h']",1,NA,159,1,1,"Positive",81,80,82,80,81,80,1,0,0,0,1,2,"Positive",1,0.959459459459459,0.718369502499991,0.951589124326396,0.233219621826405,43,54,26
"detail","h","PM cue","",NA,NA,NA,"","[1.1344013998750597]","['h']",1,NA,16,2,1,"Positive",45.5,25,65,41,52,43,19.5,16,18,6.5,1,1,"Positive",1,0.986486486486487,0.575504785001976,0.775103263519201,0.199598478517224,37,85,NA
"village","h","PM cue","",NA,NA,NA,"","[1.2337658999022096]","['h']",1,NA,16,2,1,"Positive",45.5,25,65,41,52,43,19.5,16,18,6.5,1,1,"Positive",1,0.986486486486487,0.575504785001976,0.775103263519201,0.199598478517224,37,85,NA
"circle","h","PM cue","",NA,NA,NA,"","[0.9171879000496119]","['h']",1,NA,16,2,1,"Positive",45.5,25,65,41,52,43,19.5,16,18,6.5,1,1,"Positive",1,0.986486486486487,0.575504785001976,0.775103263519201,0.199598478517224,37,85,NA
"detail","h","PM cue","",NA,NA,NA,"","[0.9507981999777257]","['h']",1,NA,16,2,1,"Positive",45.5,25,65,41,52,43,19.5,16,18,6.5,1,1,"Positive",1,0.986486486486487,0.575504785001976,0.775103263519201,0.199598478517224,37,85,NA
"circle","h","PM cue","",NA,NA,NA,"","[1.0006868001073599]","['h']",1,NA,16,2,1,"Positive",45.5,25,65,41,52,43,19.5,16,18,6.5,1,1,"Positive",1,0.986486486486487,0.575504785001976,0.775103263519201,0.199598478517224,37,85,NA
"village","h","PM cue","",NA,NA,NA,"","[1.0505158000160009]","['h']",1,NA,16,2,1,"Positive",45.5,25,65,41,52,43,19.5,16,18,6.5,1,1,"Positive",1,0.986486486486487,0.575504785001976,0.775103263519201,0.199598478517224,37,85,NA
"detail","h","PM cue","",NA,NA,NA,"","[0.7843176999995194]","['l']",0,NA,160,2,0,"Positive",72,29.5,72,29,69,28,0,-0.5,-1.5,-3,1,2,"Positive",0.6,0.756756756756757,0.844135685294425,0.941263533783255,0.0971278484888297,NA,NA,NA
"village","h","PM cue","",NA,NA,NA,"","[0.9502610999988974]","['l']",0,NA,160,2,0,"Positive",72,29.5,72,29,69,28,0,-0.5,-1.5,-3,1,2,"Positive",0.6,0.756756756756757,0.844135685294425,0.941263533783255,0.0971278484888297,NA,NA,NA
"circle","h","PM cue","",NA,NA,NA,"","[0.8167964000022039]","['d']",0,NA,160,2,0,"Positive",72,29.5,72,29,69,28,0,-0.5,-1.5,-3,0,2,"Positive",0.6,0.756756756756757,0.844135685294425,0.941263533783255,0.0971278484888297,NA,NA,NA
"detail","h","PM cue","",NA,NA,NA,"","[0.6835814000005485]","['d']",0,NA,160,2,0,"Positive",72,29.5,72,29,69,28,0,-0.5,-1.5,-3,1,2,"Positive",0.6,0.756756756756757,0.844135685294425,0.941263533783255,0.0971278484888297,NA,NA,NA
"circle","h","PM cue","",NA,NA,NA,"","[0.617485900002066]","['d']",0,NA,160,2,0,"Positive",72,29.5,72,29,69,28,0,-0.5,-1.5,-3,0,2,"Positive",0.6,0.756756756756757,0.844135685294425,0.941263533783255,0.0971278484888297,NA,NA,NA
"village","h","PM cue","",NA,NA,NA,"","[0.8005225000015344]","['d']",0,NA,160,2,0,"Positive",72,29.5,72,29,69,28,0,-0.5,-1.5,-3,1,2,"Positive",0.6,0.756756756756757,0.844135685294425,0.941263533783255,0.0971278484888297,NA,NA,NA
"bottle","h","PM cue","",NA,NA,NA,"","[]","None",0,NA,161,1,0,"Positive",89.5,72.5,94,53,40,59,4.5,-19.5,-13.5,-49.5,0,2,"Positive",0.825,0.689189189189189,1.12444267948749,1.1571301253968,0.0326874459093052,42,75,28
"writer","h","PM cue","",NA,NA,NA,"","[2.150267500001064]","['d']",0,NA,161,1,0,"Positive",89.5,72.5,94,53,40,59,4.5,-19.5,-13.5,-49.5,1,2,"Positive",0.825,0.689189189189189,1.12444267948749,1.1571301253968,0.0326874459093052,42,75,28
"event","h","PM cue","",NA,NA,NA,"","[0.9005862000012712]","['d']",0,NA,161,1,0,"Positive",89.5,72.5,94,53,40,59,4.5,-19.5,-13.5,-49.5,1,2,"Positive",0.825,0.689189189189189,1.12444267948749,1.1571301253968,0.0326874459093052,42,75,28
"writer","h","PM cue","",NA,NA,NA,"","[0.9337567000002309]","['d']",0,NA,161,1,0,"Positive",89.5,72.5,94,53,40,59,4.5,-19.5,-13.5,-49.5,1,2,"Positive",0.825,0.689189189189189,1.12444267948749,1.1571301253968,0.0326874459093052,42,75,28
"bottle","h","PM cue","",NA,NA,NA,"","[0.7841904999986582]","['l']",0,NA,161,1,0,"Positive",89.5,72.5,94,53,40,59,4.5,-19.5,-13.5,-49.5,0,2,"Positive",0.825,0.689189189189189,1.12444267948749,1.1571301253968,0.0326874459093052,42,75,28
"event","h","PM cue","",NA,NA,NA,"","[0.9503236999989895]","['l']",0,NA,161,1,0,"Positive",89.5,72.5,94,53,40,59,4.5,-19.5,-13.5,-49.5,1,2,"Positive",0.825,0.689189189189189,1.12444267948749,1.1571301253968,0.0326874459093052,42,75,28
"wagon","h","PM cue","",NA,NA,NA,"","[1.150754400063306, 1.9006042000837624]","['d', 'h']",0,NA,17,3,1,"Positive",40,77.5,47,95,51,95,7,17.5,17.5,11,1,1,"Positive",0.925,0.918918918918919,0.678872355015483,0.780968427022516,0.102096072007034,46,85,NA
"teacher","h","PM cue","",NA,NA,NA,"","[1.2504557000938803, 2.2002268000505865]","['h', 'l']",1,NA,17,3,1,"Positive",40,77.5,47,95,51,95,7,17.5,17.5,11,1,1,"Positive",0.925,0.918918918918919,0.678872355015483,0.780968427022516,0.102096072007034,46,85,NA
"curious","h","PM cue","",NA,NA,NA,"","[1.2171724000945687, 2.1837613000534475]","['h', 'l']",1,NA,17,3,1,"Positive",40,77.5,47,95,51,95,7,17.5,17.5,11,1,1,"Positive",0.925,0.918918918918919,0.678872355015483,0.780968427022516,0.102096072007034,46,85,NA
"wagon","h","PM cue","",NA,NA,NA,"","[1.4005074999295175, 2.1503663999028504]","['h', 'l']",1,NA,17,3,1,"Positive",40,77.5,47,95,51,95,7,17.5,17.5,11,1,1,"Positive",0.925,0.918918918918919,0.678872355015483,0.780968427022516,0.102096072007034,46,85,NA
"curious","h","PM cue","",NA,NA,NA,"","[1.4341508001089096, 2.3507813001051545]","['h', 'l']",1,NA,17,3,1,"Positive",40,77.5,47,95,51,95,7,17.5,17.5,11,1,1,"Positive",0.925,0.918918918918919,0.678872355015483,0.780968427022516,0.102096072007034,46,85,NA
"teacher","h","PM cue","",NA,NA,NA,"","[1.6502847000956535, 2.1670492000412196]","['h', 'l']",1,NA,17,3,1,"Positive",40,77.5,47,95,51,95,7,17.5,17.5,11,1,1,"Positive",0.925,0.918918918918919,0.678872355015483,0.780968427022516,0.102096072007034,46,85,NA
"detail","h","PM cue","",NA,NA,NA,"","[0.6010201000608504]","['l']",0,NA,18,2,0,"Positive",77.5,47.5,79,48,41,54,1.5,0.5,6.5,-36.5,1,1,"Positive",0.975,0.918918918918919,0.79420739748748,1.10971759428004,0.315510196792561,49,81,NA
"village","h","PM cue","",NA,NA,NA,"","[1.2673658998683095]","['h']",1,NA,18,2,1,"Positive",77.5,47.5,79,48,41,54,1.5,0.5,6.5,-36.5,1,1,"Positive",0.975,0.918918918918919,0.79420739748748,1.10971759428004,0.315510196792561,49,81,NA
"circle","h","PM cue","",NA,NA,NA,"","[1.2004021999891847]","['h']",1,NA,18,2,1,"Positive",77.5,47.5,79,48,41,54,1.5,0.5,6.5,-36.5,1,1,"Positive",0.975,0.918918918918919,0.79420739748748,1.10971759428004,0.315510196792561,49,81,NA
"detail","h","PM cue","",NA,NA,NA,"","[1.4172511000651866]","['l']",0,NA,18,2,0,"Positive",77.5,47.5,79,48,41,54,1.5,0.5,6.5,-36.5,1,1,"Positive",0.975,0.918918918918919,0.79420739748748,1.10971759428004,0.315510196792561,49,81,NA
"circle","h","PM cue","",NA,NA,NA,"","[1.0004732999950647]","['h']",1,NA,18,2,1,"Positive",77.5,47.5,79,48,41,54,1.5,0.5,6.5,-36.5,1,1,"Positive",0.975,0.918918918918919,0.79420739748748,1.10971759428004,0.315510196792561,49,81,NA
"village","h","PM cue","",NA,NA,NA,"","[0.8502328998874873]","['h']",1,NA,18,2,1,"Positive",77.5,47.5,79,48,41,54,1.5,0.5,6.5,-36.5,1,1,"Positive",0.975,0.918918918918919,0.79420739748748,1.10971759428004,0.315510196792561,49,81,NA
"bottle","h","PM cue","",NA,NA,NA,"","[0.45047849998809397]","['l']",0,NA,19,1,0,"Positive",53.5,55.5,51,31,46,50,-2.5,-24.5,-5.5,-7.5,1,1,"Positive",0.925,0.972972972972973,0.868065374999423,0.804772433782361,-0.0632929412170622,48,86,NA
"writer","h","PM cue","",NA,NA,NA,"","[0.8170134000247344]","['l']",0,NA,19,1,0,"Positive",53.5,55.5,51,31,46,50,-2.5,-24.5,-5.5,-7.5,1,1,"Positive",0.925,0.972972972972973,0.868065374999423,0.804772433782361,-0.0632929412170622,48,86,NA
"event","h","PM cue","",NA,NA,NA,"","[0.8673623000504449]","['l']",0,NA,19,1,0,"Positive",53.5,55.5,51,31,46,50,-2.5,-24.5,-5.5,-7.5,1,1,"Positive",0.925,0.972972972972973,0.868065374999423,0.804772433782361,-0.0632929412170622,48,86,NA
"writer","h","PM cue","",NA,NA,NA,"","[0.8170511999633163]","['l']",0,NA,19,1,0,"Positive",53.5,55.5,51,31,46,50,-2.5,-24.5,-5.5,-7.5,1,1,"Positive",0.925,0.972972972972973,0.868065374999423,0.804772433782361,-0.0632929412170622,48,86,NA
"bottle","h","PM cue","",NA,NA,NA,"","[0.8503632999490947]","['l']",0,NA,19,1,0,"Positive",53.5,55.5,51,31,46,50,-2.5,-24.5,-5.5,-7.5,1,1,"Positive",0.925,0.972972972972973,0.868065374999423,0.804772433782361,-0.0632929412170622,48,86,NA
"event","h","PM cue","",NA,NA,NA,"","[0.7836832999018952]","['l']",0,NA,19,1,0,"Positive",53.5,55.5,51,31,46,50,-2.5,-24.5,-5.5,-7.5,1,1,"Positive",0.925,0.972972972972973,0.868065374999423,0.804772433782361,-0.0632929412170622,48,86,NA
"bottle","h","PM cue","",NA,NA,NA,"","[0.8674742999719456]","['h']",1,NA,2,1,1,"Positive",71.5,67,81,79,76,76,9.5,12,9,4.5,1,1,"Positive",0.75,0.797297297297297,0.784885499993106,0.792914244935146,0.00802874494203965,43,63,NA
"writer","h","PM cue","",NA,NA,NA,"","[0.6839418000308797]","['h']",1,NA,2,1,1,"Positive",71.5,67,81,79,76,76,9.5,12,9,4.5,1,1,"Positive",0.75,0.797297297297297,0.784885499993106,0.792914244935146,0.00802874494203965,43,63,NA
"event","h","PM cue","",NA,NA,NA,"","[2.5165389999747276]","['h']",1,NA,2,1,1,"Positive",71.5,67,81,79,76,76,9.5,12,9,4.5,1,1,"Positive",0.75,0.797297297297297,0.784885499993106,0.792914244935146,0.00802874494203965,43,63,NA
"writer","h","PM cue","",NA,NA,NA,"","[0.8174087000079453]","['h']",1,NA,2,1,1,"Positive",71.5,67,81,79,76,76,9.5,12,9,4.5,1,1,"Positive",0.75,0.797297297297297,0.784885499993106,0.792914244935146,0.00802874494203965,43,63,NA
"bottle","h","PM cue","",NA,NA,NA,"","[0.567413300042972]","['h']",1,NA,2,1,1,"Positive",71.5,67,81,79,76,76,9.5,12,9,4.5,1,1,"Positive",0.75,0.797297297297297,0.784885499993106,0.792914244935146,0.00802874494203965,43,63,NA
"event","h","PM cue","",NA,NA,NA,"","[1.3171803000150248]","['h']",1,NA,2,1,1,"Positive",71.5,67,81,79,76,76,9.5,12,9,4.5,1,1,"Positive",0.75,0.797297297297297,0.784885499993106,0.792914244935146,0.00802874494203965,43,63,NA
"bottle","h","PM cue","",NA,NA,NA,"","[0.7842586999759078]","['l']",0,NA,20,1,0,"Positive",61.5,81,81,42,56,31,19.5,-39,-50,-5.5,1,1,"Positive",0.975,0.851351351351351,0.802456849993905,0.985843414709534,0.183386564715628,60,81,NA
"writer","h","PM cue","",NA,NA,NA,"","[1.5343728999141604]","['l']",0,NA,20,1,0,"Positive",61.5,81,81,42,56,31,19.5,-39,-50,-5.5,1,1,"Positive",0.975,0.851351351351351,0.802456849993905,0.985843414709534,0.183386564715628,60,81,NA
"event","h","PM cue","",NA,NA,NA,"","[1.0171875999076292]","['h']",1,NA,20,1,1,"Positive",61.5,81,81,42,56,31,19.5,-39,-50,-5.5,1,1,"Positive",0.975,0.851351351351351,0.802456849993905,0.985843414709534,0.183386564715628,60,81,NA
"writer","h","PM cue","",NA,NA,NA,"","[0.9167892999248579]","['h']",1,NA,20,1,1,"Positive",61.5,81,81,42,56,31,19.5,-39,-50,-5.5,1,1,"Positive",0.975,0.851351351351351,0.802456849993905,0.985843414709534,0.183386564715628,60,81,NA
"bottle","h","PM cue","",NA,NA,NA,"","[2.083709600032307]","['l']",0,NA,20,1,0,"Positive",61.5,81,81,42,56,31,19.5,-39,-50,-5.5,1,1,"Positive",0.975,0.851351351351351,0.802456849993905,0.985843414709534,0.183386564715628,60,81,NA
"event","h","PM cue","",NA,NA,NA,"","[1.2171484000282362]","['d']",0,NA,20,1,0,"Positive",61.5,81,81,42,56,31,19.5,-39,-50,-5.5,1,1,"Positive",0.975,0.851351351351351,0.802456849993905,0.985843414709534,0.183386564715628,60,81,NA
"detail","h","PM cue","",NA,NA,NA,"","[1.1994805000722408, 1.683071699924767]","['h', 'l']",1,NA,21,2,1,"Positive",53,64,61,90,47,40,8,26,-24,-6,1,1,"Positive",1,0.986486486486487,0.618869775003986,0.735082022965307,0.11621224796132,51,89,NA
"village","h","PM cue","",NA,NA,NA,"","[1.216663199942559, 1.7005083998665214]","['h', 'l']",1,NA,21,2,1,"Positive",53,64,61,90,47,40,8,26,-24,-6,1,1,"Positive",1,0.986486486486487,0.618869775003986,0.735082022965307,0.11621224796132,51,89,NA
"circle","h","PM cue","",NA,NA,NA,"","[1.0835349999833852, 1.55018820008263]","['l', 'h']",0,NA,21,2,1,"Positive",53,64,61,90,47,40,8,26,-24,-6,1,1,"Positive",1,0.986486486486487,0.618869775003986,0.735082022965307,0.11621224796132,51,89,NA
"detail","h","PM cue","",NA,NA,NA,"","[0.5173843000084162, 1.5340904998593032]","['l', 'h']",0,NA,21,2,1,"Positive",53,64,61,90,47,40,8,26,-24,-6,1,1,"Positive",1,0.986486486486487,0.618869775003986,0.735082022965307,0.11621224796132,51,89,NA
"circle","h","PM cue","",NA,NA,NA,"","[1.0670429000165313, 1.8836749999318272]","['l', 'h']",0,NA,21,2,1,"Positive",53,64,61,90,47,40,8,26,-24,-6,1,1,"Positive",1,0.986486486486487,0.618869775003986,0.735082022965307,0.11621224796132,51,89,NA
"village","h","PM cue","",NA,NA,NA,"","[0.733888000017032, 1.2670340999029577]","['l', 'h']",0,NA,21,2,1,"Positive",53,64,61,90,47,40,8,26,-24,-6,1,1,"Positive",1,0.986486486486487,0.618869775003986,0.735082022965307,0.11621224796132,51,89,NA
"wagon","h","PM cue","",NA,NA,NA,"","[1.383689200039953]","['h']",1,NA,23,3,1,"Positive",22.5,60,30,60,35,60,7.5,0,0,12.5,0,1,"Positive",1,0.972972972972973,0.740492330049165,0.721668966240375,-0.0188233638087891,49,89,NA
"teacher","h","PM cue","",NA,NA,NA,"","[1.3674469999969006]","['h']",1,NA,23,3,1,"Positive",22.5,60,30,60,35,60,7.5,0,0,12.5,0,1,"Positive",1,0.972972972972973,0.740492330049165,0.721668966240375,-0.0188233638087891,49,89,NA
"curious","h","PM cue","",NA,NA,NA,"","[2.367302500177175]","['l']",0,NA,23,3,0,"Positive",22.5,60,30,60,35,60,7.5,0,0,12.5,0,1,"Positive",1,0.972972972972973,0.740492330049165,0.721668966240375,-0.0188233638087891,49,89,NA
"wagon","h","PM cue","",NA,NA,NA,"","[2.1507517998106778]","['h']",1,NA,23,3,1,"Positive",22.5,60,30,60,35,60,7.5,0,0,12.5,0,1,"Positive",1,0.972972972972973,0.740492330049165,0.721668966240375,-0.0188233638087891,49,89,NA
"curious","h","PM cue","",NA,NA,NA,"","[1.966981400270015]","['l']",0,NA,23,3,0,"Positive",22.5,60,30,60,35,60,7.5,0,0,12.5,0,1,"Positive",1,0.972972972972973,0.740492330049165,0.721668966240375,-0.0188233638087891,49,89,NA
"teacher","h","PM cue","",NA,NA,NA,"","[0.5340018002316356, 1.4501713998615742]","['l', 'h']",0,NA,23,3,1,"Positive",22.5,60,30,60,35,60,7.5,0,0,12.5,0,1,"Positive",1,0.972972972972973,0.740492330049165,0.721668966240375,-0.0188233638087891,49,89,NA
"detail","h","PM cue","",NA,NA,NA,"","[1.650863700080663]","['h']",1,NA,24,2,1,"Positive",67,75.5,71,80,51,79,4,4.5,3.5,-16,1,1,"Positive",1,0.945945945945946,0.612933230004273,0.750351686499434,0.137418456495161,52,86,NA
"village","h","PM cue","",NA,NA,NA,"","[1.2671727000270039]","['h']",1,NA,24,2,1,"Positive",67,75.5,71,80,51,79,4,4.5,3.5,-16,1,1,"Positive",1,0.945945945945946,0.612933230004273,0.750351686499434,0.137418456495161,52,86,NA
"circle","h","PM cue","",NA,NA,NA,"","[1.416800200007856]","['h']",1,NA,24,2,1,"Positive",67,75.5,71,80,51,79,4,4.5,3.5,-16,1,1,"Positive",1,0.945945945945946,0.612933230004273,0.750351686499434,0.137418456495161,52,86,NA
"detail","h","PM cue","",NA,NA,NA,"","[0.7337375001516193]","['h']",1,NA,24,2,1,"Positive",67,75.5,71,80,51,79,4,4.5,3.5,-16,1,1,"Positive",1,0.945945945945946,0.612933230004273,0.750351686499434,0.137418456495161,52,86,NA
"circle","h","PM cue","",NA,NA,NA,"","[0.36693819984793663, 0.933639699826017]","['d', 'h']",0,NA,24,2,1,"Positive",67,75.5,71,80,51,79,4,4.5,3.5,-16,1,1,"Positive",1,0.945945945945946,0.612933230004273,0.750351686499434,0.137418456495161,52,86,NA
"village","h","PM cue","",NA,NA,NA,"","[0.7174547000322491]","['h']",1,NA,24,2,1,"Positive",67,75.5,71,80,51,79,4,4.5,3.5,-16,1,1,"Positive",1,0.945945945945946,0.612933230004273,0.750351686499434,0.137418456495161,52,86,NA
"bottle","h","PM cue","",NA,NA,NA,"","[0.8675661999732256]","['h']",1,NA,25,1,1,"Positive",52,67.5,61,69,60,57,9,1.5,-10.5,8,1,1,"Positive",1,0.986486486486487,0.90796784250706,0.876924118920657,-0.0310437235864024,56,101,NA
"writer","h","PM cue","",NA,NA,NA,"","[1.1004488000180572]","['h']",1,NA,25,1,1,"Positive",52,67.5,61,69,60,57,9,1.5,-10.5,8,1,1,"Positive",1,0.986486486486487,0.90796784250706,0.876924118920657,-0.0310437235864024,56,101,NA
"event","h","PM cue","",NA,NA,NA,"","[0.9508165000006557]","['h']",1,NA,25,1,1,"Positive",52,67.5,61,69,60,57,9,1.5,-10.5,8,1,1,"Positive",1,0.986486486486487,0.90796784250706,0.876924118920657,-0.0310437235864024,56,101,NA
"writer","h","PM cue","",NA,NA,NA,"","[0.9337780000641942]","['h']",1,NA,25,1,1,"Positive",52,67.5,61,69,60,57,9,1.5,-10.5,8,1,1,"Positive",1,0.986486486486487,0.90796784250706,0.876924118920657,-0.0310437235864024,56,101,NA
"bottle","h","PM cue","",NA,NA,NA,"","[0.8341905999695882]","['h']",1,NA,25,1,1,"Positive",52,67.5,61,69,60,57,9,1.5,-10.5,8,1,1,"Positive",1,0.986486486486487,0.90796784250706,0.876924118920657,-0.0310437235864024,56,101,NA
"event","h","PM cue","",NA,NA,NA,"","[0.7675920999608934]","['h']",1,NA,25,1,1,"Positive",52,67.5,61,69,60,57,9,1.5,-10.5,8,1,1,"Positive",1,0.986486486486487,0.90796784250706,0.876924118920657,-0.0310437235864024,56,101,NA
"bottle","h","PM cue","",NA,NA,NA,"","[0.8335976999951527]","['h']",1,NA,26,1,1,"Positive",61.5,100,54,100,58,100,-7.5,0,0,-3.5,1,1,"Positive",0.9,0.932432432432432,0.800397457487998,0.875670017580174,0.0752725600921769,43,92,NA
"writer","h","PM cue","",NA,NA,NA,"","[0.8172687999904156]","['h']",1,NA,26,1,1,"Positive",61.5,100,54,100,58,100,-7.5,0,0,-3.5,1,1,"Positive",0.9,0.932432432432432,0.800397457487998,0.875670017580174,0.0752725600921769,43,92,NA
"event","h","PM cue","",NA,NA,NA,"","[0.9502971000038087]","['h']",1,NA,26,1,1,"Positive",61.5,100,54,100,58,100,-7.5,0,0,-3.5,1,1,"Positive",0.9,0.932432432432432,0.800397457487998,0.875670017580174,0.0752725600921769,43,92,NA
"writer","h","PM cue","",NA,NA,NA,"","[0.8670749000739306]","['h']",1,NA,26,1,1,"Positive",61.5,100,54,100,58,100,-7.5,0,0,-3.5,1,1,"Positive",0.9,0.932432432432432,0.800397457487998,0.875670017580174,0.0752725600921769,43,92,NA
"bottle","h","PM cue","",NA,NA,NA,"","[0.9830292999977246]","['h']",1,NA,26,1,1,"Positive",61.5,100,54,100,58,100,-7.5,0,0,-3.5,1,1,"Positive",0.9,0.932432432432432,0.800397457487998,0.875670017580174,0.0752725600921769,43,92,NA
"event","h","PM cue","",NA,NA,NA,"","[1.0673810000298545]","['h']",1,NA,26,1,1,"Positive",61.5,100,54,100,58,100,-7.5,0,0,-3.5,1,1,"Positive",0.9,0.932432432432432,0.800397457487998,0.875670017580174,0.0752725600921769,43,92,NA
"detail","h","PM cue","",NA,NA,NA,"","[0.5674564999062568, 1.234268199885264]","['l', 'h']",0,NA,27,2,1,"Positive",77,86.5,80,90,80,90,3,3.5,3.5,3,0,1,"Positive",0.975,0.891891891891892,0.532586945022922,0.683463295847307,0.150876350824385,40,78,NA
"village","h","PM cue","",NA,NA,NA,"","[0.9841561999637634]","['l']",0,NA,27,2,0,"Positive",77,86.5,80,90,80,90,3,3.5,3.5,3,0,1,"Positive",0.975,0.891891891891892,0.532586945022922,0.683463295847307,0.150876350824385,40,78,NA
"circle","h","PM cue","",NA,NA,NA,"","[0.5341429999098182]","['l']",0,NA,27,2,0,"Positive",77,86.5,80,90,80,90,3,3.5,3.5,3,0,1,"Positive",0.975,0.891891891891892,0.532586945022922,0.683463295847307,0.150876350824385,40,78,NA
"detail","h","PM cue","",NA,NA,NA,"","[0.5678473999723792, 2.4340688998345286]","['l', 'h']",0,NA,27,2,1,"Positive",77,86.5,80,90,80,90,3,3.5,3.5,3,0,1,"Positive",0.975,0.891891891891892,0.532586945022922,0.683463295847307,0.150876350824385,40,78,NA
"circle","h","PM cue","",NA,NA,NA,"","[1.0171149999368936]","['l']",0,NA,27,2,0,"Positive",77,86.5,80,90,80,90,3,3.5,3.5,3,0,1,"Positive",0.975,0.891891891891892,0.532586945022922,0.683463295847307,0.150876350824385,40,78,NA
"village","h","PM cue","",NA,NA,NA,"","[1.1674742000177503]","['h']",1,NA,27,2,1,"Positive",77,86.5,80,90,80,90,3,3.5,3.5,3,0,1,"Positive",0.975,0.891891891891892,0.532586945022922,0.683463295847307,0.150876350824385,40,78,NA
"wagon","h","PM cue","",NA,NA,NA,"","[1.3503538998775184]","['h']",1,NA,28,3,1,"Positive",85,78.5,95,86,81,76,10,7.5,-2.5,-4,1,1,"Positive",1,1,0.656565987493377,0.926113954078205,0.269547966584828,31,69,NA
"teacher","h","PM cue","",NA,NA,NA,"","[1.3507836000062525]","['h']",1,NA,28,3,1,"Positive",85,78.5,95,86,81,76,10,7.5,-2.5,-4,1,1,"Positive",1,1,0.656565987493377,0.926113954078205,0.269547966584828,31,69,NA
"curious","h","PM cue","",NA,NA,NA,"","[1.6175330001860857]","['h']",1,NA,28,3,1,"Positive",85,78.5,95,86,81,76,10,7.5,-2.5,-4,1,1,"Positive",1,1,0.656565987493377,0.926113954078205,0.269547966584828,31,69,NA
"wagon","h","PM cue","",NA,NA,NA,"","[1.2669835002161562]","['h']",1,NA,28,3,1,"Positive",85,78.5,95,86,81,76,10,7.5,-2.5,-4,1,1,"Positive",1,1,0.656565987493377,0.926113954078205,0.269547966584828,31,69,NA
"curious","h","PM cue","",NA,NA,NA,"","[1.3507511001080275]","['h']",1,NA,28,3,1,"Positive",85,78.5,95,86,81,76,10,7.5,-2.5,-4,1,1,"Positive",1,1,0.656565987493377,0.926113954078205,0.269547966584828,31,69,NA
"teacher","h","PM cue","",NA,NA,NA,"","[1.3667302997782826]","['h']",1,NA,28,3,1,"Positive",85,78.5,95,86,81,76,10,7.5,-2.5,-4,1,1,"Positive",1,1,0.656565987493377,0.926113954078205,0.269547966584828,31,69,NA
"wagon","h","PM cue","",NA,NA,NA,"","[1.2006392999901436]","['h']",1,NA,29,3,1,"Positive",55,45.5,61,60,61,52,6,14.5,6.5,6,1,1,"Positive",0.85,0.783783783783784,0.736701187495783,0.909591138028395,0.172889950532613,37,78,NA
"teacher","h","PM cue","",NA,NA,NA,"","[0.86714759998722]","['h']",1,NA,29,3,1,"Positive",55,45.5,61,60,61,52,6,14.5,6.5,6,1,1,"Positive",0.85,0.783783783783784,0.736701187495783,0.909591138028395,0.172889950532613,37,78,NA
"curious","h","PM cue","",NA,NA,NA,"","[1.2006279000197537]","['h']",1,NA,29,3,1,"Positive",55,45.5,61,60,61,52,6,14.5,6.5,6,1,1,"Positive",0.85,0.783783783783784,0.736701187495783,0.909591138028395,0.172889950532613,37,78,NA
"wagon","h","PM cue","",NA,NA,NA,"","[0.7504680999554694]","['h']",1,NA,29,3,1,"Positive",55,45.5,61,60,61,52,6,14.5,6.5,6,1,1,"Positive",0.85,0.783783783783784,0.736701187495783,0.909591138028395,0.172889950532613,37,78,NA
"curious","h","PM cue","",NA,NA,NA,"","[0.9336006999947131]","['h']",1,NA,29,3,1,"Positive",55,45.5,61,60,61,52,6,14.5,6.5,6,1,1,"Positive",0.85,0.783783783783784,0.736701187495783,0.909591138028395,0.172889950532613,37,78,NA
"teacher","h","PM cue","",NA,NA,NA,"","[0.7170659999828786]","['h']",1,NA,29,3,1,"Positive",55,45.5,61,60,61,52,6,14.5,6.5,6,1,1,"Positive",0.85,0.783783783783784,0.736701187495783,0.909591138028395,0.172889950532613,37,78,NA
"detail","h","PM cue","",NA,NA,NA,"","[1.1671454999886919]","['h']",1,NA,3,2,1,"Positive",81.5,20.5,100,40,91,36,18.5,19.5,15.5,9.5,0,1,"Positive",0.925,0.959459459459459,0.608441797500564,0.703080197293594,0.0946383997930309,34,58,NA
"village","h","PM cue","",NA,NA,NA,"","[0.7838612000050489]","['l']",0,NA,3,2,0,"Positive",81.5,20.5,100,40,91,36,18.5,19.5,15.5,9.5,0,1,"Positive",0.925,0.959459459459459,0.608441797500564,0.703080197293594,0.0946383997930309,34,58,NA
"circle","h","PM cue","",NA,NA,NA,"","[1.317424500011839]","['h']",1,NA,3,2,1,"Positive",81.5,20.5,100,40,91,36,18.5,19.5,15.5,9.5,1,1,"Positive",0.925,0.959459459459459,0.608441797500564,0.703080197293594,0.0946383997930309,34,58,NA
"detail","h","PM cue","",NA,NA,NA,"","[1.200430500000948]","['h']",1,NA,3,2,1,"Positive",81.5,20.5,100,40,91,36,18.5,19.5,15.5,9.5,0,1,"Positive",0.925,0.959459459459459,0.608441797500564,0.703080197293594,0.0946383997930309,34,58,NA
"circle","h","PM cue","",NA,NA,NA,"","[0.9674683000193909]","['l']",0,NA,3,2,0,"Positive",81.5,20.5,100,40,91,36,18.5,19.5,15.5,9.5,1,1,"Positive",0.925,0.959459459459459,0.608441797500564,0.703080197293594,0.0946383997930309,34,58,NA
"village","h","PM cue","",NA,NA,NA,"","[1.0008396999910474]","['l']",0,NA,3,2,0,"Positive",81.5,20.5,100,40,91,36,18.5,19.5,15.5,9.5,0,1,"Positive",0.925,0.959459459459459,0.608441797500564,0.703080197293594,0.0946383997930309,34,58,NA
"detail","h","PM cue","",NA,NA,NA,"","[0.5508149000816047, 2.150683799991384]","['l', 'h']",0,NA,30,1,1,"Positive",87,35,92,19,78,33,5,-16,-2,-9,1,1,"Positive",1,0.959459459459459,0.453966542519629,0.650805538005366,0.196838995485737,33,98,NA
"village","h","PM cue","",NA,NA,NA,"","[0.3840982001274824, 1.2337921999860555]","['l', 'h']",0,NA,30,1,1,"Positive",87,35,92,19,78,33,5,-16,-2,-9,1,1,"Positive",1,0.959459459459459,0.453966542519629,0.650805538005366,0.196838995485737,33,98,NA
"circle","h","PM cue","",NA,NA,NA,"","[1.2673751001711935]","['h']",1,NA,30,1,1,"Positive",87,35,92,19,78,33,5,-16,-2,-9,1,1,"Positive",1,0.959459459459459,0.453966542519629,0.650805538005366,0.196838995485737,33,98,NA
"detail","h","PM cue","",NA,NA,NA,"","[0.5167917998041958, 1.6000610999763012]","['l', 'h']",0,NA,30,1,1,"Positive",87,35,92,19,78,33,5,-16,-2,-9,1,1,"Positive",1,0.959459459459459,0.453966542519629,0.650805538005366,0.196838995485737,33,98,NA
"circle","h","PM cue","",NA,NA,NA,"","[1.033744800137356]","['h']",1,NA,30,1,1,"Positive",87,35,92,19,78,33,5,-16,-2,-9,1,1,"Positive",1,0.959459459459459,0.453966542519629,0.650805538005366,0.196838995485737,33,98,NA
"village","h","PM cue","",NA,NA,NA,"","[0.9172008999157697]","['h']",1,NA,30,1,1,"Positive",87,35,92,19,78,33,5,-16,-2,-9,1,1,"Positive",1,0.959459459459459,0.453966542519629,0.650805538005366,0.196838995485737,33,98,NA
"bottle","h","PM cue","",NA,NA,NA,"","[1.7164511000737548]","['h']",1,NA,31,1,1,"Positive",58,97,81,83,61,96,23,-14,-1,3,0,1,"Positive",0.825,0.527027027027027,0.921749367506709,1.39946921015212,0.477719842645414,50,70,NA
"writer","h","PM cue","",NA,NA,NA,"","[0.900577399879694]","['d']",0,NA,31,1,0,"Positive",58,97,81,83,61,96,23,-14,-1,3,1,1,"Positive",0.825,0.527027027027027,0.921749367506709,1.39946921015212,0.477719842645414,50,70,NA
"event","h","PM cue","",NA,NA,NA,"","[1.0168882000725716]","['h']",1,NA,31,1,1,"Positive",58,97,81,83,61,96,23,-14,-1,3,1,1,"Positive",0.825,0.527027027027027,0.921749367506709,1.39946921015212,0.477719842645414,50,70,NA
"writer","h","PM cue","",NA,NA,NA,"","[0.767150399973616]","['d']",0,NA,31,1,0,"Positive",58,97,81,83,61,96,23,-14,-1,3,1,1,"Positive",0.825,0.527027027027027,0.921749367506709,1.39946921015212,0.477719842645414,50,70,NA
"bottle","h","PM cue","",NA,NA,NA,"","[1.716959800105542]","['h']",1,NA,31,1,1,"Positive",58,97,81,83,61,96,23,-14,-1,3,0,1,"Positive",0.825,0.527027027027027,0.921749367506709,1.39946921015212,0.477719842645414,50,70,NA
"event","h","PM cue","",NA,NA,NA,"","[1.8335265000350773]","['h']",1,NA,31,1,1,"Positive",58,97,81,83,61,96,23,-14,-1,3,1,1,"Positive",0.825,0.527027027027027,0.921749367506709,1.39946921015212,0.477719842645414,50,70,NA
"bottle","h","PM cue","",NA,NA,NA,"","[0.7503870001528412, 2.55048119998537]","['l', 'h']",0,NA,32,1,1,"Positive",81,37.5,91,34,88,38,10,-3.5,0.5,7,1,1,"Positive",0.9,0.972972972972973,0.947465677495347,1.04547031713051,0.0980046396351619,45,79,NA
"writer","h","PM cue","",NA,NA,NA,"","[2.0170029997825623, 2.3504502999130636]","['l', 'h']",0,NA,32,1,1,"Positive",81,37.5,91,34,88,38,10,-3.5,0.5,7,1,1,"Positive",0.9,0.972972972972973,0.947465677495347,1.04547031713051,0.0980046396351619,45,79,NA
"event","h","PM cue","",NA,NA,NA,"","[1.550402699969709, 2.100710499798879]","['l', 'h']",0,NA,32,1,1,"Positive",81,37.5,91,34,88,38,10,-3.5,0.5,7,1,1,"Positive",0.9,0.972972972972973,0.947465677495347,1.04547031713051,0.0980046396351619,45,79,NA
"writer","h","PM cue","",NA,NA,NA,"","[1.9336466998793185, 2.4999068998731673]","['l', 'h']",0,NA,32,1,1,"Positive",81,37.5,91,34,88,38,10,-3.5,0.5,7,1,1,"Positive",0.9,0.972972972972973,0.947465677495347,1.04547031713051,0.0980046396351619,45,79,NA
"bottle","h","PM cue","",NA,NA,NA,"","[1.4836743001360446, 1.9832532000727952]","['l', 'h']",0,NA,32,1,1,"Positive",81,37.5,91,34,88,38,10,-3.5,0.5,7,1,1,"Positive",0.9,0.972972972972973,0.947465677495347,1.04547031713051,0.0980046396351619,45,79,NA
"event","h","PM cue","",NA,NA,NA,"","[1.3675625999458134, 1.8176929999608546]","['l', 'h']",0,NA,32,1,1,"Positive",81,37.5,91,34,88,38,10,-3.5,0.5,7,1,1,"Positive",0.9,0.972972972972973,0.947465677495347,1.04547031713051,0.0980046396351619,45,79,NA
"detail","h","PM cue","",NA,NA,NA,"","[1.0342230000533164]","['h']",1,NA,33,1,1,"Positive",41,16,77,20,66,22,36,4,6,25,0,1,"Positive",0.7,0.851351351351351,0.842331517941486,0.948209443824902,0.105877925883416,NA,83,NA
"village","h","PM cue","",NA,NA,NA,"","[1.067214099690318]","['h']",1,NA,33,1,1,"Positive",41,16,77,20,66,22,36,4,6,25,0,1,"Positive",0.7,0.851351351351351,0.842331517941486,0.948209443824902,0.105877925883416,NA,83,NA
"circle","h","PM cue","",NA,NA,NA,"","[0.8004092997871339]","['h']",1,NA,33,1,1,"Positive",41,16,77,20,66,22,36,4,6,25,0,1,"Positive",0.7,0.851351351351351,0.842331517941486,0.948209443824902,0.105877925883416,NA,83,NA
"detail","h","PM cue","",NA,NA,NA,"","[0.7670168997719884]","['h']",1,NA,33,1,1,"Positive",41,16,77,20,66,22,36,4,6,25,0,1,"Positive",0.7,0.851351351351351,0.842331517941486,0.948209443824902,0.105877925883416,NA,83,NA
"circle","h","PM cue","",NA,NA,NA,"","[0.7169474000111222]","['h']",1,NA,33,1,1,"Positive",41,16,77,20,66,22,36,4,6,25,0,1,"Positive",0.7,0.851351351351351,0.842331517941486,0.948209443824902,0.105877925883416,NA,83,NA
"village","h","PM cue","",NA,NA,NA,"","[0.8338983999565244]","['h']",1,NA,33,1,1,"Positive",41,16,77,20,66,22,36,4,6,25,0,1,"Positive",0.7,0.851351351351351,0.842331517941486,0.948209443824902,0.105877925883416,NA,83,NA
"wagon","h","PM cue","",NA,NA,NA,"","[1.383826900011627]","['h']",1,NA,34,1,1,"Positive",51,90.5,50,89,50,92,-1,-1.5,1.5,-1,1,1,"Positive",0.975,0.918918918918919,0.629653890000918,0.732402156946288,0.10274826694537,57,75,NA
"teacher","h","PM cue","",NA,NA,NA,"","[0.6008643999812193, 1.5839508000062779]","['l', 'h']",0,NA,34,1,1,"Positive",51,90.5,50,89,50,92,-1,-1.5,1.5,-1,1,1,"Positive",0.975,0.918918918918919,0.629653890000918,0.732402156946288,0.10274826694537,57,75,NA
"curious","h","PM cue","",NA,NA,NA,"","[1.1340577999944799]","['h']",1,NA,34,1,1,"Positive",51,90.5,50,89,50,92,-1,-1.5,1.5,-1,1,1,"Positive",0.975,0.918918918918919,0.629653890000918,0.732402156946288,0.10274826694537,57,75,NA
"wagon","h","PM cue","",NA,NA,NA,"","[0.9174614000075962]","['h']",1,NA,34,1,1,"Positive",51,90.5,50,89,50,92,-1,-1.5,1.5,-1,1,1,"Positive",0.975,0.918918918918919,0.629653890000918,0.732402156946288,0.10274826694537,57,75,NA
"curious","h","PM cue","",NA,NA,NA,"","[1.2503340000112075]","['h']",1,NA,34,1,1,"Positive",51,90.5,50,89,50,92,-1,-1.5,1.5,-1,1,1,"Positive",0.975,0.918918918918919,0.629653890000918,0.732402156946288,0.10274826694537,57,75,NA
"teacher","h","PM cue","",NA,NA,NA,"","[1.316702299984172]","['h']",1,NA,34,1,1,"Positive",51,90.5,50,89,50,92,-1,-1.5,1.5,-1,1,1,"Positive",0.975,0.918918918918919,0.629653890000918,0.732402156946288,0.10274826694537,57,75,NA
"wagon","h","PM cue","",NA,NA,NA,"","[1.5504991000052541, 2.1006220999988727]","['l', 'h']",0,NA,35,1,1,"Positive",84.5,18.5,95,16,86,22,10.5,-2.5,3.5,1.5,0,1,"Positive",0.95,0.945945945945946,0.74627308750205,0.862579086300285,0.116305998798236,65,81,NA
"teacher","h","PM cue","",NA,NA,NA,"","[1.7498407999519259, 2.3836437999852933]","['l', 'h']",0,NA,35,1,1,"Positive",84.5,18.5,95,16,86,22,10.5,-2.5,3.5,1.5,0,1,"Positive",0.95,0.945945945945946,0.74627308750205,0.862579086300285,0.116305998798236,65,81,NA
"curious","h","PM cue","",NA,NA,NA,"","[1.4837885000160895, 1.8506127999862656]","['l', 'h']",0,NA,35,1,1,"Positive",84.5,18.5,95,16,86,22,10.5,-2.5,3.5,1.5,0,1,"Positive",0.95,0.945945945945946,0.74627308750205,0.862579086300285,0.116305998798236,65,81,NA
"wagon","h","PM cue","",NA,NA,NA,"","[1.784180800023023, 2.3670838000252843]","['l', 'h']",0,NA,35,1,1,"Positive",84.5,18.5,95,16,86,22,10.5,-2.5,3.5,1.5,0,1,"Positive",0.95,0.945945945945946,0.74627308750205,0.862579086300285,0.116305998798236,65,81,NA
"curious","h","PM cue","",NA,NA,NA,"","[2.467522899969481]","['l']",0,NA,35,1,0,"Positive",84.5,18.5,95,16,86,22,10.5,-2.5,3.5,1.5,0,1,"Positive",0.95,0.945945945945946,0.74627308750205,0.862579086300285,0.116305998798236,65,81,NA
"teacher","h","PM cue","",NA,NA,NA,"","[0.6997076999978162]","['l']",0,NA,35,1,0,"Positive",84.5,18.5,95,16,86,22,10.5,-2.5,3.5,1.5,0,1,"Positive",0.95,0.945945945945946,0.74627308750205,0.862579086300285,0.116305998798236,65,81,NA
"detail","h","PM cue","",NA,NA,NA,"","[1.4337337999604642, 2.2502339999191463]","['l', 'h']",0,NA,36,1,1,"Positive",80,69,87,91,78,84,7,22,15,-2,1,1,"Positive",1,1,0.703704142512288,0.743426425659375,0.0397222831470866,25,97,NA
"village","h","PM cue","",NA,NA,NA,"","[1.2008178001269698, 1.6340212002396584]","['l', 'h']",0,NA,36,1,1,"Positive",80,69,87,91,78,84,7,22,15,-2,1,1,"Positive",1,1,0.703704142512288,0.743426425659375,0.0397222831470866,25,97,NA
"circle","h","PM cue","",NA,NA,NA,"","[1.117162600159645, 1.6338059999980032]","['l', 'h']",0,NA,36,1,1,"Positive",80,69,87,91,78,84,7,22,15,-2,1,1,"Positive",1,1,0.703704142512288,0.743426425659375,0.0397222831470866,25,97,NA
"detail","h","PM cue","",NA,NA,NA,"","[1.1001812000758946, 1.6170176002196968]","['l', 'h']",0,NA,36,1,1,"Positive",80,69,87,91,78,84,7,22,15,-2,1,1,"Positive",1,1,0.703704142512288,0.743426425659375,0.0397222831470866,25,97,NA
"circle","h","PM cue","",NA,NA,NA,"","[1.1505042999051511, 1.600373599678278]","['l', 'h']",0,NA,36,1,1,"Positive",80,69,87,91,78,84,7,22,15,-2,1,1,"Positive",1,1,0.703704142512288,0.743426425659375,0.0397222831470866,25,97,NA
"village","h","PM cue","",NA,NA,NA,"","[1.050691300071776, 1.467494800221175]","['l', 'h']",0,NA,36,1,1,"Positive",80,69,87,91,78,84,7,22,15,-2,1,1,"Positive",1,1,0.703704142512288,0.743426425659375,0.0397222831470866,25,97,NA
"bottle","h","PM cue","",NA,NA,NA,"","[0.6500097000971437]","['l']",0,NA,37,1,0,"Positive",2,71,40,60,21,80,38,-11,9,19,0,1,"Positive",0.925,0.756756756756757,0.950868364083223,0.905390522518182,-0.0454778415650404,67,89,NA
"writer","h","PM cue","",NA,NA,NA,"","[0.932788300095126]","['l']",0,NA,37,1,0,"Positive",2,71,40,60,21,80,38,-11,9,19,0,1,"Positive",0.925,0.756756756756757,0.950868364083223,0.905390522518182,-0.0454778415650404,67,89,NA
"event","h","PM cue","",NA,NA,NA,"","[0.517162699950859]","['l']",0,NA,37,1,0,"Positive",2,71,40,60,21,80,38,-11,9,19,1,1,"Positive",0.925,0.756756756756757,0.950868364083223,0.905390522518182,-0.0454778415650404,67,89,NA
"writer","h","PM cue","",NA,NA,NA,"","[0.9671022999100387]","['l']",0,NA,37,1,0,"Positive",2,71,40,60,21,80,38,-11,9,19,0,1,"Positive",0.925,0.756756756756757,0.950868364083223,0.905390522518182,-0.0454778415650404,67,89,NA
"bottle","h","PM cue","",NA,NA,NA,"","[0.40072949999012053]","['l']",0,NA,37,1,0,"Positive",2,71,40,60,21,80,38,-11,9,19,0,1,"Positive",0.925,0.756756756756757,0.950868364083223,0.905390522518182,-0.0454778415650404,67,89,NA
"event","h","PM cue","",NA,NA,NA,"","[0.4835407000500709]","['l']",0,NA,37,1,0,"Positive",2,71,40,60,21,80,38,-11,9,19,1,1,"Positive",0.925,0.756756756756757,0.950868364083223,0.905390522518182,-0.0454778415650404,67,89,NA
"bottle","h","PM cue","",NA,NA,NA,"","[1.8173758001066744]","['h']",1,NA,38,1,1,"Positive",79.5,43.5,90,37,70,45,10.5,-6.5,1.5,-9.5,1,1,"Positive",0.9,0.891891891891892,0.842205614945851,1.01464024722292,0.172434632277064,63,80,NA
"writer","h","PM cue","",NA,NA,NA,"","[1.2172249001450837]","['h']",1,NA,38,1,1,"Positive",79.5,43.5,90,37,70,45,10.5,-6.5,1.5,-9.5,0,1,"Positive",0.9,0.891891891891892,0.842205614945851,1.01464024722292,0.172434632277064,63,80,NA
"event","h","PM cue","",NA,NA,NA,"","[1.583891499787569]","['h']",1,NA,38,1,1,"Positive",79.5,43.5,90,37,70,45,10.5,-6.5,1.5,-9.5,1,1,"Positive",0.9,0.891891891891892,0.842205614945851,1.01464024722292,0.172434632277064,63,80,NA
"writer","h","PM cue","",NA,NA,NA,"","[1.7669359003193676]","['d']",0,NA,38,1,0,"Positive",79.5,43.5,90,37,70,45,10.5,-6.5,1.5,-9.5,0,1,"Positive",0.9,0.891891891891892,0.842205614945851,1.01464024722292,0.172434632277064,63,80,NA
"bottle","h","PM cue","",NA,NA,NA,"","[1.1503886999562383]","['h']",1,NA,38,1,1,"Positive",79.5,43.5,90,37,70,45,10.5,-6.5,1.5,-9.5,1,1,"Positive",0.9,0.891891891891892,0.842205614945851,1.01464024722292,0.172434632277064,63,80,NA
"event","h","PM cue","",NA,NA,NA,"","[1.3006082996726036]","['h']",1,NA,38,1,1,"Positive",79.5,43.5,90,37,70,45,10.5,-6.5,1.5,-9.5,1,1,"Positive",0.9,0.891891891891892,0.842205614945851,1.01464024722292,0.172434632277064,63,80,NA
"detail","h","PM cue","",NA,NA,NA,"","[1.0006700999801978]","['l']",0,NA,39,1,0,"Positive",46,100,61,100,51,100,15,0,0,5,1,1,"Positive",1,0.959459459459459,0.890566202500486,0.851670305548598,-0.0388958969518879,41,64,NA
"village","h","PM cue","",NA,NA,NA,"","[1.8673112000105903]","['h']",1,NA,39,1,1,"Positive",46,100,61,100,51,100,15,0,0,5,0,1,"Positive",1,0.959459459459459,0.890566202500486,0.851670305548598,-0.0388958969518879,41,64,NA
"circle","h","PM cue","",NA,NA,NA,"","[]","None",0,NA,39,1,0,"Positive",46,100,61,100,51,100,15,0,0,5,1,1,"Positive",1,0.959459459459459,0.890566202500486,0.851670305548598,-0.0388958969518879,41,64,NA
"detail","h","PM cue","",NA,NA,NA,"","[1.1506552000064403]","['h']",1,NA,39,1,1,"Positive",46,100,61,100,51,100,15,0,0,5,1,1,"Positive",1,0.959459459459459,0.890566202500486,0.851670305548598,-0.0388958969518879,41,64,NA
"circle","h","PM cue","",NA,NA,NA,"","[2.2836618999717757]","['h']",1,NA,39,1,1,"Positive",46,100,61,100,51,100,15,0,0,5,1,1,"Positive",1,0.959459459459459,0.890566202500486,0.851670305548598,-0.0388958969518879,41,64,NA
"village","h","PM cue","",NA,NA,NA,"","[1.5172307000029832]","['h']",1,NA,39,1,1,"Positive",46,100,61,100,51,100,15,0,0,5,0,1,"Positive",1,0.959459459459459,0.890566202500486,0.851670305548598,-0.0388958969518879,41,64,NA
"wagon","h","PM cue","",NA,NA,NA,"","[1.3173513999208808, 1.8505728000309318]","['h', 'l']",1,NA,4,3,1,"Positive",77,24,81,22,85,16,4,-2,-8,8,1,1,"Positive",0.975,1,0.644017460553809,0.904761050012894,0.260743589459085,42,72,NA
"teacher","h","PM cue","",NA,NA,NA,"","[1.1003574000205845, 1.5004171000327915]","['h', 'l']",1,NA,4,3,1,"Positive",77,24,81,22,85,16,4,-2,-8,8,1,1,"Positive",0.975,1,0.644017460553809,0.904761050012894,0.260743589459085,42,72,NA
"curious","h","PM cue","",NA,NA,NA,"","[0.8672181000001729, 1.3501810999587178]","['h', 'l']",1,NA,4,3,1,"Positive",77,24,81,22,85,16,4,-2,-8,8,1,1,"Positive",0.975,1,0.644017460553809,0.904761050012894,0.260743589459085,42,72,NA
"wagon","h","PM cue","",NA,NA,NA,"","[1.0007708000484854, 1.517406600061804]","['h', 'l']",1,NA,4,3,1,"Positive",77,24,81,22,85,16,4,-2,-8,8,1,1,"Positive",0.975,1,0.644017460553809,0.904761050012894,0.260743589459085,42,72,NA
"curious","h","PM cue","",NA,NA,NA,"","[0.8839306000154465, 1.450464399997145]","['h', 'l']",1,NA,4,3,1,"Positive",77,24,81,22,85,16,4,-2,-8,8,1,1,"Positive",0.975,1,0.644017460553809,0.904761050012894,0.260743589459085,42,72,NA
"teacher","h","PM cue","",NA,NA,NA,"","[1.1339936999138445, 1.7174702000338584]","['h', 'l']",1,NA,4,3,1,"Positive",77,24,81,22,85,16,4,-2,-8,8,1,1,"Positive",0.975,1,0.644017460553809,0.904761050012894,0.260743589459085,42,72,NA
"wagon","h","PM cue","",NA,NA,NA,"","[1.2337702000077115]","['h']",1,NA,40,1,1,"Positive",38,62,36,62,39,62,-2,0,0,1,1,1,"Positive",1,0.986486486486487,0.642684339998959,0.836482751351149,0.193798411352189,55,53,NA
"teacher","h","PM cue","",NA,NA,NA,"","[1.1835144000069704]","['h']",1,NA,40,1,1,"Positive",38,62,36,62,39,62,-2,0,0,1,1,1,"Positive",1,0.986486486486487,0.642684339998959,0.836482751351149,0.193798411352189,55,53,NA
"curious","h","PM cue","",NA,NA,NA,"","[1.5169767000043066]","['h']",1,NA,40,1,1,"Positive",38,62,36,62,39,62,-2,0,0,1,1,1,"Positive",1,0.986486486486487,0.642684339998959,0.836482751351149,0.193798411352189,55,53,NA
"wagon","h","PM cue","",NA,NA,NA,"","[1.1339514999999665]","['h']",1,NA,40,1,1,"Positive",38,62,36,62,39,62,-2,0,0,1,1,1,"Positive",1,0.986486486486487,0.642684339998959,0.836482751351149,0.193798411352189,55,53,NA
"curious","h","PM cue","",NA,NA,NA,"","[0.8841013999917777]","['h']",1,NA,40,1,1,"Positive",38,62,36,62,39,62,-2,0,0,1,1,1,"Positive",1,0.986486486486487,0.642684339998959,0.836482751351149,0.193798411352189,55,53,NA
"teacher","h","PM cue","",NA,NA,NA,"","[1.217057300003944]","['h']",1,NA,40,1,1,"Positive",38,62,36,62,39,62,-2,0,0,1,1,1,"Positive",1,0.986486486486487,0.642684339998959,0.836482751351149,0.193798411352189,55,53,NA
"wagon","h","PM cue","",NA,NA,NA,"","[2.3001971000339836]","['h']",1,NA,41,1,1,"Positive",68,90,77,91,81,98,9,1,8,13,1,1,"Positive",0.775,0.864864864864865,0.978031500006835,1.07451371507311,0.0964822150662742,38,79,NA
"teacher","h","PM cue","",NA,NA,NA,"","[0.933780699968338]","['h']",1,NA,41,1,1,"Positive",68,90,77,91,81,98,9,1,8,13,1,1,"Positive",0.775,0.864864864864865,0.978031500006835,1.07451371507311,0.0964822150662742,38,79,NA
"curious","h","PM cue","",NA,NA,NA,"","[0.867052000015974]","['h']",1,NA,41,1,1,"Positive",68,90,77,91,81,98,9,1,8,13,1,1,"Positive",0.775,0.864864864864865,0.978031500006835,1.07451371507311,0.0964822150662742,38,79,NA
"wagon","h","PM cue","",NA,NA,NA,"","[0.8336465999018401]","['h']",1,NA,41,1,1,"Positive",68,90,77,91,81,98,9,1,8,13,1,1,"Positive",0.775,0.864864864864865,0.978031500006835,1.07451371507311,0.0964822150662742,38,79,NA
"curious","h","PM cue","",NA,NA,NA,"","[1.2003008999163285]","['h']",1,NA,41,1,1,"Positive",68,90,77,91,81,98,9,1,8,13,1,1,"Positive",0.775,0.864864864864865,0.978031500006835,1.07451371507311,0.0964822150662742,38,79,NA
"teacher","h","PM cue","",NA,NA,NA,"","[0.9004226999823004]","['h']",1,NA,41,1,1,"Positive",68,90,77,91,81,98,9,1,8,13,1,1,"Positive",0.775,0.864864864864865,0.978031500006835,1.07451371507311,0.0964822150662742,38,79,NA
"detail","h","PM cue","",NA,NA,NA,"","[0.83368129999144]","['l']",0,NA,42,2,0,"Positive",61,99.5,81,100,60,100,20,0.5,0.5,-1,1,1,"Positive",0.95,0.891891891891892,0.984270574358584,1.13825792876951,0.153987354410925,61,94,NA
"village","h","PM cue","",NA,NA,NA,"","[1.4506183000048622, 2.000206700002309]","['l', 'h']",0,NA,42,2,1,"Positive",61,99.5,81,100,60,100,20,0.5,0.5,-1,1,1,"Positive",0.95,0.891891891891892,0.984270574358584,1.13825792876951,0.153987354410925,61,94,NA
"circle","h","PM cue","",NA,NA,NA,"","[1.9342666000011377, 2.7174690999963786]","['d', 'h']",0,NA,42,2,1,"Positive",61,99.5,81,100,60,100,20,0.5,0.5,-1,1,1,"Positive",0.95,0.891891891891892,0.984270574358584,1.13825792876951,0.153987354410925,61,94,NA
"detail","h","PM cue","",NA,NA,NA,"","[1.167015299986815]","['d']",0,NA,42,2,0,"Positive",61,99.5,81,100,60,100,20,0.5,0.5,-1,1,1,"Positive",0.95,0.891891891891892,0.984270574358584,1.13825792876951,0.153987354410925,61,94,NA
"circle","h","PM cue","",NA,NA,NA,"","[1.1000289999938104, 2.1670739999972284]","['l', 'h']",0,NA,42,2,1,"Positive",61,99.5,81,100,60,100,20,0.5,0.5,-1,1,1,"Positive",0.95,0.891891891891892,0.984270574358584,1.13825792876951,0.153987354410925,61,94,NA
"village","h","PM cue","",NA,NA,NA,"","[1.6169553000072483, 2.116900299995905]","['l', 'h']",0,NA,42,2,1,"Positive",61,99.5,81,100,60,100,20,0.5,0.5,-1,1,1,"Positive",0.95,0.891891891891892,0.984270574358584,1.13825792876951,0.153987354410925,61,94,NA
"bottle","h","PM cue","",NA,NA,NA,"","[1.2338175000622869]","['h']",1,NA,43,1,1,"Positive",99.5,55.5,96,51,94,61,-3.5,-4.5,5.5,-5.5,1,1,"Positive",0.975,0.986486486486487,0.915497895001317,1.03346078242867,0.117962887427357,34,85,NA
"writer","h","PM cue","",NA,NA,NA,"","[1.5672131000319496, 2.9334188000066206]","['l', 'h']",0,NA,43,1,1,"Positive",99.5,55.5,96,51,94,61,-3.5,-4.5,5.5,-5.5,1,1,"Positive",0.975,0.986486486486487,0.915497895001317,1.03346078242867,0.117962887427357,34,85,NA
"event","h","PM cue","",NA,NA,NA,"","[1.1340576999355108]","['h']",1,NA,43,1,1,"Positive",99.5,55.5,96,51,94,61,-3.5,-4.5,5.5,-5.5,1,1,"Positive",0.975,0.986486486486487,0.915497895001317,1.03346078242867,0.117962887427357,34,85,NA
"writer","h","PM cue","",NA,NA,NA,"","[1.333635100047104]","['h']",1,NA,43,1,1,"Positive",99.5,55.5,96,51,94,61,-3.5,-4.5,5.5,-5.5,1,1,"Positive",0.975,0.986486486486487,0.915497895001317,1.03346078242867,0.117962887427357,34,85,NA
"bottle","h","PM cue","",NA,NA,NA,"","[1.250614900025539]","['h']",1,NA,43,1,1,"Positive",99.5,55.5,96,51,94,61,-3.5,-4.5,5.5,-5.5,1,1,"Positive",0.975,0.986486486486487,0.915497895001317,1.03346078242867,0.117962887427357,34,85,NA
"event","h","PM cue","",NA,NA,NA,"","[1.417215499910526]","['h']",1,NA,43,1,1,"Positive",99.5,55.5,96,51,94,61,-3.5,-4.5,5.5,-5.5,1,1,"Positive",0.975,0.986486486486487,0.915497895001317,1.03346078242867,0.117962887427357,34,85,NA
"bottle","h","PM cue","",NA,NA,NA,"","[0.9830020000226796]","['l']",0,NA,44,1,0,"Positive",49.5,35,42,77,40,41,-7.5,42,6,-9.5,0,1,"Positive",0.875,0.918918918918919,1.06322243078671,1.17340656621161,0.110184135424899,42,86,NA
"writer","h","PM cue","",NA,NA,NA,"","[1.566371600027196]","['l']",0,NA,44,1,0,"Positive",49.5,35,42,77,40,41,-7.5,42,6,-9.5,0,1,"Positive",0.875,0.918918918918919,1.06322243078671,1.17340656621161,0.110184135424899,42,86,NA
"event","h","PM cue","",NA,NA,NA,"","[0.9164647000143304]","['l']",0,NA,44,1,0,"Positive",49.5,35,42,77,40,41,-7.5,42,6,-9.5,1,1,"Positive",0.875,0.918918918918919,1.06322243078671,1.17340656621161,0.110184135424899,42,86,NA
"writer","h","PM cue","",NA,NA,NA,"","[0.8505833999952301]","['l']",0,NA,44,1,0,"Positive",49.5,35,42,77,40,41,-7.5,42,6,-9.5,0,1,"Positive",0.875,0.918918918918919,1.06322243078671,1.17340656621161,0.110184135424899,42,86,NA
"bottle","h","PM cue","",NA,NA,NA,"","[0.6502381999744102]","['l']",0,NA,44,1,0,"Positive",49.5,35,42,77,40,41,-7.5,42,6,-9.5,0,1,"Positive",0.875,0.918918918918919,1.06322243078671,1.17340656621161,0.110184135424899,42,86,NA
"event","h","PM cue","",NA,NA,NA,"","[1.2840142999775708]","['l']",0,NA,44,1,0,"Positive",49.5,35,42,77,40,41,-7.5,42,6,-9.5,1,1,"Positive",0.875,0.918918918918919,1.06322243078671,1.17340656621161,0.110184135424899,42,86,NA
"detail","h","PM cue","",NA,NA,NA,"","[1.5669723999453709]","['h']",1,NA,45,1,1,"Positive",66.5,71.5,70,72,64,76,3.5,0.5,4.5,-2.5,1,1,"Positive",1,0.905405405405405,1.19535121500521,1.33508426216714,0.139733047161929,61,88,NA
"village","h","PM cue","",NA,NA,NA,"","[1.5838136000093073]","['h']",1,NA,45,1,1,"Positive",66.5,71.5,70,72,64,76,3.5,0.5,4.5,-2.5,1,1,"Positive",1,0.905405405405405,1.19535121500521,1.33508426216714,0.139733047161929,61,88,NA
"circle","h","PM cue","",NA,NA,NA,"","[1.816939199983608]","['l']",0,NA,45,1,0,"Positive",66.5,71.5,70,72,64,76,3.5,0.5,4.5,-2.5,1,1,"Positive",1,0.905405405405405,1.19535121500521,1.33508426216714,0.139733047161929,61,88,NA
"detail","h","PM cue","",NA,NA,NA,"","[2.400255399988964]","['h']",1,NA,45,1,1,"Positive",66.5,71.5,70,72,64,76,3.5,0.5,4.5,-2.5,1,1,"Positive",1,0.905405405405405,1.19535121500521,1.33508426216714,0.139733047161929,61,88,NA
"circle","h","PM cue","",NA,NA,NA,"","[1.5836572999833152]","['h']",1,NA,45,1,1,"Positive",66.5,71.5,70,72,64,76,3.5,0.5,4.5,-2.5,1,1,"Positive",1,0.905405405405405,1.19535121500521,1.33508426216714,0.139733047161929,61,88,NA
"village","h","PM cue","",NA,NA,NA,"","[1.8003159000072628]","['h']",1,NA,45,1,1,"Positive",66.5,71.5,70,72,64,76,3.5,0.5,4.5,-2.5,1,1,"Positive",1,0.905405405405405,1.19535121500521,1.33508426216714,0.139733047161929,61,88,NA
"wagon","h","PM cue","",NA,NA,NA,"","[1.5670923000002404]","['h']",1,NA,46,1,1,"Positive",77.5,85,83,71,91,97,5.5,-14,12,13.5,1,1,"Positive",1,0.972972972972973,0.581702210000003,0.8081057310811,0.226403521081097,26,52,NA
"teacher","h","PM cue","",NA,NA,NA,"","[1.2005254000000605]","['h']",1,NA,46,1,1,"Positive",77.5,85,83,71,91,97,5.5,-14,12,13.5,1,1,"Positive",1,0.972972972972973,0.581702210000003,0.8081057310811,0.226403521081097,26,52,NA
"curious","h","PM cue","",NA,NA,NA,"","[1.4670340000002398]","['h']",1,NA,46,1,1,"Positive",77.5,85,83,71,91,97,5.5,-14,12,13.5,1,1,"Positive",1,0.972972972972973,0.581702210000003,0.8081057310811,0.226403521081097,26,52,NA
"wagon","h","PM cue","",NA,NA,NA,"","[1.3004645000000892]","['h']",1,NA,46,1,1,"Positive",77.5,85,83,71,91,97,5.5,-14,12,13.5,1,1,"Positive",1,0.972972972972973,0.581702210000003,0.8081057310811,0.226403521081097,26,52,NA
"curious","h","PM cue","",NA,NA,NA,"","[1.3667750999998134]","['h']",1,NA,46,1,1,"Positive",77.5,85,83,71,91,97,5.5,-14,12,13.5,1,1,"Positive",1,0.972972972972973,0.581702210000003,0.8081057310811,0.226403521081097,26,52,NA
"teacher","h","PM cue","",NA,NA,NA,"","[1.4006233000000066]","['h']",1,NA,46,1,1,"Positive",77.5,85,83,71,91,97,5.5,-14,12,13.5,1,1,"Positive",1,0.972972972972973,0.581702210000003,0.8081057310811,0.226403521081097,26,52,NA
"wagon","h","PM cue","",NA,NA,NA,"","[1.618158900004346]","['h']",1,NA,47,3,1,"Positive",42,59,42,59,42,59,0,0,0,0,1,1,"Positive",1,0.959459459459459,0.637591407502623,0.700285853425755,0.0626944459231323,47,87,NA
"teacher","h","PM cue","",NA,NA,NA,"","[1.7002960999961942]","['l']",0,NA,47,3,0,"Positive",42,59,42,59,42,59,0,0,0,0,0,1,"Positive",1,0.959459459459459,0.637591407502623,0.700285853425755,0.0626944459231323,47,87,NA
"curious","h","PM cue","",NA,NA,NA,"","[1.3173968000046443]","['l']",0,NA,47,3,0,"Positive",42,59,42,59,42,59,0,0,0,0,1,1,"Positive",1,0.959459459459459,0.637591407502623,0.700285853425755,0.0626944459231323,47,87,NA
"wagon","h","PM cue","",NA,NA,NA,"","[1.0338311000086833]","['l']",0,NA,47,3,0,"Positive",42,59,42,59,42,59,0,0,0,0,1,1,"Positive",1,0.959459459459459,0.637591407502623,0.700285853425755,0.0626944459231323,47,87,NA
"curious","h","PM cue","",NA,NA,NA,"","[1.61733579999418]","['h']",1,NA,47,3,1,"Positive",42,59,42,59,42,59,0,0,0,0,1,1,"Positive",1,0.959459459459459,0.637591407502623,0.700285853425755,0.0626944459231323,47,87,NA
"teacher","h","PM cue","",NA,NA,NA,"","[0.5672836000157986]","['l']",0,NA,47,3,0,"Positive",42,59,42,59,42,59,0,0,0,0,0,1,"Positive",1,0.959459459459459,0.637591407502623,0.700285853425755,0.0626944459231323,47,87,NA
"detail","h","PM cue","",NA,NA,NA,"","[2.116741199977696]","['h']",1,NA,48,1,1,"Positive",81,50,83,49,81,54,2,-1,4,0,1,1,"Positive",1,1,0.790537804996711,0.917807116217257,0.127269311220546,36,62,NA
"village","h","PM cue","",NA,NA,NA,"","[2.250410999986343]","['h']",1,NA,48,1,1,"Positive",81,50,83,49,81,54,2,-1,4,0,0,1,"Positive",1,1,0.790537804996711,0.917807116217257,0.127269311220546,36,62,NA
"circle","h","PM cue","",NA,NA,NA,"","[1.1501261999364942]","['h']",1,NA,48,1,1,"Positive",81,50,83,49,81,54,2,-1,4,0,1,1,"Positive",1,1,0.790537804996711,0.917807116217257,0.127269311220546,36,62,NA
"detail","h","PM cue","",NA,NA,NA,"","[1.0508671998977661]","['h']",1,NA,48,1,1,"Positive",81,50,83,49,81,54,2,-1,4,0,1,1,"Positive",1,1,0.790537804996711,0.917807116217257,0.127269311220546,36,62,NA
"circle","h","PM cue","",NA,NA,NA,"","[1.1834889999590814]","['h']",1,NA,48,1,1,"Positive",81,50,83,49,81,54,2,-1,4,0,1,1,"Positive",1,1,0.790537804996711,0.917807116217257,0.127269311220546,36,62,NA
"village","h","PM cue","",NA,NA,NA,"","[1.2503878999268636]","['h']",1,NA,48,1,1,"Positive",81,50,83,49,81,54,2,-1,4,0,0,1,"Positive",1,1,0.790537804996711,0.917807116217257,0.127269311220546,36,62,NA
"bottle","h","PM cue","",NA,NA,NA,"","[0.4340269999956945, 1.383829099999275]","['l', 'h']",0,NA,49,1,1,"Positive",67,67.5,75,38,60,10,8,-29.5,-57.5,-7,1,1,"Positive",1,0.972972972972973,0.435394114998417,0.551841777778059,0.116447662779643,64,77,NA
"writer","h","PM cue","",NA,NA,NA,"","[1.4003631999948993, 2.1168579000077443]","['h', 'd']",1,NA,49,1,1,"Positive",67,67.5,75,38,60,10,8,-29.5,-57.5,-7,1,1,"Positive",1,0.972972972972973,0.435394114998417,0.551841777778059,0.116447662779643,64,77,NA
"event","h","PM cue","",NA,NA,NA,"","[0.4503403000126127]","['l']",0,NA,49,1,0,"Positive",67,67.5,75,38,60,10,8,-29.5,-57.5,-7,1,1,"Positive",1,0.972972972972973,0.435394114998417,0.551841777778059,0.116447662779643,64,77,NA
"writer","h","PM cue","",NA,NA,NA,"","[0.6338520999997854]","['d']",0,NA,49,1,0,"Positive",67,67.5,75,38,60,10,8,-29.5,-57.5,-7,1,1,"Positive",1,0.972972972972973,0.435394114998417,0.551841777778059,0.116447662779643,64,77,NA
"bottle","h","PM cue","",NA,NA,NA,"","[0.4671088999893982, 1.450364799995441]","['l', 'h']",0,NA,49,1,1,"Positive",67,67.5,75,38,60,10,8,-29.5,-57.5,-7,1,1,"Positive",1,0.972972972972973,0.435394114998417,0.551841777778059,0.116447662779643,64,77,NA
"event","h","PM cue","",NA,NA,NA,"","[0.4005947000114247]","['l']",0,NA,49,1,0,"Positive",67,67.5,75,38,60,10,8,-29.5,-57.5,-7,1,1,"Positive",1,0.972972972972973,0.435394114998417,0.551841777778059,0.116447662779643,64,77,NA
"wagon","h","PM cue","",NA,NA,NA,"","[0.8670285998377949]","['l']",0,NA,5,3,0,"Positive",32,39,50,50,49,55,18,11,16,17,1,1,"Positive",1,0.945945945945946,0.502623837493593,0.726189397246344,0.223565559752751,55,81,NA
"teacher","h","PM cue","",NA,NA,NA,"","[1.0676849000155926]","['h']",1,NA,5,3,1,"Positive",32,39,50,50,49,55,18,11,16,17,1,1,"Positive",1,0.945945945945946,0.502623837493593,0.726189397246344,0.223565559752751,55,81,NA
"curious","h","PM cue","",NA,NA,NA,"","[1.4834851000923663]","['h']",1,NA,5,3,1,"Positive",32,39,50,50,49,55,18,11,16,17,1,1,"Positive",1,0.945945945945946,0.502623837493593,0.726189397246344,0.223565559752751,55,81,NA
"wagon","h","PM cue","",NA,NA,NA,"","[0.7841078999917954]","['h']",1,NA,5,3,1,"Positive",32,39,50,50,49,55,18,11,16,17,1,1,"Positive",1,0.945945945945946,0.502623837493593,0.726189397246344,0.223565559752751,55,81,NA
"curious","h","PM cue","",NA,NA,NA,"","[1.766715900041163]","['h']",1,NA,5,3,1,"Positive",32,39,50,50,49,55,18,11,16,17,1,1,"Positive",1,0.945945945945946,0.502623837493593,0.726189397246344,0.223565559752751,55,81,NA
"teacher","h","PM cue","",NA,NA,NA,"","[0.800436400109902]","['h']",1,NA,5,3,1,"Positive",32,39,50,50,49,55,18,11,16,17,1,1,"Positive",1,0.945945945945946,0.502623837493593,0.726189397246344,0.223565559752751,55,81,NA
"bottle","h","PM cue","",NA,NA,NA,"","[0.8004534000065178]","['d']",0,NA,50,1,0,"Positive",43,47,68,66,61,65,25,19,18,18,1,1,"Positive",0.825,0.864864864864865,0.798090219992446,0.948945290405839,0.150855070413393,63,NA,NA
"writer","h","PM cue","",NA,NA,NA,"","[0.850340899953153]","['h']",1,NA,50,1,1,"Positive",43,47,68,66,61,65,25,19,18,18,1,1,"Positive",0.825,0.864864864864865,0.798090219992446,0.948945290405839,0.150855070413393,63,NA,NA
"event","h","PM cue","",NA,NA,NA,"","[1.367047299980186]","['h']",1,NA,50,1,1,"Positive",43,47,68,66,61,65,25,19,18,18,1,1,"Positive",0.825,0.864864864864865,0.798090219992446,0.948945290405839,0.150855070413393,63,NA,NA
"writer","h","PM cue","",NA,NA,NA,"","[0.9175433999625966]","['h']",1,NA,50,1,1,"Positive",43,47,68,66,61,65,25,19,18,18,1,1,"Positive",0.825,0.864864864864865,0.798090219992446,0.948945290405839,0.150855070413393,63,NA,NA
"bottle","h","PM cue","",NA,NA,NA,"","[1.317122799984645]","['h']",1,NA,50,1,1,"Positive",43,47,68,66,61,65,25,19,18,18,1,1,"Positive",0.825,0.864864864864865,0.798090219992446,0.948945290405839,0.150855070413393,63,NA,NA
"event","h","PM cue","",NA,NA,NA,"","[0.917118199984543, 1.3333423999720253]","['d', 'h']",0,NA,50,1,1,"Positive",43,47,68,66,61,65,25,19,18,18,1,1,"Positive",0.825,0.864864864864865,0.798090219992446,0.948945290405839,0.150855070413393,63,NA,NA
"detail","h","PM cue","",NA,NA,NA,"","[1.083960100000695]","['h']",1,NA,51,1,1,"Positive",76,92.5,92,49,93,69,16,-43.5,-23.5,17,1,1,"Positive",0.95,0.932432432432432,0.585833027500121,0.761448629729711,0.17561560222959,27,36,NA
"village","h","PM cue","",NA,NA,NA,"","[1.083878299999924]","['h']",1,NA,51,1,1,"Positive",76,92.5,92,49,93,69,16,-43.5,-23.5,17,1,1,"Positive",0.95,0.932432432432432,0.585833027500121,0.761448629729711,0.17561560222959,27,36,NA
"circle","h","PM cue","",NA,NA,NA,"","[1.0505522999992536]","['h']",1,NA,51,1,1,"Positive",76,92.5,92,49,93,69,16,-43.5,-23.5,17,1,1,"Positive",0.95,0.932432432432432,0.585833027500121,0.761448629729711,0.17561560222959,27,36,NA
"detail","h","PM cue","",NA,NA,NA,"","[1.8167400999991514]","['h']",1,NA,51,1,1,"Positive",76,92.5,92,49,93,69,16,-43.5,-23.5,17,1,1,"Positive",0.95,0.932432432432432,0.585833027500121,0.761448629729711,0.17561560222959,27,36,NA
"circle","h","PM cue","",NA,NA,NA,"","[1.250294000001304]","['h']",1,NA,51,1,1,"Positive",76,92.5,92,49,93,69,16,-43.5,-23.5,17,1,1,"Positive",0.95,0.932432432432432,0.585833027500121,0.761448629729711,0.17561560222959,27,36,NA
"village","h","PM cue","",NA,NA,NA,"","[1.350287400000525]","['h']",1,NA,51,1,1,"Positive",76,92.5,92,49,93,69,16,-43.5,-23.5,17,1,1,"Positive",0.95,0.932432432432432,0.585833027500121,0.761448629729711,0.17561560222959,27,36,NA
"bottle","h","PM cue","",NA,NA,NA,"","[1.7169181999997818]","['h']",1,NA,52,1,1,"Positive",69,72.5,81,66,72,72,12,-6.5,-0.5,3,1,1,"Positive",0.975,0.918918918918919,0.803400904999808,0.962731047887233,0.159330142887426,48,80,NA
"writer","h","PM cue","",NA,NA,NA,"","[1.4002247000007628]","['h']",1,NA,52,1,1,"Positive",69,72.5,81,66,72,72,12,-6.5,-0.5,3,1,1,"Positive",0.975,0.918918918918919,0.803400904999808,0.962731047887233,0.159330142887426,48,80,NA
"event","h","PM cue","",NA,NA,NA,"","[1.217143699999724]","['h']",1,NA,52,1,1,"Positive",69,72.5,81,66,72,72,12,-6.5,-0.5,3,1,1,"Positive",0.975,0.918918918918919,0.803400904999808,0.962731047887233,0.159330142887426,48,80,NA
"writer","h","PM cue","",NA,NA,NA,"","[1.300690800000666]","['h']",1,NA,52,1,1,"Positive",69,72.5,81,66,72,72,12,-6.5,-0.5,3,1,1,"Positive",0.975,0.918918918918919,0.803400904999808,0.962731047887233,0.159330142887426,48,80,NA
"bottle","h","PM cue","",NA,NA,NA,"","[1.0834207000007154]","['h']",1,NA,52,1,1,"Positive",69,72.5,81,66,72,72,12,-6.5,-0.5,3,1,1,"Positive",0.975,0.918918918918919,0.803400904999808,0.962731047887233,0.159330142887426,48,80,NA
"event","h","PM cue","",NA,NA,NA,"","[1.1001553000005515]","['h']",1,NA,52,1,1,"Positive",69,72.5,81,66,72,72,12,-6.5,-0.5,3,1,1,"Positive",0.975,0.918918918918919,0.803400904999808,0.962731047887233,0.159330142887426,48,80,NA
"wagon","h","PM cue","",NA,NA,NA,"","[1.366906299999755]","['d']",0,NA,54,3,0,"Positive",52.5,75.5,80,77,78,78,27.5,1.5,2.5,25.5,1,1,"Positive",0.8,0.824324324324324,0.94697667749997,1.00403750972225,0.0570608322222824,58,80,NA
"teacher","h","PM cue","",NA,NA,NA,"","[0.9004242999999406]","['d']",0,NA,54,3,0,"Positive",52.5,75.5,80,77,78,78,27.5,1.5,2.5,25.5,1,1,"Positive",0.8,0.824324324324324,0.94697667749997,1.00403750972225,0.0570608322222824,58,80,NA
"curious","h","PM cue","",NA,NA,NA,"","[2.1170020999998087]","['l']",0,NA,54,3,0,"Positive",52.5,75.5,80,77,78,78,27.5,1.5,2.5,25.5,1,1,"Positive",0.8,0.824324324324324,0.94697667749997,1.00403750972225,0.0570608322222824,58,80,NA
"wagon","h","PM cue","",NA,NA,NA,"","[0.7506516000003103]","['d']",0,NA,54,3,0,"Positive",52.5,75.5,80,77,78,78,27.5,1.5,2.5,25.5,1,1,"Positive",0.8,0.824324324324324,0.94697667749997,1.00403750972225,0.0570608322222824,58,80,NA
"curious","h","PM cue","",NA,NA,NA,"","[1.0341866999997364]","['d']",0,NA,54,3,0,"Positive",52.5,75.5,80,77,78,78,27.5,1.5,2.5,25.5,1,1,"Positive",0.8,0.824324324324324,0.94697667749997,1.00403750972225,0.0570608322222824,58,80,NA
"teacher","h","PM cue","",NA,NA,NA,"","[0.8004201000003377]","['d']",0,NA,54,3,0,"Positive",52.5,75.5,80,77,78,78,27.5,1.5,2.5,25.5,1,1,"Positive",0.8,0.824324324324324,0.94697667749997,1.00403750972225,0.0570608322222824,58,80,NA
"detail","h","PM cue","",NA,NA,NA,"","[]","None",0,NA,54,2,0,"Positive",100,100,100,100,100,100,0,0,0,0,1,1,"Positive",0.925,0.648648648648649,0.701729735000117,0.716247235616533,0.0145175006164159,31,67,NA
"village","h","PM cue","",NA,NA,NA,"","[0.6006916000005731]","['d']",0,NA,54,2,0,"Positive",100,100,100,100,100,100,0,0,0,0,1,1,"Positive",0.925,0.648648648648649,0.701729735000117,0.716247235616533,0.0145175006164159,31,67,NA
"circle","h","PM cue","",NA,NA,NA,"","[0.7005606000020634]","['l']",0,NA,54,2,0,"Positive",100,100,100,100,100,100,0,0,0,0,0,1,"Positive",0.925,0.648648648648649,0.701729735000117,0.716247235616533,0.0145175006164159,31,67,NA
"detail","h","PM cue","",NA,NA,NA,"","[0.9171206999999413]","['d']",0,NA,54,2,0,"Positive",100,100,100,100,100,100,0,0,0,0,1,1,"Positive",0.925,0.648648648648649,0.701729735000117,0.716247235616533,0.0145175006164159,31,67,NA
"circle","h","PM cue","",NA,NA,NA,"","[0.41751899999871966]","['l']",0,NA,54,2,0,"Positive",100,100,100,100,100,100,0,0,0,0,0,1,"Positive",0.925,0.648648648648649,0.701729735000117,0.716247235616533,0.0145175006164159,31,67,NA
"village","h","PM cue","",NA,NA,NA,"","[0.7340986999988672]","['d']",0,NA,54,2,0,"Positive",100,100,100,100,100,100,0,0,0,0,1,1,"Positive",0.925,0.648648648648649,0.701729735000117,0.716247235616533,0.0145175006164159,31,67,NA
"bottle","h","PM cue","",NA,NA,NA,"","[1.4168774000008852]","['h']",1,NA,55,1,1,"Positive",90.5,20,100,20,100,40,9.5,0,20,9.5,1,1,"Positive",0.9,0.932432432432432,0.907067471052582,1.07789248783794,0.170825016785359,50,70,NA
"writer","h","PM cue","",NA,NA,NA,"","[0.8506036999988282]","['l']",0,NA,55,1,0,"Positive",90.5,20,100,20,100,40,9.5,0,20,9.5,0,1,"Positive",0.9,0.932432432432432,0.907067471052582,1.07789248783794,0.170825016785359,50,70,NA
"event","h","PM cue","",NA,NA,NA,"","[2.1837415999998484]","['h']",1,NA,55,1,1,"Positive",90.5,20,100,20,100,40,9.5,0,20,9.5,1,1,"Positive",0.9,0.932432432432432,0.907067471052582,1.07789248783794,0.170825016785359,50,70,NA
"writer","h","PM cue","",NA,NA,NA,"","[1.5168317000006937]","['l']",0,NA,55,1,0,"Positive",90.5,20,100,20,100,40,9.5,0,20,9.5,0,1,"Positive",0.9,0.932432432432432,0.907067471052582,1.07789248783794,0.170825016785359,50,70,NA
"bottle","h","PM cue","",NA,NA,NA,"","[1.3339417000006506]","['h']",1,NA,55,1,1,"Positive",90.5,20,100,20,100,40,9.5,0,20,9.5,1,1,"Positive",0.9,0.932432432432432,0.907067471052582,1.07789248783794,0.170825016785359,50,70,NA
"event","h","PM cue","",NA,NA,NA,"","[1.2340317999987747]","['h']",1,NA,55,1,1,"Positive",90.5,20,100,20,100,40,9.5,0,20,9.5,1,1,"Positive",0.9,0.932432432432432,0.907067471052582,1.07789248783794,0.170825016785359,50,70,NA
"bottle","h","PM cue","",NA,NA,NA,"","[0.7672385999994731]","['l']",0,NA,56,1,0,"Positive",84.5,88.5,98,94,94,92,13.5,5.5,3.5,9.5,1,1,"Positive",0.95,0.959459459459459,0.75373474500002,0.896895848571434,0.143161103571414,38,71,NA
"writer","h","PM cue","",NA,NA,NA,"","[0.7507067999995343]","['l']",0,NA,56,1,0,"Positive",84.5,88.5,98,94,94,92,13.5,5.5,3.5,9.5,1,1,"Positive",0.95,0.959459459459459,0.75373474500002,0.896895848571434,0.143161103571414,38,71,NA
"event","h","PM cue","",NA,NA,NA,"","[0.8170369999988907]","['l']",0,NA,56,1,0,"Positive",84.5,88.5,98,94,94,92,13.5,5.5,3.5,9.5,1,1,"Positive",0.95,0.959459459459459,0.75373474500002,0.896895848571434,0.143161103571414,38,71,NA
"writer","h","PM cue","",NA,NA,NA,"","[0.5340154999994411]","['l']",0,NA,56,1,0,"Positive",84.5,88.5,98,94,94,92,13.5,5.5,3.5,9.5,1,1,"Positive",0.95,0.959459459459459,0.75373474500002,0.896895848571434,0.143161103571414,38,71,NA
"bottle","h","PM cue","",NA,NA,NA,"","[0.7170220000007248]","['l']",0,NA,56,1,0,"Positive",84.5,88.5,98,94,94,92,13.5,5.5,3.5,9.5,1,1,"Positive",0.95,0.959459459459459,0.75373474500002,0.896895848571434,0.143161103571414,38,71,NA
"event","h","PM cue","",NA,NA,NA,"","[0.7670666000012716]","['l']",0,NA,56,1,0,"Positive",84.5,88.5,98,94,94,92,13.5,5.5,3.5,9.5,1,1,"Positive",0.95,0.959459459459459,0.75373474500002,0.896895848571434,0.143161103571414,38,71,NA
"detail","h","PM cue","",NA,NA,NA,"","[0.4004477999988012]","['l']",0,NA,57,1,0,"Positive",66.5,80,100,100,70,76,33.5,20,-4,3.5,1,1,"Positive",1,0.945945945945946,0.561225354999715,0.789024013513316,0.227798658513601,67,79,NA
"village","h","PM cue","",NA,NA,NA,"","[1.1670768999974825]","['h']",1,NA,57,1,1,"Positive",66.5,80,100,100,70,76,33.5,20,-4,3.5,1,1,"Positive",1,0.945945945945946,0.561225354999715,0.789024013513316,0.227798658513601,67,79,NA
"circle","h","PM cue","",NA,NA,NA,"","[2.0839110000015353]","['h']",1,NA,57,1,1,"Positive",66.5,80,100,100,70,76,33.5,20,-4,3.5,1,1,"Positive",1,0.945945945945946,0.561225354999715,0.789024013513316,0.227798658513601,67,79,NA
"detail","h","PM cue","",NA,NA,NA,"","[0.9840480999991996]","['h']",1,NA,57,1,1,"Positive",66.5,80,100,100,70,76,33.5,20,-4,3.5,1,1,"Positive",1,0.945945945945946,0.561225354999715,0.789024013513316,0.227798658513601,67,79,NA
"circle","h","PM cue","",NA,NA,NA,"","[0.8504877999985183]","['h']",1,NA,57,1,1,"Positive",66.5,80,100,100,70,76,33.5,20,-4,3.5,1,1,"Positive",1,0.945945945945946,0.561225354999715,0.789024013513316,0.227798658513601,67,79,NA
"village","h","PM cue","",NA,NA,NA,"","[0.7674608000015724]","['h']",1,NA,57,1,1,"Positive",66.5,80,100,100,70,76,33.5,20,-4,3.5,1,1,"Positive",1,0.945945945945946,0.561225354999715,0.789024013513316,0.227798658513601,67,79,NA
"wagon","h","PM cue","",NA,NA,NA,"","[0.7840839999989839]","['h']",1,NA,58,1,1,"Positive",74,69,85,85,74,70,11,16,1,0,1,1,"Positive",0.95,0.972972972972973,0.733364133333406,0.705147190277734,-0.0282169430556717,NA,91,NA
"teacher","h","PM cue","",NA,NA,NA,"","[0.734168499999214]","['d']",0,NA,58,1,0,"Positive",74,69,85,85,74,70,11,16,1,0,1,1,"Positive",0.95,0.972972972972973,0.733364133333406,0.705147190277734,-0.0282169430556717,NA,91,NA
"curious","h","PM cue","",NA,NA,NA,"","[0.9837755000007746]","['h']",1,NA,58,1,1,"Positive",74,69,85,85,74,70,11,16,1,0,1,1,"Positive",0.95,0.972972972972973,0.733364133333406,0.705147190277734,-0.0282169430556717,NA,91,NA
"wagon","h","PM cue","",NA,NA,NA,"","[0.8506779000017559]","['h']",1,NA,58,1,1,"Positive",74,69,85,85,74,70,11,16,1,0,1,1,"Positive",0.95,0.972972972972973,0.733364133333406,0.705147190277734,-0.0282169430556717,NA,91,NA
"curious","h","PM cue","",NA,NA,NA,"","[0.9673105000001669]","['h']",1,NA,58,1,1,"Positive",74,69,85,85,74,70,11,16,1,0,1,1,"Positive",0.95,0.972972972972973,0.733364133333406,0.705147190277734,-0.0282169430556717,NA,91,NA
"teacher","h","PM cue","",NA,NA,NA,"","[0.9334307999997691]","['h']",1,NA,58,1,1,"Positive",74,69,85,85,74,70,11,16,1,0,1,1,"Positive",0.95,0.972972972972973,0.733364133333406,0.705147190277734,-0.0282169430556717,NA,91,NA
"wagon","h","PM cue","",NA,NA,NA,"","[1.5839158999988285]","['h']",1,NA,59,3,1,"Positive",74,47.5,71,46,72,45,-3,-1.5,-2.5,-2,0,1,"Positive",0.9,0.959459459459459,1.10204799499995,1.07363924594594,-0.0284087490540139,61,77,NA
"teacher","h","PM cue","",NA,NA,NA,"","[1.2171772999990935]","['h']",1,NA,59,3,1,"Positive",74,47.5,71,46,72,45,-3,-1.5,-2.5,-2,0,1,"Positive",0.9,0.959459459459459,1.10204799499995,1.07363924594594,-0.0284087490540139,61,77,NA
"curious","h","PM cue","",NA,NA,NA,"","[0.9005548000004637]","['h']",1,NA,59,3,1,"Positive",74,47.5,71,46,72,45,-3,-1.5,-2.5,-2,0,1,"Positive",0.9,0.959459459459459,1.10204799499995,1.07363924594594,-0.0284087490540139,61,77,NA
"wagon","h","PM cue","",NA,NA,NA,"","[1.2002905999997893]","['h']",1,NA,59,3,1,"Positive",74,47.5,71,46,72,45,-3,-1.5,-2.5,-2,0,1,"Positive",0.9,0.959459459459459,1.10204799499995,1.07363924594594,-0.0284087490540139,61,77,NA
"curious","h","PM cue","",NA,NA,NA,"","[1.050626000000193]","['h']",1,NA,59,3,1,"Positive",74,47.5,71,46,72,45,-3,-1.5,-2.5,-2,0,1,"Positive",0.9,0.959459459459459,1.10204799499995,1.07363924594594,-0.0284087490540139,61,77,NA
"teacher","h","PM cue","",NA,NA,NA,"","[1.2004347999991296]","['l']",0,NA,59,3,0,"Positive",74,47.5,71,46,72,45,-3,-1.5,-2.5,-2,0,1,"Positive",0.9,0.959459459459459,1.10204799499995,1.07363924594594,-0.0284087490540139,61,77,NA
"detail","h","PM cue","",NA,NA,NA,"","[1.3003780000144616]","['l']",0,NA,6,2,0,"Positive",65,37.5,72,38,62,42,7,0.5,4.5,-3,1,1,"Positive",0.9,0.878378378378378,0.660578877502121,0.92667867027135,0.266099792769229,NA,82,NA
"village","h","PM cue","",NA,NA,NA,"","[0.7503069000085816, 1.9840454999357462]","['l', 'h']",0,NA,6,2,1,"Positive",65,37.5,72,38,62,42,7,0.5,4.5,-3,1,1,"Positive",0.9,0.878378378378378,0.660578877502121,0.92667867027135,0.266099792769229,NA,82,NA
"circle","h","PM cue","",NA,NA,NA,"","[1.9172815000638366]","['h']",1,NA,6,2,1,"Positive",65,37.5,72,38,62,42,7,0.5,4.5,-3,1,1,"Positive",0.9,0.878378378378378,0.660578877502121,0.92667867027135,0.266099792769229,NA,82,NA
"detail","h","PM cue","",NA,NA,NA,"","[0.7505359000060707]","['l']",0,NA,6,2,0,"Positive",65,37.5,72,38,62,42,7,0.5,4.5,-3,1,1,"Positive",0.9,0.878378378378378,0.660578877502121,0.92667867027135,0.266099792769229,NA,82,NA
"circle","h","PM cue","",NA,NA,NA,"","[1.4503328999271616]","['h']",1,NA,6,2,1,"Positive",65,37.5,72,38,62,42,7,0.5,4.5,-3,1,1,"Positive",0.9,0.878378378378378,0.660578877502121,0.92667867027135,0.266099792769229,NA,82,NA
"village","h","PM cue","",NA,NA,NA,"","[1.833546300069429]","['h']",1,NA,6,2,1,"Positive",65,37.5,72,38,62,42,7,0.5,4.5,-3,1,1,"Positive",0.9,0.878378378378378,0.660578877502121,0.92667867027135,0.266099792769229,NA,82,NA
"detail","h","PM cue","",NA,NA,NA,"","[0.7172420999995666]","['l']",0,NA,60,1,0,"Positive",50.5,60.5,31,51,11,30,-19.5,-9.5,-30.5,-39.5,0,1,"Positive",0.525,0.689189189189189,0.896810503571422,0.827554195652382,-0.0692563079190404,61,90,NA
"village","h","PM cue","",NA,NA,NA,"","[1.000298399998428]","['l']",0,NA,60,1,0,"Positive",50.5,60.5,31,51,11,30,-19.5,-9.5,-30.5,-39.5,0,1,"Positive",0.525,0.689189189189189,0.896810503571422,0.827554195652382,-0.0692563079190404,61,90,NA
"circle","h","PM cue","",NA,NA,NA,"","[0.9503554000002623]","['l']",0,NA,60,1,0,"Positive",50.5,60.5,31,51,11,30,-19.5,-9.5,-30.5,-39.5,0,1,"Positive",0.525,0.689189189189189,0.896810503571422,0.827554195652382,-0.0692563079190404,61,90,NA
"detail","h","PM cue","",NA,NA,NA,"","[1.9503256999996665]","['l']",0,NA,60,1,0,"Positive",50.5,60.5,31,51,11,30,-19.5,-9.5,-30.5,-39.5,0,1,"Positive",0.525,0.689189189189189,0.896810503571422,0.827554195652382,-0.0692563079190404,61,90,NA
"circle","h","PM cue","",NA,NA,NA,"","[0.6006133999981103]","['l']",0,NA,60,1,0,"Positive",50.5,60.5,31,51,11,30,-19.5,-9.5,-30.5,-39.5,0,1,"Positive",0.525,0.689189189189189,0.896810503571422,0.827554195652382,-0.0692563079190404,61,90,NA
"village","h","PM cue","",NA,NA,NA,"","[0.8841830999990634]","['l']",0,NA,60,1,0,"Positive",50.5,60.5,31,51,11,30,-19.5,-9.5,-30.5,-39.5,0,1,"Positive",0.525,0.689189189189189,0.896810503571422,0.827554195652382,-0.0692563079190404,61,90,NA
"bottle","h","PM cue","",NA,NA,NA,"","[1.0173178000004555]","['l']",0,NA,61,1,0,"Positive",61,80.5,100,100,41,40,39,19.5,-40.5,-20,1,1,"Positive",0.9,0.932432432432432,0.815768117499942,0.95404992328769,0.138281805787748,68,91,NA
"writer","h","PM cue","",NA,NA,NA,"","[0.8338048000005074]","['h']",1,NA,61,1,1,"Positive",61,80.5,100,100,41,40,39,19.5,-40.5,-20,1,1,"Positive",0.9,0.932432432432432,0.815768117499942,0.95404992328769,0.138281805787748,68,91,NA
"event","h","PM cue","",NA,NA,NA,"","[0.9007670999999391, 2.833759799999825]","['l', 'h']",0,NA,61,1,1,"Positive",61,80.5,100,100,41,40,39,19.5,-40.5,-20,1,1,"Positive",0.9,0.932432432432432,0.815768117499942,0.95404992328769,0.138281805787748,68,91,NA
"writer","h","PM cue","",NA,NA,NA,"","[1.1837397999997847]","['h']",1,NA,61,1,1,"Positive",61,80.5,100,100,41,40,39,19.5,-40.5,-20,1,1,"Positive",0.9,0.932432432432432,0.815768117499942,0.95404992328769,0.138281805787748,68,91,NA
"bottle","h","PM cue","",NA,NA,NA,"","[1.3336433000004035]","['h']",1,NA,61,1,1,"Positive",61,80.5,100,100,41,40,39,19.5,-40.5,-20,1,1,"Positive",0.9,0.932432432432432,0.815768117499942,0.95404992328769,0.138281805787748,68,91,NA
"event","h","PM cue","",NA,NA,NA,"","[0.8841527000004135]","['h']",1,NA,61,1,1,"Positive",61,80.5,100,100,41,40,39,19.5,-40.5,-20,1,1,"Positive",0.9,0.932432432432432,0.815768117499942,0.95404992328769,0.138281805787748,68,91,NA
"bottle","h","PM cue","",NA,NA,NA,"","[1.8336409000003187]","['h']",1,NA,62,1,1,"Positive",71.5,50.5,71,48,71,50,-0.5,-2.5,-0.5,-0.5,0,1,"Positive",1,0.945945945945946,0.807699640000192,0.916471719718149,0.108772079717957,45,100,NA
"writer","h","PM cue","",NA,NA,NA,"","[0.7337685999991663]","['l']",0,NA,62,1,0,"Positive",71.5,50.5,71,48,71,50,-0.5,-2.5,-0.5,-0.5,1,1,"Positive",1,0.945945945945946,0.807699640000192,0.916471719718149,0.108772079717957,45,100,NA
"event","h","PM cue","",NA,NA,NA,"","[0.6841877999977442, 1.8841780999973707]","['l', 'h']",0,NA,62,1,1,"Positive",71.5,50.5,71,48,71,50,-0.5,-2.5,-0.5,-0.5,1,1,"Positive",1,0.945945945945946,0.807699640000192,0.916471719718149,0.108772079717957,45,100,NA
"writer","h","PM cue","",NA,NA,NA,"","[0.8176363999991736, 2.6336851000014576]","['l', 'h']",0,NA,62,1,1,"Positive",71.5,50.5,71,48,71,50,-0.5,-2.5,-0.5,-0.5,1,1,"Positive",1,0.945945945945946,0.807699640000192,0.916471719718149,0.108772079717957,45,100,NA
"bottle","h","PM cue","",NA,NA,NA,"","[1.3171703000007255, 2.1005268999979307]","['h', 'l']",1,NA,62,1,1,"Positive",71.5,50.5,71,48,71,50,-0.5,-2.5,-0.5,-0.5,0,1,"Positive",1,0.945945945945946,0.807699640000192,0.916471719718149,0.108772079717957,45,100,NA
"event","h","PM cue","",NA,NA,NA,"","[1.51726790000248]","['h']",1,NA,62,1,1,"Positive",71.5,50.5,71,48,71,50,-0.5,-2.5,-0.5,-0.5,1,1,"Positive",1,0.945945945945946,0.807699640000192,0.916471719718149,0.108772079717957,45,100,NA
"detail","h","PM cue","",NA,NA,NA,"","[1.4169215000001714]","['h']",1,NA,63,1,1,"Positive",81,35,86,49,85,41,5,14,6,4,1,1,"Positive",1,0.972972972972973,0.677605304999975,0.871692116901357,0.194086811901382,43,84,NA
"village","h","PM cue","",NA,NA,NA,"","[1.0840478999998595]","['h']",1,NA,63,1,1,"Positive",81,35,86,49,85,41,5,14,6,4,1,1,"Positive",1,0.972972972972973,0.677605304999975,0.871692116901357,0.194086811901382,43,84,NA
"circle","h","PM cue","",NA,NA,NA,"","[0.6004761999993207]","['l']",0,NA,63,1,0,"Positive",81,35,86,49,85,41,5,14,6,4,1,1,"Positive",1,0.972972972972973,0.677605304999975,0.871692116901357,0.194086811901382,43,84,NA
"detail","h","PM cue","",NA,NA,NA,"","[0.8671934000012698]","['h']",1,NA,63,1,1,"Positive",81,35,86,49,85,41,5,14,6,4,1,1,"Positive",1,0.972972972972973,0.677605304999975,0.871692116901357,0.194086811901382,43,84,NA
"circle","h","PM cue","",NA,NA,NA,"","[0.9504315999984101]","['h']",1,NA,63,1,1,"Positive",81,35,86,49,85,41,5,14,6,4,1,1,"Positive",1,0.972972972972973,0.677605304999975,0.871692116901357,0.194086811901382,43,84,NA
"village","h","PM cue","",NA,NA,NA,"","[1.1172571999995853]","['h']",1,NA,63,1,1,"Positive",81,35,86,49,85,41,5,14,6,4,1,1,"Positive",1,0.972972972972973,0.677605304999975,0.871692116901357,0.194086811901382,43,84,NA
"wagon","h","PM cue","",NA,NA,NA,"","[1.4837010000010196]","['h']",1,NA,64,3,1,"Positive",61.5,40,41,80,61,81,-20.5,40,41,-0.5,1,1,"Positive",1,0.959459459459459,0.901254807500072,0.87727348648644,-0.0239813210136323,70,85,NA
"teacher","h","PM cue","",NA,NA,NA,"","[1.5176088999996864]","['h']",1,NA,64,3,1,"Positive",61.5,40,41,80,61,81,-20.5,40,41,-0.5,1,1,"Positive",1,0.959459459459459,0.901254807500072,0.87727348648644,-0.0239813210136323,70,85,NA
"curious","h","PM cue","",NA,NA,NA,"","[1.717116599998917]","['l']",0,NA,64,3,0,"Positive",61.5,40,41,80,61,81,-20.5,40,41,-0.5,1,1,"Positive",1,0.959459459459459,0.901254807500072,0.87727348648644,-0.0239813210136323,70,85,NA
"wagon","h","PM cue","",NA,NA,NA,"","[1.4837587000001804]","['h']",1,NA,64,3,1,"Positive",61.5,40,41,80,61,81,-20.5,40,41,-0.5,1,1,"Positive",1,0.959459459459459,0.901254807500072,0.87727348648644,-0.0239813210136323,70,85,NA
"curious","h","PM cue","",NA,NA,NA,"","[2.3337671000008413]","['h']",1,NA,64,3,1,"Positive",61.5,40,41,80,61,81,-20.5,40,41,-0.5,1,1,"Positive",1,0.959459459459459,0.901254807500072,0.87727348648644,-0.0239813210136323,70,85,NA
"teacher","h","PM cue","",NA,NA,NA,"","[2.133751299999858]","['h']",1,NA,64,3,1,"Positive",61.5,40,41,80,61,81,-20.5,40,41,-0.5,1,1,"Positive",1,0.959459459459459,0.901254807500072,0.87727348648644,-0.0239813210136323,70,85,NA
"wagon","h","PM cue","",NA,NA,NA,"","[1.2840856999973767]","['h']",1,NA,65,1,1,"Positive",70.5,54,63,41,44,57,-7.5,-13,3,-26.5,1,1,"Positive",0.9,0.932432432432432,0.844555042499269,0.963245349996755,0.118690307497486,77,90,NA
"teacher","h","PM cue","",NA,NA,NA,"","[0.8503718000138178]","['d']",0,NA,65,1,0,"Positive",70.5,54,63,41,44,57,-7.5,-13,3,-26.5,1,1,"Positive",0.9,0.932432432432432,0.844555042499269,0.963245349996755,0.118690307497486,77,90,NA
"curious","h","PM cue","",NA,NA,NA,"","[0.784282400039956]","['l']",0,NA,65,1,0,"Positive",70.5,54,63,41,44,57,-7.5,-13,3,-26.5,1,1,"Positive",0.9,0.932432432432432,0.844555042499269,0.963245349996755,0.118690307497486,77,90,NA
"wagon","h","PM cue","",NA,NA,NA,"","[1.2172486000345089]","['h']",1,NA,65,1,1,"Positive",70.5,54,63,41,44,57,-7.5,-13,3,-26.5,1,1,"Positive",0.9,0.932432432432432,0.844555042499269,0.963245349996755,0.118690307497486,77,90,NA
"curious","h","PM cue","",NA,NA,NA,"","[1.4178167000063695]","['h']",1,NA,65,1,1,"Positive",70.5,54,63,41,44,57,-7.5,-13,3,-26.5,1,1,"Positive",0.9,0.932432432432432,0.844555042499269,0.963245349996755,0.118690307497486,77,90,NA
"teacher","h","PM cue","",NA,NA,NA,"","[0.8000182000105269]","['l']",0,NA,65,1,0,"Positive",70.5,54,63,41,44,57,-7.5,-13,3,-26.5,1,1,"Positive",0.9,0.932432432432432,0.844555042499269,0.963245349996755,0.118690307497486,77,90,NA
"bottle","h","PM cue","",NA,NA,NA,"","[1.0840353999992658]","['h']",1,NA,7,1,1,"Positive",70.5,90.5,90,85,83,83,19.5,-5.5,-7.5,12.5,1,1,"Positive",0.975,0.932432432432432,0.752779662500143,0.782200948648834,0.0294212861486911,51,86,NA
"writer","h","PM cue","",NA,NA,NA,"","[1.2672774999991816]","['h']",1,NA,7,1,1,"Positive",70.5,90.5,90,85,83,83,19.5,-5.5,-7.5,12.5,1,1,"Positive",0.975,0.932432432432432,0.752779662500143,0.782200948648834,0.0294212861486911,51,86,NA
"event","h","PM cue","",NA,NA,NA,"","[1.8337097000003268]","['h']",1,NA,7,1,1,"Positive",70.5,90.5,90,85,83,83,19.5,-5.5,-7.5,12.5,1,1,"Positive",0.975,0.932432432432432,0.752779662500143,0.782200948648834,0.0294212861486911,51,86,NA
"writer","h","PM cue","",NA,NA,NA,"","[0.8001407000010659]","['h']",1,NA,7,1,1,"Positive",70.5,90.5,90,85,83,83,19.5,-5.5,-7.5,12.5,1,1,"Positive",0.975,0.932432432432432,0.752779662500143,0.782200948648834,0.0294212861486911,51,86,NA
"bottle","h","PM cue","",NA,NA,NA,"","[1.017549100000906]","['h']",1,NA,7,1,1,"Positive",70.5,90.5,90,85,83,83,19.5,-5.5,-7.5,12.5,1,1,"Positive",0.975,0.932432432432432,0.752779662500143,0.782200948648834,0.0294212861486911,51,86,NA
"event","h","PM cue","",NA,NA,NA,"","[1.2171406999987084]","['h']",1,NA,7,1,1,"Positive",70.5,90.5,90,85,83,83,19.5,-5.5,-7.5,12.5,1,1,"Positive",0.975,0.932432432432432,0.752779662500143,0.782200948648834,0.0294212861486911,51,86,NA
"bottle","h","PM cue","",NA,NA,NA,"","[1.1002386000000115]","['h']",1,NA,8,1,1,"Positive",64.5,84.5,59,85,60,86,-5.5,0.5,1.5,-4.5,0,1,"Positive",0.4,0.824324324324324,0.864310429411596,0.955954964383362,0.0916445349717659,47,82,NA
"writer","h","PM cue","",NA,NA,NA,"","[1.4503412000012759]","['h']",1,NA,8,1,1,"Positive",64.5,84.5,59,85,60,86,-5.5,0.5,1.5,-4.5,0,1,"Positive",0.4,0.824324324324324,0.864310429411596,0.955954964383362,0.0916445349717659,47,82,NA
"event","h","PM cue","",NA,NA,NA,"","[1.267758900001354]","['h']",1,NA,8,1,1,"Positive",64.5,84.5,59,85,60,86,-5.5,0.5,1.5,-4.5,0,1,"Positive",0.4,0.824324324324324,0.864310429411596,0.955954964383362,0.0916445349717659,47,82,NA
"writer","h","PM cue","",NA,NA,NA,"","[1.367123600000923]","['h']",1,NA,8,1,1,"Positive",64.5,84.5,59,85,60,86,-5.5,0.5,1.5,-4.5,0,1,"Positive",0.4,0.824324324324324,0.864310429411596,0.955954964383362,0.0916445349717659,47,82,NA
"bottle","h","PM cue","",NA,NA,NA,"","[1.4336794000009832]","['h']",1,NA,8,1,1,"Positive",64.5,84.5,59,85,60,86,-5.5,0.5,1.5,-4.5,0,1,"Positive",0.4,0.824324324324324,0.864310429411596,0.955954964383362,0.0916445349717659,47,82,NA
"event","h","PM cue","",NA,NA,NA,"","[1.3337377999996534]","['h']",1,NA,8,1,1,"Positive",64.5,84.5,59,85,60,86,-5.5,0.5,1.5,-4.5,0,1,"Positive",0.4,0.824324324324324,0.864310429411596,0.955954964383362,0.0916445349717659,47,82,NA
"detail","h","PM cue","",NA,NA,NA,"","[0.9503624000353739]","['l']",0,NA,9,2,0,"Positive",80.5,30,100,20,82,22,19.5,-10,-8,1.5,1,1,"Positive",1,0.959459459459459,0.80011225999333,0.898591317569938,0.098479057576608,48,96,NA
"village","h","PM cue","",NA,NA,NA,"","[1.2671851000050083]","['h']",1,NA,9,2,1,"Positive",80.5,30,100,20,82,22,19.5,-10,-8,1.5,1,1,"Positive",1,0.959459459459459,0.80011225999333,0.898591317569938,0.098479057576608,48,96,NA
"circle","h","PM cue","",NA,NA,NA,"","[1.0671167999971658]","['h']",1,NA,9,2,1,"Positive",80.5,30,100,20,82,22,19.5,-10,-8,1.5,1,1,"Positive",1,0.959459459459459,0.80011225999333,0.898591317569938,0.098479057576608,48,96,NA
"detail","h","PM cue","",NA,NA,NA,"","[1.450439100037329]","['h']",1,NA,9,2,1,"Positive",80.5,30,100,20,82,22,19.5,-10,-8,1.5,1,1,"Positive",1,0.959459459459459,0.80011225999333,0.898591317569938,0.098479057576608,48,96,NA
"circle","h","PM cue","",NA,NA,NA,"","[1.2502695999573916]","['h']",1,NA,9,2,1,"Positive",80.5,30,100,20,82,22,19.5,-10,-8,1.5,1,1,"Positive",1,0.959459459459459,0.80011225999333,0.898591317569938,0.098479057576608,48,96,NA
"village","h","PM cue","",NA,NA,NA,"","[1.0171000000555068]","['h']",1,NA,9,2,1,"Positive",80.5,30,100,20,82,22,19.5,-10,-8,1.5,1,1,"Positive",1,0.959459459459459,0.80011225999333,0.898591317569938,0.098479057576608,48,96,NA
"wagon","h","PM cue","",NA,NA,NA,"","[1.7674001000123098]","['h']",1,NA,1,3,1,"Neutral",31.5,36.5,54,43,48,48,22.5,6.5,11.5,16.5,1,1,"Neutral",0.95,1,0.921343092495226,1.0370462136981,0.115703121202875,33,79,NA
"teacher","h","PM cue","",NA,NA,NA,"","[1.7503544999053702]","['h']",1,NA,1,3,1,"Neutral",31.5,36.5,54,43,48,48,22.5,6.5,11.5,16.5,1,1,"Neutral",0.95,1,0.921343092495226,1.0370462136981,0.115703121202875,33,79,NA
"curious","h","PM cue","",NA,NA,NA,"","[1.4338633000152186]","['h']",1,NA,1,3,1,"Neutral",31.5,36.5,54,43,48,48,22.5,6.5,11.5,16.5,1,1,"Neutral",0.95,1,0.921343092495226,1.0370462136981,0.115703121202875,33,79,NA
"wagon","h","PM cue","",NA,NA,NA,"","[1.4006975999800488]","['h']",1,NA,1,3,1,"Neutral",31.5,36.5,54,43,48,48,22.5,6.5,11.5,16.5,1,1,"Neutral",0.95,1,0.921343092495226,1.0370462136981,0.115703121202875,33,79,NA
"curious","h","PM cue","",NA,NA,NA,"","[1.10057060001418]","['h']",1,NA,1,3,1,"Neutral",31.5,36.5,54,43,48,48,22.5,6.5,11.5,16.5,1,1,"Neutral",0.95,1,0.921343092495226,1.0370462136981,0.115703121202875,33,79,NA
"teacher","h","PM cue","",NA,NA,NA,"","[1.3840848000254482]","['h']",1,NA,1,3,1,"Neutral",31.5,36.5,54,43,48,48,22.5,6.5,11.5,16.5,1,1,"Neutral",0.95,1,0.921343092495226,1.0370462136981,0.115703121202875,33,79,NA
"detail","h","PM cue","",NA,NA,NA,"","[1.4337569999042898]","['h']",1,NA,10,2,1,"Neutral",39,32.5,39,33,37,34,0,0.5,1.5,-2,1,1,"Neutral",0.675,0.837837837837838,1.30083444002084,1.24369476216285,-0.0571396778579927,66,93,NA
"village","h","PM cue","",NA,NA,NA,"","[1.1005157000618055]","['h']",1,NA,10,2,1,"Neutral",39,32.5,39,33,37,34,0,0.5,1.5,-2,1,1,"Neutral",0.675,0.837837837837838,1.30083444002084,1.24369476216285,-0.0571396778579927,66,93,NA
"circle","h","PM cue","",NA,NA,NA,"","[1.3835981999291107]","['h']",1,NA,10,2,1,"Neutral",39,32.5,39,33,37,34,0,0.5,1.5,-2,1,1,"Neutral",0.675,0.837837837837838,1.30083444002084,1.24369476216285,-0.0571396778579927,66,93,NA
"detail","h","PM cue","",NA,NA,NA,"","[1.6009655999951065]","['l']",0,NA,10,2,0,"Neutral",39,32.5,39,33,37,34,0,0.5,1.5,-2,1,1,"Neutral",0.675,0.837837837837838,1.30083444002084,1.24369476216285,-0.0571396778579927,66,93,NA
"circle","h","PM cue","",NA,NA,NA,"","[1.3504595000995323]","['h']",1,NA,10,2,1,"Neutral",39,32.5,39,33,37,34,0,0.5,1.5,-2,1,1,"Neutral",0.675,0.837837837837838,1.30083444002084,1.24369476216285,-0.0571396778579927,66,93,NA
"village","h","PM cue","",NA,NA,NA,"","[0.8179436000064015]","['h']",1,NA,10,2,1,"Neutral",39,32.5,39,33,37,34,0,0.5,1.5,-2,1,1,"Neutral",0.675,0.837837837837838,1.30083444002084,1.24369476216285,-0.0571396778579927,66,93,NA
"wagon","h","PM cue","",NA,NA,NA,"","[]","None",0,NA,101,3,0,"Neutral",90.5,11.5,91,11,91,11,0.5,-0.5,-0.5,0.5,1,2,"Neutral",1,0.972972972972973,0.680878802498046,0.944784375673752,0.263905573175706,28,51,30
"teacher","h","PM cue","",NA,NA,NA,"","[1.9669863000162877]","['h']",1,NA,101,3,1,"Neutral",90.5,11.5,91,11,91,11,0.5,-0.5,-0.5,0.5,1,2,"Neutral",1,0.972972972972973,0.680878802498046,0.944784375673752,0.263905573175706,28,51,30
"curious","h","PM cue","",NA,NA,NA,"","[1.4670679999981076]","['h']",1,NA,101,3,1,"Neutral",90.5,11.5,91,11,91,11,0.5,-0.5,-0.5,0.5,1,2,"Neutral",1,0.972972972972973,0.680878802498046,0.944784375673752,0.263905573175706,28,51,30
"wagon","h","PM cue","",NA,NA,NA,"","[1.1667508999817073]","['h']",1,NA,101,3,1,"Neutral",90.5,11.5,91,11,91,11,0.5,-0.5,-0.5,0.5,1,2,"Neutral",1,0.972972972972973,0.680878802498046,0.944784375673752,0.263905573175706,28,51,30
"curious","h","PM cue","",NA,NA,NA,"","[1.4503939999849536]","['h']",1,NA,101,3,1,"Neutral",90.5,11.5,91,11,91,11,0.5,-0.5,-0.5,0.5,1,2,"Neutral",1,0.972972972972973,0.680878802498046,0.944784375673752,0.263905573175706,28,51,30
"teacher","h","PM cue","",NA,NA,NA,"","[1.7169173000147566]","['h']",1,NA,101,3,1,"Neutral",90.5,11.5,91,11,91,11,0.5,-0.5,-0.5,0.5,1,2,"Neutral",1,0.972972972972973,0.680878802498046,0.944784375673752,0.263905573175706,28,51,30
"detail","h","PM cue","",NA,NA,NA,"","[1.517397699994035]","['h']",1,NA,102,2,1,"Neutral",71,38.5,50,28,69,28,-21,-10.5,-10.5,-2,1,2,"Neutral",1,0.837837837837838,0.825792957498925,1.0235917157136,0.197798758214672,40,70,28
"village","h","PM cue","",NA,NA,NA,"","[1.6836841000185814]","['h']",1,NA,102,2,1,"Neutral",71,38.5,50,28,69,28,-21,-10.5,-10.5,-2,1,2,"Neutral",1,0.837837837837838,0.825792957498925,1.0235917157136,0.197798758214672,40,70,28
"circle","h","PM cue","",NA,NA,NA,"","[1.433802800020203]","['h']",1,NA,102,2,1,"Neutral",71,38.5,50,28,69,28,-21,-10.5,-10.5,-2,1,2,"Neutral",1,0.837837837837838,0.825792957498925,1.0235917157136,0.197798758214672,40,70,28
"detail","h","PM cue","",NA,NA,NA,"","[2.8001911000174005]","['h']",1,NA,102,2,1,"Neutral",71,38.5,50,28,69,28,-21,-10.5,-10.5,-2,1,2,"Neutral",1,0.837837837837838,0.825792957498925,1.0235917157136,0.197798758214672,40,70,28
"circle","h","PM cue","",NA,NA,NA,"","[1.5836242999939714]","['h']",1,NA,102,2,1,"Neutral",71,38.5,50,28,69,28,-21,-10.5,-10.5,-2,1,2,"Neutral",1,0.837837837837838,0.825792957498925,1.0235917157136,0.197798758214672,40,70,28
"village","h","PM cue","",NA,NA,NA,"","[1.3332152000220958]","['h']",1,NA,102,2,1,"Neutral",71,38.5,50,28,69,28,-21,-10.5,-10.5,-2,1,2,"Neutral",1,0.837837837837838,0.825792957498925,1.0235917157136,0.197798758214672,40,70,28
"wagon","h","PM cue","",NA,NA,NA,"","[0.6672488000185695]","['l']",0,NA,103,3,0,"Neutral",51,68.5,52,90,51,85,1,21.5,16.5,0,0,2,"Neutral",0.9,0.878378378378378,0.999498814998515,1.01982177671265,0.0203229617141367,34,58,28
"teacher","h","PM cue","",NA,NA,NA,"","[1.8004749999963678]","['h']",1,NA,103,3,1,"Neutral",51,68.5,52,90,51,85,1,21.5,16.5,0,1,2,"Neutral",0.9,0.878378378378378,0.999498814998515,1.01982177671265,0.0203229617141367,34,58,28
"curious","h","PM cue","",NA,NA,NA,"","[1.6170405999873765]","['h']",1,NA,103,3,1,"Neutral",51,68.5,52,90,51,85,1,21.5,16.5,0,1,2,"Neutral",0.9,0.878378378378378,0.999498814998515,1.01982177671265,0.0203229617141367,34,58,28
"wagon","h","PM cue","",NA,NA,NA,"","[1.1837740000046324]","['d']",0,NA,103,3,0,"Neutral",51,68.5,52,90,51,85,1,21.5,16.5,0,0,2,"Neutral",0.9,0.878378378378378,0.999498814998515,1.01982177671265,0.0203229617141367,34,58,28
"curious","h","PM cue","",NA,NA,NA,"","[1.8170019999961369]","['h']",1,NA,103,3,1,"Neutral",51,68.5,52,90,51,85,1,21.5,16.5,0,1,2,"Neutral",0.9,0.878378378378378,0.999498814998515,1.01982177671265,0.0203229617141367,34,58,28
"teacher","h","PM cue","",NA,NA,NA,"","[1.9834551000094507]","['h']",1,NA,103,3,1,"Neutral",51,68.5,52,90,51,85,1,21.5,16.5,0,1,2,"Neutral",0.9,0.878378378378378,0.999498814998515,1.01982177671265,0.0203229617141367,34,58,28
"detail","h","PM cue","",NA,NA,NA,"","[2.683484799985308]","['h']",1,NA,104,2,1,"Neutral",86,29,94,32,95,23,8,3,-6,9,1,2,"Neutral",0.875,0.824324324324324,0.83770005641138,0.942801212163161,0.105101155751781,23,72,30
"village","h","PM cue","",NA,NA,NA,"","[1.8503912999876775]","['h']",1,NA,104,2,1,"Neutral",86,29,94,32,95,23,8,3,-6,9,1,2,"Neutral",0.875,0.824324324324324,0.83770005641138,0.942801212163161,0.105101155751781,23,72,30
"circle","h","PM cue","",NA,NA,NA,"","[1.4840153999975882]","['h']",1,NA,104,2,1,"Neutral",86,29,94,32,95,23,8,3,-6,9,1,2,"Neutral",0.875,0.824324324324324,0.83770005641138,0.942801212163161,0.105101155751781,23,72,30
"detail","h","PM cue","",NA,NA,NA,"","[1.6003014000016265]","['h']",1,NA,104,2,1,"Neutral",86,29,94,32,95,23,8,3,-6,9,1,2,"Neutral",0.875,0.824324324324324,0.83770005641138,0.942801212163161,0.105101155751781,23,72,30
"circle","h","PM cue","",NA,NA,NA,"","[1.9837303000094835]","['h']",1,NA,104,2,1,"Neutral",86,29,94,32,95,23,8,3,-6,9,1,2,"Neutral",0.875,0.824324324324324,0.83770005641138,0.942801212163161,0.105101155751781,23,72,30
"village","h","PM cue","",NA,NA,NA,"","[1.5838103999849409]","['h']",1,NA,104,2,1,"Neutral",86,29,94,32,95,23,8,3,-6,9,1,2,"Neutral",0.875,0.824324324324324,0.83770005641138,0.942801212163161,0.105101155751781,23,72,30
"bottle","h","PM cue","",NA,NA,NA,"","[2.167533699888736]","['l']",0,NA,105,1,0,"Neutral",71,69,72,71,73,70,1,2,1,2,0,2,"Neutral",1,0.810810810810811,1.06657770498423,1.24245807466189,0.175880369677661,44,67,29
"writer","h","PM cue","",NA,NA,NA,"","[2.0169203002005816]","['h']",1,NA,105,1,1,"Neutral",71,69,72,71,73,70,1,2,1,2,1,2,"Neutral",1,0.810810810810811,1.06657770498423,1.24245807466189,0.175880369677661,44,67,29
"event","h","PM cue","",NA,NA,NA,"","[1.8171918999869376]","['h']",1,NA,105,1,1,"Neutral",71,69,72,71,73,70,1,2,1,2,0,2,"Neutral",1,0.810810810810811,1.06657770498423,1.24245807466189,0.175880369677661,44,67,29
"writer","h","PM cue","",NA,NA,NA,"","[1.4176002000458539]","['h']",1,NA,105,1,1,"Neutral",71,69,72,71,73,70,1,2,1,2,1,2,"Neutral",1,0.810810810810811,1.06657770498423,1.24245807466189,0.175880369677661,44,67,29
"bottle","h","PM cue","",NA,NA,NA,"","[1.167045900132507]","['l']",0,NA,105,1,0,"Neutral",71,69,72,71,73,70,1,2,1,2,0,2,"Neutral",1,0.810810810810811,1.06657770498423,1.24245807466189,0.175880369677661,44,67,29
"event","h","PM cue","",NA,NA,NA,"","[2.0177472000941634]","['h']",1,NA,105,1,1,"Neutral",71,69,72,71,73,70,1,2,1,2,0,2,"Neutral",1,0.810810810810811,1.06657770498423,1.24245807466189,0.175880369677661,44,67,29
"bottle","h","PM cue","",NA,NA,NA,"","[1.0342881998512894]","['d']",0,NA,106,1,0,"Neutral",82.5,91.5,90,88,29,90,7.5,-3.5,-1.5,-53.5,1,2,"Neutral",0.225,0.0675675675675676,1.03063483511702,1.01728423471084,-0.0133506004061785,45,84,28
"writer","h","PM cue","",NA,NA,NA,"","[0.7507790999952704]","['d']",0,NA,106,1,0,"Neutral",82.5,91.5,90,88,29,90,7.5,-3.5,-1.5,-53.5,1,2,"Neutral",0.225,0.0675675675675676,1.03063483511702,1.01728423471084,-0.0133506004061785,45,84,28
"event","h","PM cue","",NA,NA,NA,"","[1.3005591998808086]","['l']",0,NA,106,1,0,"Neutral",82.5,91.5,90,88,29,90,7.5,-3.5,-1.5,-53.5,0,2,"Neutral",0.225,0.0675675675675676,1.03063483511702,1.01728423471084,-0.0133506004061785,45,84,28
"writer","h","PM cue","",NA,NA,NA,"","[1.0004690999630839]","['l']",0,NA,106,1,0,"Neutral",82.5,91.5,90,88,29,90,7.5,-3.5,-1.5,-53.5,1,2,"Neutral",0.225,0.0675675675675676,1.03063483511702,1.01728423471084,-0.0133506004061785,45,84,28
"bottle","h","PM cue","",NA,NA,NA,"","[0.8690733001567423]","['d']",0,NA,106,1,0,"Neutral",82.5,91.5,90,88,29,90,7.5,-3.5,-1.5,-53.5,1,2,"Neutral",0.225,0.0675675675675676,1.03063483511702,1.01728423471084,-0.0133506004061785,45,84,28
"event","h","PM cue","",NA,NA,NA,"","[1.3499596000183374]","['l']",0,NA,106,1,0,"Neutral",82.5,91.5,90,88,29,90,7.5,-3.5,-1.5,-53.5,0,2,"Neutral",0.225,0.0675675675675676,1.03063483511702,1.01728423471084,-0.0133506004061785,45,84,28
"wagon","h","PM cue","",NA,NA,NA,"","[1.250536599982297]","['d']",0,NA,107,3,0,"Neutral",41.5,41,33,20,52,51,-8.5,-21,10,10.5,1,2,"Neutral",1,0.905405405405405,0.967910657499306,1.15063790405268,0.182727246553377,47,61,26
"teacher","h","PM cue","",NA,NA,NA,"","[1.2168958999973256]","['h']",1,NA,107,3,1,"Neutral",41.5,41,33,20,52,51,-8.5,-21,10,10.5,0,2,"Neutral",1,0.905405405405405,0.967910657499306,1.15063790405268,0.182727246553377,47,61,26
"curious","h","PM cue","",NA,NA,NA,"","[1.9173560999915935]","['h']",1,NA,107,3,1,"Neutral",41.5,41,33,20,52,51,-8.5,-21,10,10.5,1,2,"Neutral",1,0.905405405405405,0.967910657499306,1.15063790405268,0.182727246553377,47,61,26
"wagon","h","PM cue","",NA,NA,NA,"","[1.7333119999966584]","['h']",1,NA,107,3,1,"Neutral",41.5,41,33,20,52,51,-8.5,-21,10,10.5,1,2,"Neutral",1,0.905405405405405,0.967910657499306,1.15063790405268,0.182727246553377,47,61,26
"curious","h","PM cue","",NA,NA,NA,"","[1.583737899985863]","['h']",1,NA,107,3,1,"Neutral",41.5,41,33,20,52,51,-8.5,-21,10,10.5,1,2,"Neutral",1,0.905405405405405,0.967910657499306,1.15063790405268,0.182727246553377,47,61,26
"teacher","h","PM cue","",NA,NA,NA,"","[1.3168589000124484]","['d']",0,NA,107,3,0,"Neutral",41.5,41,33,20,52,51,-8.5,-21,10,10.5,0,2,"Neutral",1,0.905405405405405,0.967910657499306,1.15063790405268,0.182727246553377,47,61,26
"detail","h","PM cue","",NA,NA,NA,"","[1.3839256999781355]","['l']",0,NA,108,2,0,"Neutral",91.5,60,88,11,72,50,-3.5,-49,-10,-19.5,1,2,"Neutral",0.975,0.959459459459459,0.795485364107523,0.956524529175012,0.161039165067489,42,57,28
"village","h","PM cue","",NA,NA,NA,"","[1.8841326999827288]","['l']",0,NA,108,2,0,"Neutral",91.5,60,88,11,72,50,-3.5,-49,-10,-19.5,1,2,"Neutral",0.975,0.959459459459459,0.795485364107523,0.956524529175012,0.161039165067489,42,57,28
"circle","h","PM cue","",NA,NA,NA,"","[1.2338592000305653]","['l']",0,NA,108,2,0,"Neutral",91.5,60,88,11,72,50,-3.5,-49,-10,-19.5,1,2,"Neutral",0.975,0.959459459459459,0.795485364107523,0.956524529175012,0.161039165067489,42,57,28
"detail","h","PM cue","",NA,NA,NA,"","[0.6507899999851361]","['l']",0,NA,108,2,0,"Neutral",91.5,60,88,11,72,50,-3.5,-49,-10,-19.5,1,2,"Neutral",0.975,0.959459459459459,0.795485364107523,0.956524529175012,0.161039165067489,42,57,28
"circle","h","PM cue","",NA,NA,NA,"","[0.817224400001578]","['l']",0,NA,108,2,0,"Neutral",91.5,60,88,11,72,50,-3.5,-49,-10,-19.5,1,2,"Neutral",0.975,0.959459459459459,0.795485364107523,0.956524529175012,0.161039165067489,42,57,28
"village","h","PM cue","",NA,NA,NA,"","[0.7339258000138216]","['l']",0,NA,108,2,0,"Neutral",91.5,60,88,11,72,50,-3.5,-49,-10,-19.5,1,2,"Neutral",0.975,0.959459459459459,0.795485364107523,0.956524529175012,0.161039165067489,42,57,28
"wagon","h","PM cue","",NA,NA,NA,"","[2.766963800007943]","['h']",1,NA,109,3,1,"Neutral",70.5,66,73,66,68,71,2.5,0,5,-2.5,0,2,"Neutral",0.9,0.851351351351351,1.06004123999955,1.34348309999955,0.28344186,43,59,28
"teacher","h","PM cue","",NA,NA,NA,"","[1.800374099984765]","['h']",1,NA,109,3,1,"Neutral",70.5,66,73,66,68,71,2.5,0,5,-2.5,1,2,"Neutral",0.9,0.851351351351351,1.06004123999955,1.34348309999955,0.28344186,43,59,28
"curious","h","PM cue","",NA,NA,NA,"","[1.6671259999857284]","['l']",0,NA,109,3,0,"Neutral",70.5,66,73,66,68,71,2.5,0,5,-2.5,1,2,"Neutral",0.9,0.851351351351351,1.06004123999955,1.34348309999955,0.28344186,43,59,28
"wagon","h","PM cue","",NA,NA,NA,"","[2.050768999994034]","['h']",1,NA,109,3,1,"Neutral",70.5,66,73,66,68,71,2.5,0,5,-2.5,0,2,"Neutral",0.9,0.851351351351351,1.06004123999955,1.34348309999955,0.28344186,43,59,28
"curious","h","PM cue","",NA,NA,NA,"","[1.933867999992799]","['l']",0,NA,109,3,0,"Neutral",70.5,66,73,66,68,71,2.5,0,5,-2.5,1,2,"Neutral",0.9,0.851351351351351,1.06004123999955,1.34348309999955,0.28344186,43,59,28
"teacher","h","PM cue","",NA,NA,NA,"","[1.7003783000109252]","['h']",1,NA,109,3,1,"Neutral",70.5,66,73,66,68,71,2.5,0,5,-2.5,1,2,"Neutral",0.9,0.851351351351351,1.06004123999955,1.34348309999955,0.28344186,43,59,28
"bottle","h","PM cue","",NA,NA,NA,"","[0.8506373999989592]","['l']",0,NA,11,1,0,"Neutral",78,71,63,85,56,82,-15,14,11,-22,0,1,"Neutral",0.825,0.824324324324324,0.830069935898511,1.04088889166815,0.210818955769635,42,63,NA
"writer","h","PM cue","",NA,NA,NA,"","[1.0170610000059241, 2.201827900003991]","['d', 'h']",0,NA,11,1,1,"Neutral",78,71,63,85,56,82,-15,14,11,-22,0,1,"Neutral",0.825,0.824324324324324,0.830069935898511,1.04088889166815,0.210818955769635,42,63,NA
"event","h","PM cue","",NA,NA,NA,"","[1.6008549999969546]","['h']",1,NA,11,1,1,"Neutral",78,71,63,85,56,82,-15,14,11,-22,0,1,"Neutral",0.825,0.824324324324324,0.830069935898511,1.04088889166815,0.210818955769635,42,63,NA
"writer","h","PM cue","",NA,NA,NA,"","[1.2172947999933967]","['h']",1,NA,11,1,1,"Neutral",78,71,63,85,56,82,-15,14,11,-22,0,1,"Neutral",0.825,0.824324324324324,0.830069935898511,1.04088889166815,0.210818955769635,42,63,NA
"bottle","h","PM cue","",NA,NA,NA,"","[2.0668902000033995]","['d']",0,NA,11,1,0,"Neutral",78,71,63,85,56,82,-15,14,11,-22,0,1,"Neutral",0.825,0.824324324324324,0.830069935898511,1.04088889166815,0.210818955769635,42,63,NA
"event","h","PM cue","",NA,NA,NA,"","[1.33363370000734]","['h']",1,NA,11,1,1,"Neutral",78,71,63,85,56,82,-15,14,11,-22,0,1,"Neutral",0.825,0.824324324324324,0.830069935898511,1.04088889166815,0.210818955769635,42,63,NA
"detail","h","PM cue","",NA,NA,NA,"","[]","None",0,NA,110,2,0,"Neutral",63.5,28.5,53,31,52,31,-10.5,2.5,2.5,-11.5,1,2,"Neutral",0.8,0.635135135135135,1.05836216924199,1.38193650677271,0.323574337530727,48,64,25
"village","h","PM cue","",NA,NA,NA,"","[1.4340748999966308]","['l']",0,NA,110,2,0,"Neutral",63.5,28.5,53,31,52,31,-10.5,2.5,2.5,-11.5,0,2,"Neutral",0.8,0.635135135135135,1.05836216924199,1.38193650677271,0.323574337530727,48,64,25
"circle","h","PM cue","",NA,NA,NA,"","[1.50065469997935]","['d']",0,NA,110,2,0,"Neutral",63.5,28.5,53,31,52,31,-10.5,2.5,2.5,-11.5,0,2,"Neutral",0.8,0.635135135135135,1.05836216924199,1.38193650677271,0.323574337530727,48,64,25
"detail","h","PM cue","",NA,NA,NA,"","[1.167055100086145]","['d']",0,NA,110,2,0,"Neutral",63.5,28.5,53,31,52,31,-10.5,2.5,2.5,-11.5,1,2,"Neutral",0.8,0.635135135135135,1.05836216924199,1.38193650677271,0.323574337530727,48,64,25
"circle","h","PM cue","",NA,NA,NA,"","[1.2840313999913633]","['l']",0,NA,110,2,0,"Neutral",63.5,28.5,53,31,52,31,-10.5,2.5,2.5,-11.5,0,2,"Neutral",0.8,0.635135135135135,1.05836216924199,1.38193650677271,0.323574337530727,48,64,25
"village","h","PM cue","",NA,NA,NA,"","[1.0839653000002727]","['d']",0,NA,110,2,0,"Neutral",63.5,28.5,53,31,52,31,-10.5,2.5,2.5,-11.5,0,2,"Neutral",0.8,0.635135135135135,1.05836216924199,1.38193650677271,0.323574337530727,48,64,25
"bottle","h","PM cue","",NA,NA,NA,"","[0.6336633000173606]","['d']",0,NA,111,1,0,"Neutral",40,50.5,54,50,49,50,14,-0.5,-0.5,9,0,2,"Neutral",0.75,0.77027027027027,1.1588195299948,0.96520716376498,-0.193612366229818,38,74,27
"writer","h","PM cue","",NA,NA,NA,"","[1.0670991000370122]","['l']",0,NA,111,1,0,"Neutral",40,50.5,54,50,49,50,14,-0.5,-0.5,9,0,2,"Neutral",0.75,0.77027027027027,1.1588195299948,0.96520716376498,-0.193612366229818,38,74,27
"event","h","PM cue","",NA,NA,NA,"","[0.7840260000084527]","['l']",0,NA,111,1,0,"Neutral",40,50.5,54,50,49,50,14,-0.5,-0.5,9,1,2,"Neutral",0.75,0.77027027027027,1.1588195299948,0.96520716376498,-0.193612366229818,38,74,27
"writer","h","PM cue","",NA,NA,NA,"","[1.233637599973008]","['d']",0,NA,111,1,0,"Neutral",40,50.5,54,50,49,50,14,-0.5,-0.5,9,0,2,"Neutral",0.75,0.77027027027027,1.1588195299948,0.96520716376498,-0.193612366229818,38,74,27
"bottle","h","PM cue","",NA,NA,NA,"","[0.9337813999736682]","['d']",0,NA,111,1,0,"Neutral",40,50.5,54,50,49,50,14,-0.5,-0.5,9,0,2,"Neutral",0.75,0.77027027027027,1.1588195299948,0.96520716376498,-0.193612366229818,38,74,27
"event","h","PM cue","",NA,NA,NA,"","[1.4002928999834694]","['d']",0,NA,111,1,0,"Neutral",40,50.5,54,50,49,50,14,-0.5,-0.5,9,1,2,"Neutral",0.75,0.77027027027027,1.1588195299948,0.96520716376498,-0.193612366229818,38,74,27
"bottle","h","PM cue","",NA,NA,NA,"","[2.9167164999525994]","['h']",1,NA,112,1,1,"Neutral",61.5,48,50,51,51,52,-11.5,3,4,-10.5,1,2,"Neutral",0.95,0.932432432432432,0.867518747510621,1.17517354141621,0.307654793905593,45,73,29
"writer","h","PM cue","",NA,NA,NA,"","[2.4839120999677107]","['h']",1,NA,112,1,1,"Neutral",61.5,48,50,51,51,52,-11.5,3,4,-10.5,1,2,"Neutral",0.95,0.932432432432432,0.867518747510621,1.17517354141621,0.307654793905593,45,73,29
"event","h","PM cue","",NA,NA,NA,"","[0.9672926999628544]","['d']",0,NA,112,1,0,"Neutral",61.5,48,50,51,51,52,-11.5,3,4,-10.5,1,2,"Neutral",0.95,0.932432432432432,0.867518747510621,1.17517354141621,0.307654793905593,45,73,29
"writer","h","PM cue","",NA,NA,NA,"","[1.5338385000359267]","['h']",1,NA,112,1,1,"Neutral",61.5,48,50,51,51,52,-11.5,3,4,-10.5,1,2,"Neutral",0.95,0.932432432432432,0.867518747510621,1.17517354141621,0.307654793905593,45,73,29
"bottle","h","PM cue","",NA,NA,NA,"","[1.9501186000416055]","['h']",1,NA,112,1,1,"Neutral",61.5,48,50,51,51,52,-11.5,3,4,-10.5,1,2,"Neutral",0.95,0.932432432432432,0.867518747510621,1.17517354141621,0.307654793905593,45,73,29
"event","h","PM cue","",NA,NA,NA,"","[0.8003091999562457]","['l']",0,NA,112,1,0,"Neutral",61.5,48,50,51,51,52,-11.5,3,4,-10.5,1,2,"Neutral",0.95,0.932432432432432,0.867518747510621,1.17517354141621,0.307654793905593,45,73,29
"wagon","h","PM cue","",NA,NA,NA,"","[2.1339767000172287]","['h']",1,NA,113,3,1,"Neutral",69.5,58,79,37,84,68,9.5,-21,10,14.5,1,2,"Neutral",0.95,0.972972972972973,0.827748587152037,0.896717719439443,0.0689691322874059,32,77,25
"teacher","h","PM cue","",NA,NA,NA,"","[2.0003629999700934]","['h']",1,NA,113,3,1,"Neutral",69.5,58,79,37,84,68,9.5,-21,10,14.5,1,2,"Neutral",0.95,0.972972972972973,0.827748587152037,0.896717719439443,0.0689691322874059,32,77,25
"curious","h","PM cue","",NA,NA,NA,"","[0.8838592998217791]","['l']",0,NA,113,3,0,"Neutral",69.5,58,79,37,84,68,9.5,-21,10,14.5,1,2,"Neutral",0.95,0.972972972972973,0.827748587152037,0.896717719439443,0.0689691322874059,32,77,25
"wagon","h","PM cue","",NA,NA,NA,"","[1.7005461000371724]","['h']",1,NA,113,3,1,"Neutral",69.5,58,79,37,84,68,9.5,-21,10,14.5,1,2,"Neutral",0.95,0.972972972972973,0.827748587152037,0.896717719439443,0.0689691322874059,32,77,25
"curious","h","PM cue","",NA,NA,NA,"","[2.1168676000088453]","['h']",1,NA,113,3,1,"Neutral",69.5,58,79,37,84,68,9.5,-21,10,14.5,1,2,"Neutral",0.95,0.972972972972973,0.827748587152037,0.896717719439443,0.0689691322874059,32,77,25
"teacher","h","PM cue","",NA,NA,NA,"","[1.7339316001161933]","['h']",1,NA,113,3,1,"Neutral",69.5,58,79,37,84,68,9.5,-21,10,14.5,1,2,"Neutral",0.95,0.972972972972973,0.827748587152037,0.896717719439443,0.0689691322874059,32,77,25
"detail","h","PM cue","",NA,NA,NA,"","[1.7174494999926537]","['h']",1,NA,114,2,1,"Neutral",82,79.5,81,100,81,99,-1,20.5,19.5,-1,1,2,"Neutral",0.875,0.972972972972973,0.854109930002596,0.985701041881347,0.131591111878751,45,68,27
"village","h","PM cue","",NA,NA,NA,"","[1.4671940999105573]","['h']",1,NA,114,2,1,"Neutral",82,79.5,81,100,81,99,-1,20.5,19.5,-1,1,2,"Neutral",0.875,0.972972972972973,0.854109930002596,0.985701041881347,0.131591111878751,45,68,27
"circle","h","PM cue","",NA,NA,NA,"","[2.0005174999823794]","['h']",1,NA,114,2,1,"Neutral",82,79.5,81,100,81,99,-1,20.5,19.5,-1,1,2,"Neutral",0.875,0.972972972972973,0.854109930002596,0.985701041881347,0.131591111878751,45,68,27
"detail","h","PM cue","",NA,NA,NA,"","[2.26717279991135]","['h']",1,NA,114,2,1,"Neutral",82,79.5,81,100,81,99,-1,20.5,19.5,-1,1,2,"Neutral",0.875,0.972972972972973,0.854109930002596,0.985701041881347,0.131591111878751,45,68,27
"circle","h","PM cue","",NA,NA,NA,"","[1.8337425999343395]","['h']",1,NA,114,2,1,"Neutral",82,79.5,81,100,81,99,-1,20.5,19.5,-1,1,2,"Neutral",0.875,0.972972972972973,0.854109930002596,0.985701041881347,0.131591111878751,45,68,27
"village","h","PM cue","",NA,NA,NA,"","[1.4339041000930592]","['h']",1,NA,114,2,1,"Neutral",82,79.5,81,100,81,99,-1,20.5,19.5,-1,1,2,"Neutral",0.875,0.972972972972973,0.854109930002596,0.985701041881347,0.131591111878751,45,68,27
"wagon","h","PM cue","",NA,NA,NA,"","[1.067294100066647]","['h']",1,NA,115,3,1,"Neutral",82.5,90,86,87,86,92,3.5,-3,2,3.5,1,2,"Neutral",1,0.986486486486487,0.632170717488043,0.934199416207628,0.302028698719585,34,69,30
"teacher","h","PM cue","",NA,NA,NA,"","[1.4671370999421924]","['h']",1,NA,115,3,1,"Neutral",82.5,90,86,87,86,92,3.5,-3,2,3.5,1,2,"Neutral",1,0.986486486486487,0.632170717488043,0.934199416207628,0.302028698719585,34,69,30
"curious","h","PM cue","",NA,NA,NA,"","[1.9836933000478894]","['h']",1,NA,115,3,1,"Neutral",82.5,90,86,87,86,92,3.5,-3,2,3.5,1,2,"Neutral",1,0.986486486486487,0.632170717488043,0.934199416207628,0.302028698719585,34,69,30
"wagon","h","PM cue","",NA,NA,NA,"","[0.9505727000068873]","['h']",1,NA,115,3,1,"Neutral",82.5,90,86,87,86,92,3.5,-3,2,3.5,1,2,"Neutral",1,0.986486486486487,0.632170717488043,0.934199416207628,0.302028698719585,34,69,30
"curious","h","PM cue","",NA,NA,NA,"","[1.0501385999377817]","['h']",1,NA,115,3,1,"Neutral",82.5,90,86,87,86,92,3.5,-3,2,3.5,1,2,"Neutral",1,0.986486486486487,0.632170717488043,0.934199416207628,0.302028698719585,34,69,30
"teacher","h","PM cue","",NA,NA,NA,"","[0.9171567000448704]","['h']",1,NA,115,3,1,"Neutral",82.5,90,86,87,86,92,3.5,-3,2,3.5,1,2,"Neutral",1,0.986486486486487,0.632170717488043,0.934199416207628,0.302028698719585,34,69,30
"detail","h","PM cue","",NA,NA,NA,"","[]","None",0,NA,116,2,0,"Neutral",98,94.5,96,92,96,92,-2,-2.5,-2.5,-2,1,2,"Neutral",1,0.959459459459459,1.27430134102738,1.14785306389967,-0.126448277127705,22,53,29
"village","h","PM cue","",NA,NA,NA,"","[1.5836028999183327]","['h']",1,NA,116,2,1,"Neutral",98,94.5,96,92,96,92,-2,-2.5,-2.5,-2,1,2,"Neutral",1,0.959459459459459,1.27430134102738,1.14785306389967,-0.126448277127705,22,53,29
"circle","h","PM cue","",NA,NA,NA,"","[2.0007023999933153]","['h']",1,NA,116,2,1,"Neutral",98,94.5,96,92,96,92,-2,-2.5,-2.5,-2,0,2,"Neutral",1,0.959459459459459,1.27430134102738,1.14785306389967,-0.126448277127705,22,53,29
"detail","h","PM cue","",NA,NA,NA,"","[2.350569100002758]","['h']",1,NA,116,2,1,"Neutral",98,94.5,96,92,96,92,-2,-2.5,-2.5,-2,1,2,"Neutral",1,0.959459459459459,1.27430134102738,1.14785306389967,-0.126448277127705,22,53,29
"circle","h","PM cue","",NA,NA,NA,"","[1.2671487999614328]","['l']",0,NA,116,2,0,"Neutral",98,94.5,96,92,96,92,-2,-2.5,-2.5,-2,0,2,"Neutral",1,0.959459459459459,1.27430134102738,1.14785306389967,-0.126448277127705,22,53,29
"village","h","PM cue","",NA,NA,NA,"","[1.5339581000152975]","['h']",1,NA,116,2,1,"Neutral",98,94.5,96,92,96,92,-2,-2.5,-2.5,-2,1,2,"Neutral",1,0.959459459459459,1.27430134102738,1.14785306389967,-0.126448277127705,22,53,29
"bottle","h","PM cue","",NA,NA,NA,"","[2.150567799981218]","['h']",1,NA,117,1,1,"Neutral",77.5,25.5,90,19,84,24,12.5,-6.5,-1.5,6.5,1,2,"Neutral",0.975,0.891891891891892,0.871804476918605,1.00847498591724,0.136670508998632,33,50,27
"writer","h","PM cue","",NA,NA,NA,"","[1.7171247000223957]","['h']",1,NA,117,1,1,"Neutral",77.5,25.5,90,19,84,24,12.5,-6.5,-1.5,6.5,1,2,"Neutral",0.975,0.891891891891892,0.871804476918605,1.00847498591724,0.136670508998632,33,50,27
"event","h","PM cue","",NA,NA,NA,"","[2.4338708000141196]","['l']",0,NA,117,1,0,"Neutral",77.5,25.5,90,19,84,24,12.5,-6.5,-1.5,6.5,1,2,"Neutral",0.975,0.891891891891892,0.871804476918605,1.00847498591724,0.136670508998632,33,50,27
"writer","h","PM cue","",NA,NA,NA,"","[2.0507926999707706]","['h']",1,NA,117,1,1,"Neutral",77.5,25.5,90,19,84,24,12.5,-6.5,-1.5,6.5,1,2,"Neutral",0.975,0.891891891891892,0.871804476918605,1.00847498591724,0.136670508998632,33,50,27
"bottle","h","PM cue","",NA,NA,NA,"","[1.7671294000465423]","['h']",1,NA,117,1,1,"Neutral",77.5,25.5,90,19,84,24,12.5,-6.5,-1.5,6.5,1,2,"Neutral",0.975,0.891891891891892,0.871804476918605,1.00847498591724,0.136670508998632,33,50,27
"event","h","PM cue","",NA,NA,NA,"","[2.1664901000331156]","['h']",1,NA,117,1,1,"Neutral",77.5,25.5,90,19,84,24,12.5,-6.5,-1.5,6.5,1,2,"Neutral",0.975,0.891891891891892,0.871804476918605,1.00847498591724,0.136670508998632,33,50,27
"bottle","h","PM cue","",NA,NA,NA,"","[1.1006961000384763]","['l']",0,NA,118,1,0,"Neutral",70,71,88,75,87,69,18,4,-2,17,1,2,"Neutral",0.85,0.945945945945946,0.9898109000015,1.05683730293223,0.0670264029307281,44,77,31
"writer","h","PM cue","",NA,NA,NA,"","[1.2336522000841796]","['l']",0,NA,118,1,0,"Neutral",70,71,88,75,87,69,18,4,-2,17,1,2,"Neutral",0.85,0.945945945945946,0.9898109000015,1.05683730293223,0.0670264029307281,44,77,31
"event","h","PM cue","",NA,NA,NA,"","[1.267394799971953]","['l']",0,NA,118,1,0,"Neutral",70,71,88,75,87,69,18,4,-2,17,1,2,"Neutral",0.85,0.945945945945946,0.9898109000015,1.05683730293223,0.0670264029307281,44,77,31
"writer","h","PM cue","",NA,NA,NA,"","[0.8006732000503689]","['l']",0,NA,118,1,0,"Neutral",70,71,88,75,87,69,18,4,-2,17,1,2,"Neutral",0.85,0.945945945945946,0.9898109000015,1.05683730293223,0.0670264029307281,44,77,31
"bottle","h","PM cue","",NA,NA,NA,"","[1.6835659000789747]","['l']",0,NA,118,1,0,"Neutral",70,71,88,75,87,69,18,4,-2,17,1,2,"Neutral",0.85,0.945945945945946,0.9898109000015,1.05683730293223,0.0670264029307281,44,77,31
"event","h","PM cue","",NA,NA,NA,"","[1.4670160000678152]","['l']",0,NA,118,1,0,"Neutral",70,71,88,75,87,69,18,4,-2,17,1,2,"Neutral",0.85,0.945945945945946,0.9898109000015,1.05683730293223,0.0670264029307281,44,77,31
"wagon","h","PM cue","",NA,NA,NA,"","[2.4505340000614524]","['l']",0,NA,119,3,0,"Neutral",88,26.5,91,30,90,18,3,3.5,-8.5,2,1,2,"Neutral",0.975,0.959459459459459,1.12111802499858,1.28794989154123,0.166831866542655,25,NA,31
"teacher","h","PM cue","",NA,NA,NA,"","[1.5837540000211447]","['l']",0,NA,119,3,0,"Neutral",88,26.5,91,30,90,18,3,3.5,-8.5,2,1,2,"Neutral",0.975,0.959459459459459,1.12111802499858,1.28794989154123,0.166831866542655,25,NA,31
"curious","h","PM cue","",NA,NA,NA,"","[1.850432900013402, 2.4837764999829233]","['l', 'h']",0,NA,119,3,1,"Neutral",88,26.5,91,30,90,18,3,3.5,-8.5,2,1,2,"Neutral",0.975,0.959459459459459,1.12111802499858,1.28794989154123,0.166831866542655,25,NA,31
"wagon","h","PM cue","",NA,NA,NA,"","[1.733906399924308, 2.3668833998963237]","['l', 'h']",0,NA,119,3,1,"Neutral",88,26.5,91,30,90,18,3,3.5,-8.5,2,1,2,"Neutral",0.975,0.959459459459459,1.12111802499858,1.28794989154123,0.166831866542655,25,NA,31
"curious","h","PM cue","",NA,NA,NA,"","[1.5339346998371184, 2.1339736999943852]","['l', 'h']",0,NA,119,3,1,"Neutral",88,26.5,91,30,90,18,3,3.5,-8.5,2,1,2,"Neutral",0.975,0.959459459459459,1.12111802499858,1.28794989154123,0.166831866542655,25,NA,31
"teacher","h","PM cue","",NA,NA,NA,"","[2.4171684999018908]","['l']",0,NA,119,3,0,"Neutral",88,26.5,91,30,90,18,3,3.5,-8.5,2,1,2,"Neutral",0.975,0.959459459459459,1.12111802499858,1.28794989154123,0.166831866542655,25,NA,31
"bottle","h","PM cue","",NA,NA,NA,"","[1.3006584999966435]","['h']",1,NA,12,1,1,"Neutral",50.5,89,56,83,44,80,5.5,-6,-9,-6.5,1,1,"Neutral",0.95,0.918918918918919,0.82030338999939,1.13687593561588,0.316572545616494,47,88,NA
"writer","h","PM cue","",NA,NA,NA,"","[1.68351299999631]","['h']",1,NA,12,1,1,"Neutral",50.5,89,56,83,44,80,5.5,-6,-9,-6.5,1,1,"Neutral",0.95,0.918918918918919,0.82030338999939,1.13687593561588,0.316572545616494,47,88,NA
"event","h","PM cue","",NA,NA,NA,"","[1.3670780999964336]","['h']",1,NA,12,1,1,"Neutral",50.5,89,56,83,44,80,5.5,-6,-9,-6.5,1,1,"Neutral",0.95,0.918918918918919,0.82030338999939,1.13687593561588,0.316572545616494,47,88,NA
"writer","h","PM cue","",NA,NA,NA,"","[1.3837389999971492]","['h']",1,NA,12,1,1,"Neutral",50.5,89,56,83,44,80,5.5,-6,-9,-6.5,1,1,"Neutral",0.95,0.918918918918919,0.82030338999939,1.13687593561588,0.316572545616494,47,88,NA
"bottle","h","PM cue","",NA,NA,NA,"","[1.2336550999898463]","['h']",1,NA,12,1,1,"Neutral",50.5,89,56,83,44,80,5.5,-6,-9,-6.5,1,1,"Neutral",0.95,0.918918918918919,0.82030338999939,1.13687593561588,0.316572545616494,47,88,NA
"event","h","PM cue","",NA,NA,NA,"","[2.016934500003117]","['h']",1,NA,12,1,1,"Neutral",50.5,89,56,83,44,80,5.5,-6,-9,-6.5,1,1,"Neutral",0.95,0.918918918918919,0.82030338999939,1.13687593561588,0.316572545616494,47,88,NA
"detail","h","PM cue","",NA,NA,NA,"","[1.1672828998416662]","['l']",0,NA,120,2,0,"Neutral",61,40.5,61,39,50,60,0,-1.5,19.5,-11,1,2,"Neutral",1,0.986486486486487,1.02796766000101,1.08103340676973,0.0530657467687174,43,73,27
"village","h","PM cue","",NA,NA,NA,"","[2.617181899957359]","['h']",1,NA,120,2,1,"Neutral",61,40.5,61,39,50,60,0,-1.5,19.5,-11,1,2,"Neutral",1,0.986486486486487,1.02796766000101,1.08103340676973,0.0530657467687174,43,73,27
"circle","h","PM cue","",NA,NA,NA,"","[1.0008048000745475]","['l']",0,NA,120,2,0,"Neutral",61,40.5,61,39,50,60,0,-1.5,19.5,-11,1,2,"Neutral",1,0.986486486486487,1.02796766000101,1.08103340676973,0.0530657467687174,43,73,27
"detail","h","PM cue","",NA,NA,NA,"","[1.7998701999895275]","['h']",1,NA,120,2,1,"Neutral",61,40.5,61,39,50,60,0,-1.5,19.5,-11,1,2,"Neutral",1,0.986486486486487,1.02796766000101,1.08103340676973,0.0530657467687174,43,73,27
"circle","h","PM cue","",NA,NA,NA,"","[2.0503851000685245]","['h']",1,NA,120,2,1,"Neutral",61,40.5,61,39,50,60,0,-1.5,19.5,-11,1,2,"Neutral",1,0.986486486486487,1.02796766000101,1.08103340676973,0.0530657467687174,43,73,27
"village","h","PM cue","",NA,NA,NA,"","[1.716923899948597]","['h']",1,NA,120,2,1,"Neutral",61,40.5,61,39,50,60,0,-1.5,19.5,-11,1,2,"Neutral",1,0.986486486486487,1.02796766000101,1.08103340676973,0.0530657467687174,43,73,27
"wagon","h","PM cue","",NA,NA,NA,"","[2.200511100003496]","['h']",1,NA,121,3,1,"Neutral",90.5,81.5,89,89,88,70,-1.5,7.5,-11.5,-2.5,1,2,"Neutral",0.875,0.810810810810811,0.973801902530249,1.0506680835587,0.0768661810284518,29,46,30
"teacher","h","PM cue","",NA,NA,NA,"","[1.4173420001752675]","['h']",1,NA,121,3,1,"Neutral",90.5,81.5,89,89,88,70,-1.5,7.5,-11.5,-2.5,1,2,"Neutral",0.875,0.810810810810811,0.973801902530249,1.0506680835587,0.0768661810284518,29,46,30
"curious","h","PM cue","",NA,NA,NA,"","[1.2342121999245137]","['h']",1,NA,121,3,1,"Neutral",90.5,81.5,89,89,88,70,-1.5,7.5,-11.5,-2.5,1,2,"Neutral",0.875,0.810810810810811,0.973801902530249,1.0506680835587,0.0768661810284518,29,46,30
"wagon","h","PM cue","",NA,NA,NA,"","[1.31702799978666]","['h']",1,NA,121,3,1,"Neutral",90.5,81.5,89,89,88,70,-1.5,7.5,-11.5,-2.5,1,2,"Neutral",0.875,0.810810810810811,0.973801902530249,1.0506680835587,0.0768661810284518,29,46,30
"curious","h","PM cue","",NA,NA,NA,"","[1.3498949999921024]","['h']",1,NA,121,3,1,"Neutral",90.5,81.5,89,89,88,70,-1.5,7.5,-11.5,-2.5,1,2,"Neutral",0.875,0.810810810810811,0.973801902530249,1.0506680835587,0.0768661810284518,29,46,30
"teacher","h","PM cue","",NA,NA,NA,"","[1.883927799994126]","['h']",1,NA,121,3,1,"Neutral",90.5,81.5,89,89,88,70,-1.5,7.5,-11.5,-2.5,1,2,"Neutral",0.875,0.810810810810811,0.973801902530249,1.0506680835587,0.0768661810284518,29,46,30
"detail","h","PM cue","",NA,NA,NA,"","[0.8173126000037882]","['l']",0,NA,122,2,0,"Neutral",73,39,77,35,64,37,4,-4,-2,-9,1,2,"Neutral",0.95,0.905405405405405,0.80320934250085,0.956035291548559,0.15282594904771,35,70,30
"village","h","PM cue","",NA,NA,NA,"","[2.06655000000319]","['h']",1,NA,122,2,1,"Neutral",73,39,77,35,64,37,4,-4,-2,-9,0,2,"Neutral",0.95,0.905405405405405,0.80320934250085,0.956035291548559,0.15282594904771,35,70,30
"circle","h","PM cue","",NA,NA,NA,"","[0.950385300006019]","['l']",0,NA,122,2,0,"Neutral",73,39,77,35,64,37,4,-4,-2,-9,1,2,"Neutral",0.95,0.905405405405405,0.80320934250085,0.956035291548559,0.15282594904771,35,70,30
"detail","h","PM cue","",NA,NA,NA,"","[0.9006768000108423]","['l']",0,NA,122,2,0,"Neutral",73,39,77,35,64,37,4,-4,-2,-9,1,2,"Neutral",0.95,0.905405405405405,0.80320934250085,0.956035291548559,0.15282594904771,35,70,30
"circle","h","PM cue","",NA,NA,NA,"","[0.9839472000021487]","['l']",0,NA,122,2,0,"Neutral",73,39,77,35,64,37,4,-4,-2,-9,1,2,"Neutral",0.95,0.905405405405405,0.80320934250085,0.956035291548559,0.15282594904771,35,70,30
"village","h","PM cue","",NA,NA,NA,"","[]","None",0,NA,122,2,0,"Neutral",73,39,77,35,64,37,4,-4,-2,-9,0,2,"Neutral",0.95,0.905405405405405,0.80320934250085,0.956035291548559,0.15282594904771,35,70,30
"bottle","h","PM cue","",NA,NA,NA,"","[1.4172592000104487]","['h']",1,NA,123,1,1,"Neutral",75.5,41,52,43,72,69,-23.5,2,28,-3.5,1,2,"Neutral",0.95,0.959459459459459,0.732561029994395,0.922180598652041,0.189619568657646,36,55,30
"writer","h","PM cue","",NA,NA,NA,"","[1.6004790998995304]","['h']",1,NA,123,1,1,"Neutral",75.5,41,52,43,72,69,-23.5,2,28,-3.5,0,2,"Neutral",0.95,0.959459459459459,0.732561029994395,0.922180598652041,0.189619568657646,36,55,30
"event","h","PM cue","",NA,NA,NA,"","[1.7337657001335174]","['h']",1,NA,123,1,1,"Neutral",75.5,41,52,43,72,69,-23.5,2,28,-3.5,1,2,"Neutral",0.95,0.959459459459459,0.732561029994395,0.922180598652041,0.189619568657646,36,55,30
"writer","h","PM cue","",NA,NA,NA,"","[1.633685200009495]","['h']",1,NA,123,1,1,"Neutral",75.5,41,52,43,72,69,-23.5,2,28,-3.5,0,2,"Neutral",0.95,0.959459459459459,0.732561029994395,0.922180598652041,0.189619568657646,36,55,30
"bottle","h","PM cue","",NA,NA,NA,"","[1.51692990004085]","['h']",1,NA,123,1,1,"Neutral",75.5,41,52,43,72,69,-23.5,2,28,-3.5,1,2,"Neutral",0.95,0.959459459459459,0.732561029994395,0.922180598652041,0.189619568657646,36,55,30
"event","h","PM cue","",NA,NA,NA,"","[1.4841845999471843]","['h']",1,NA,123,1,1,"Neutral",75.5,41,52,43,72,69,-23.5,2,28,-3.5,1,2,"Neutral",0.95,0.959459459459459,0.732561029994395,0.922180598652041,0.189619568657646,36,55,30
"wagon","h","PM cue","",NA,NA,NA,"","[1.88363370008301]","['l']",0,NA,124,3,0,"Neutral",86.5,77.5,88,80,85,81,1.5,2.5,3.5,-1.5,1,2,"Neutral",0.8,0.891891891891892,0.824610265006777,0.85761574323673,0.0330054782299526,54,76,26
"teacher","h","PM cue","",NA,NA,NA,"","[1.0839033001102507]","['l']",0,NA,124,3,0,"Neutral",86.5,77.5,88,80,85,81,1.5,2.5,3.5,-1.5,0,2,"Neutral",0.8,0.891891891891892,0.824610265006777,0.85761574323673,0.0330054782299526,54,76,26
"curious","h","PM cue","",NA,NA,NA,"","[1.2671361999819055]","['l']",0,NA,124,3,0,"Neutral",86.5,77.5,88,80,85,81,1.5,2.5,3.5,-1.5,1,2,"Neutral",0.8,0.891891891891892,0.824610265006777,0.85761574323673,0.0330054782299526,54,76,26
"wagon","h","PM cue","",NA,NA,NA,"","[0.6671719000441954]","['d']",0,NA,124,3,0,"Neutral",86.5,77.5,88,80,85,81,1.5,2.5,3.5,-1.5,1,2,"Neutral",0.8,0.891891891891892,0.824610265006777,0.85761574323673,0.0330054782299526,54,76,26
"curious","h","PM cue","",NA,NA,NA,"","[1.2835385999642313]","['d']",0,NA,124,3,0,"Neutral",86.5,77.5,88,80,85,81,1.5,2.5,3.5,-1.5,1,2,"Neutral",0.8,0.891891891891892,0.824610265006777,0.85761574323673,0.0330054782299526,54,76,26
"teacher","h","PM cue","",NA,NA,NA,"","[1.0336801999947056]","['d']",0,NA,124,3,0,"Neutral",86.5,77.5,88,80,85,81,1.5,2.5,3.5,-1.5,0,2,"Neutral",0.8,0.891891891891892,0.824610265006777,0.85761574323673,0.0330054782299526,54,76,26
"detail","h","PM cue","",NA,NA,NA,"","[1.9003116998355836]","['h']",1,NA,125,2,1,"Neutral",99.5,93,99,99,99,98,-0.5,6,5,-0.5,1,2,"Neutral",0.975,0.945945945945946,0.864598960542169,1.0100189597126,0.14541999917043,25,58,30
"village","h","PM cue","",NA,NA,NA,"","[1.583630499895662]","['h']",1,NA,125,2,1,"Neutral",99.5,93,99,99,99,98,-0.5,6,5,-0.5,1,2,"Neutral",0.975,0.945945945945946,0.864598960542169,1.0100189597126,0.14541999917043,25,58,30
"circle","h","PM cue","",NA,NA,NA,"","[2.2836354000028223]","['h']",1,NA,125,2,1,"Neutral",99.5,93,99,99,99,98,-0.5,6,5,-0.5,1,2,"Neutral",0.975,0.945945945945946,0.864598960542169,1.0100189597126,0.14541999917043,25,58,30
"detail","h","PM cue","",NA,NA,NA,"","[1.6503846000414342]","['h']",1,NA,125,2,1,"Neutral",99.5,93,99,99,99,98,-0.5,6,5,-0.5,1,2,"Neutral",0.975,0.945945945945946,0.864598960542169,1.0100189597126,0.14541999917043,25,58,30
"circle","h","PM cue","",NA,NA,NA,"","[1.6836117000784725]","['h']",1,NA,125,2,1,"Neutral",99.5,93,99,99,99,98,-0.5,6,5,-0.5,1,2,"Neutral",0.975,0.945945945945946,0.864598960542169,1.0100189597126,0.14541999917043,25,58,30
"village","h","PM cue","",NA,NA,NA,"","[1.6339706000871956]","['h']",1,NA,125,2,1,"Neutral",99.5,93,99,99,99,98,-0.5,6,5,-0.5,1,2,"Neutral",0.975,0.945945945945946,0.864598960542169,1.0100189597126,0.14541999917043,25,58,30
"bottle","h","PM cue","",NA,NA,NA,"","[]","None",0,NA,126,1,0,"Neutral",67.5,51,49,51,49,53,-18.5,0,2,-18.5,0,2,"Neutral",0.925,0.891891891891892,1.14914208974462,1.17866745587911,0.0295253661344848,51,67,29
"writer","h","PM cue","",NA,NA,NA,"","[2.8502374999807216]","['h']",1,NA,126,1,1,"Neutral",67.5,51,49,51,49,53,-18.5,0,2,-18.5,0,2,"Neutral",0.925,0.891891891891892,1.14914208974462,1.17866745587911,0.0295253661344848,51,67,29
"event","h","PM cue","",NA,NA,NA,"","[2.650306899973657]","['l']",0,NA,126,1,0,"Neutral",67.5,51,49,51,49,53,-18.5,0,2,-18.5,0,2,"Neutral",0.925,0.891891891891892,1.14914208974462,1.17866745587911,0.0295253661344848,51,67,29
"writer","h","PM cue","",NA,NA,NA,"","[2.367338699987158]","['h']",1,NA,126,1,1,"Neutral",67.5,51,49,51,49,53,-18.5,0,2,-18.5,0,2,"Neutral",0.925,0.891891891891892,1.14914208974462,1.17866745587911,0.0295253661344848,51,67,29
"bottle","h","PM cue","",NA,NA,NA,"","[1.9499035999760963]","['h']",1,NA,126,1,1,"Neutral",67.5,51,49,51,49,53,-18.5,0,2,-18.5,0,2,"Neutral",0.925,0.891891891891892,1.14914208974462,1.17866745587911,0.0295253661344848,51,67,29
"event","h","PM cue","",NA,NA,NA,"","[1.2511215999838896]","['l']",0,NA,126,1,0,"Neutral",67.5,51,49,51,49,53,-18.5,0,2,-18.5,0,2,"Neutral",0.925,0.891891891891892,1.14914208974462,1.17866745587911,0.0295253661344848,51,67,29
"wagon","h","PM cue","",NA,NA,NA,"","[2.049864999949932]","['l']",0,NA,127,3,0,"Neutral",91.5,29,86,30,71,50,-5.5,1,21,-20.5,1,2,"Neutral",1,1,0.7424907275039,1.09725763378476,0.35476690628086,40,81,30
"teacher","h","PM cue","",NA,NA,NA,"","[2.0502663999795914, 2.616918300045654]","['h', 'l']",1,NA,127,3,1,"Neutral",91.5,29,86,30,71,50,-5.5,1,21,-20.5,1,2,"Neutral",1,1,0.7424907275039,1.09725763378476,0.35476690628086,40,81,30
"curious","h","PM cue","",NA,NA,NA,"","[1.6003324000630528]","['h']",1,NA,127,3,1,"Neutral",91.5,29,86,30,71,50,-5.5,1,21,-20.5,0,2,"Neutral",1,1,0.7424907275039,1.09725763378476,0.35476690628086,40,81,30
"wagon","h","PM cue","",NA,NA,NA,"","[1.8003231999464333]","['l']",0,NA,127,3,0,"Neutral",91.5,29,86,30,71,50,-5.5,1,21,-20.5,1,2,"Neutral",1,1,0.7424907275039,1.09725763378476,0.35476690628086,40,81,30
"curious","h","PM cue","",NA,NA,NA,"","[1.5337157999165356]","['h']",1,NA,127,3,1,"Neutral",91.5,29,86,30,71,50,-5.5,1,21,-20.5,0,2,"Neutral",1,1,0.7424907275039,1.09725763378476,0.35476690628086,40,81,30
"teacher","h","PM cue","",NA,NA,NA,"","[2.250238800072111]","['h']",1,NA,127,3,1,"Neutral",91.5,29,86,30,71,50,-5.5,1,21,-20.5,1,2,"Neutral",1,1,0.7424907275039,1.09725763378476,0.35476690628086,40,81,30
"detail","h","PM cue","",NA,NA,NA,"","[2.4004986002109945]","['d']",0,NA,128,2,0,"Neutral",51.5,40.5,47,30,49,30,-4.5,-10.5,-10.5,-2.5,1,2,"Neutral",0.775,0.77027027027027,1.03683730525479,1.17192860570004,0.135091300445252,53,78,31
"village","h","PM cue","",NA,NA,NA,"","[1.267301500076428, 2.017026799963787]","['d', 'h']",0,NA,128,2,1,"Neutral",51.5,40.5,47,30,49,30,-4.5,-10.5,-10.5,-2.5,1,2,"Neutral",0.775,0.77027027027027,1.03683730525479,1.17192860570004,0.135091300445252,53,78,31
"circle","h","PM cue","",NA,NA,NA,"","[2.650241700001061]","['h']",1,NA,128,2,1,"Neutral",51.5,40.5,47,30,49,30,-4.5,-10.5,-10.5,-2.5,1,2,"Neutral",0.775,0.77027027027027,1.03683730525479,1.17192860570004,0.135091300445252,53,78,31
"detail","h","PM cue","",NA,NA,NA,"","[1.200395500054583]","['d']",0,NA,128,2,0,"Neutral",51.5,40.5,47,30,49,30,-4.5,-10.5,-10.5,-2.5,1,2,"Neutral",0.775,0.77027027027027,1.03683730525479,1.17192860570004,0.135091300445252,53,78,31
"circle","h","PM cue","",NA,NA,NA,"","[1.8172870997805148]","['h']",1,NA,128,2,1,"Neutral",51.5,40.5,47,30,49,30,-4.5,-10.5,-10.5,-2.5,1,2,"Neutral",0.775,0.77027027027027,1.03683730525479,1.17192860570004,0.135091300445252,53,78,31
"village","h","PM cue","",NA,NA,NA,"","[1.1669474998489022]","['h']",1,NA,128,2,1,"Neutral",51.5,40.5,47,30,49,30,-4.5,-10.5,-10.5,-2.5,1,2,"Neutral",0.775,0.77027027027027,1.03683730525479,1.17192860570004,0.135091300445252,53,78,31
"bottle","h","PM cue","",NA,NA,NA,"","[]","None",0,NA,129,1,0,"Neutral",92,48,91,52,93,48,-1,4,0,1,1,2,"Neutral",0.95,0.905405405405405,0.984220340003958,1.02490820547834,0.0406878654743794,20,66,29
"writer","h","PM cue","",NA,NA,NA,"","[1.517161300056614]","['h']",1,NA,129,1,1,"Neutral",92,48,91,52,93,48,-1,4,0,1,1,2,"Neutral",0.95,0.905405405405405,0.984220340003958,1.02490820547834,0.0406878654743794,20,66,29
"event","h","PM cue","",NA,NA,NA,"","[0.9665958000114188]","['d']",0,NA,129,1,0,"Neutral",92,48,91,52,93,48,-1,4,0,1,1,2,"Neutral",0.95,0.905405405405405,0.984220340003958,1.02490820547834,0.0406878654743794,20,66,29
"writer","h","PM cue","",NA,NA,NA,"","[1.4172318999189883]","['h']",1,NA,129,1,1,"Neutral",92,48,91,52,93,48,-1,4,0,1,1,2,"Neutral",0.95,0.905405405405405,0.984220340003958,1.02490820547834,0.0406878654743794,20,66,29
"bottle","h","PM cue","",NA,NA,NA,"","[1.9004596999147907]","['h']",1,NA,129,1,1,"Neutral",92,48,91,52,93,48,-1,4,0,1,1,2,"Neutral",0.95,0.905405405405405,0.984220340003958,1.02490820547834,0.0406878654743794,20,66,29
"event","h","PM cue","",NA,NA,NA,"","[1.6337239999556914]","['l']",0,NA,129,1,0,"Neutral",92,48,91,52,93,48,-1,4,0,1,1,2,"Neutral",0.95,0.905405405405405,0.984220340003958,1.02490820547834,0.0406878654743794,20,66,29
"wagon","h","PM cue","",NA,NA,NA,"","[1.0839285000693053]","['h']",1,NA,13,3,1,"Neutral",68,59.5,71,65,82,64,3,5.5,4.5,14,1,1,"Neutral",1,0.972972972972973,0.814604825008428,0.892752624687752,0.0781477996793238,47,78,NA
"teacher","h","PM cue","",NA,NA,NA,"","[1.0838093999773264]","['h']",1,NA,13,3,1,"Neutral",68,59.5,71,65,82,64,3,5.5,4.5,14,1,1,"Neutral",1,0.972972972972973,0.814604825008428,0.892752624687752,0.0781477996793238,47,78,NA
"curious","h","PM cue","",NA,NA,NA,"","[1.5670293997973204]","['h']",1,NA,13,3,1,"Neutral",68,59.5,71,65,82,64,3,5.5,4.5,14,1,1,"Neutral",1,0.972972972972973,0.814604825008428,0.892752624687752,0.0781477996793238,47,78,NA
"wagon","h","PM cue","",NA,NA,NA,"","[1.5506920001935214]","['d']",0,NA,13,3,0,"Neutral",68,59.5,71,65,82,64,3,5.5,4.5,14,1,1,"Neutral",1,0.972972972972973,0.814604825008428,0.892752624687752,0.0781477996793238,47,78,NA
"curious","h","PM cue","",NA,NA,NA,"","[1.3503662999719381]","['h']",1,NA,13,3,1,"Neutral",68,59.5,71,65,82,64,3,5.5,4.5,14,1,1,"Neutral",1,0.972972972972973,0.814604825008428,0.892752624687752,0.0781477996793238,47,78,NA
"teacher","h","PM cue","",NA,NA,NA,"","[1.3502867000643164]","['h']",1,NA,13,3,1,"Neutral",68,59.5,71,65,82,64,3,5.5,4.5,14,1,1,"Neutral",1,0.972972972972973,0.814604825008428,0.892752624687752,0.0781477996793238,47,78,NA
"bottle","h","PM cue","",NA,NA,NA,"","[]","None",0,NA,130,1,0,"Neutral",91.5,68.5,90,68,74,48,-1.5,-0.5,-20.5,-17.5,0,2,"Neutral",0.975,0.972972972972973,0.832238747505471,1.14751916712354,0.31528041961807,40,78,30
"writer","h","PM cue","",NA,NA,NA,"","[2.1006184000289068]","['h']",1,NA,130,1,1,"Neutral",91.5,68.5,90,68,74,48,-1.5,-0.5,-20.5,-17.5,1,2,"Neutral",0.975,0.972972972972973,0.832238747505471,1.14751916712354,0.31528041961807,40,78,30
"event","h","PM cue","",NA,NA,NA,"","[1.4334301999770105]","['h']",1,NA,130,1,1,"Neutral",91.5,68.5,90,68,74,48,-1.5,-0.5,-20.5,-17.5,1,2,"Neutral",0.975,0.972972972972973,0.832238747505471,1.14751916712354,0.31528041961807,40,78,30
"writer","h","PM cue","",NA,NA,NA,"","[1.4009213999379426]","['h']",1,NA,130,1,1,"Neutral",91.5,68.5,90,68,74,48,-1.5,-0.5,-20.5,-17.5,1,2,"Neutral",0.975,0.972972972972973,0.832238747505471,1.14751916712354,0.31528041961807,40,78,30
"bottle","h","PM cue","",NA,NA,NA,"","[1.3836667999858037]","['l']",0,NA,130,1,0,"Neutral",91.5,68.5,90,68,74,48,-1.5,-0.5,-20.5,-17.5,0,2,"Neutral",0.975,0.972972972972973,0.832238747505471,1.14751916712354,0.31528041961807,40,78,30
"event","h","PM cue","",NA,NA,NA,"","[1.5339846999850124]","['h']",1,NA,130,1,1,"Neutral",91.5,68.5,90,68,74,48,-1.5,-0.5,-20.5,-17.5,1,2,"Neutral",0.975,0.972972972972973,0.832238747505471,1.14751916712354,0.31528041961807,40,78,30
"wagon","h","PM cue","",NA,NA,NA,"","[1.6504499999573454, 2.083671999978833]","['d', 'h']",0,NA,131,1,1,"Neutral",91,NA,93,NA,91,NA,2,NA,NA,0,1,2,"Neutral",0.925,0.945945945945946,0.900863434994244,0.898617770272697,-0.00224566472154675,31,65,28
"teacher","h","PM cue","",NA,NA,NA,"","[0.9671990999486297, 1.9169805999845266]","['d', 'h']",0,NA,131,1,1,"Neutral",91,NA,93,NA,91,NA,2,NA,NA,0,1,2,"Neutral",0.925,0.945945945945946,0.900863434994244,0.898617770272697,-0.00224566472154675,31,65,28
"curious","h","PM cue","",NA,NA,NA,"","[1.6170604000799358, 2.866910499986261]","['d', 'h']",0,NA,131,1,1,"Neutral",91,NA,93,NA,91,NA,2,NA,NA,0,1,2,"Neutral",0.925,0.945945945945946,0.900863434994244,0.898617770272697,-0.00224566472154675,31,65,28
"wagon","h","PM cue","",NA,NA,NA,"","[1.1003638000693172, 2.2168048000894487]","['d', 'h']",0,NA,131,1,1,"Neutral",91,NA,93,NA,91,NA,2,NA,NA,0,1,2,"Neutral",0.925,0.945945945945946,0.900863434994244,0.898617770272697,-0.00224566472154675,31,65,28
"curious","h","PM cue","",NA,NA,NA,"","[1.0337151000276208, 1.950319700059481]","['d', 'h']",0,NA,131,1,1,"Neutral",91,NA,93,NA,91,NA,2,NA,NA,0,1,2,"Neutral",0.925,0.945945945945946,0.900863434994244,0.898617770272697,-0.00224566472154675,31,65,28
"teacher","h","PM cue","",NA,NA,NA,"","[1.033670699922368, 1.4667744999751449]","['d', 'h']",0,NA,131,1,1,"Neutral",91,NA,93,NA,91,NA,2,NA,NA,0,1,2,"Neutral",0.925,0.945945945945946,0.900863434994244,0.898617770272697,-0.00224566472154675,31,65,28
"detail","h","PM cue","",NA,NA,NA,"","[2.7002759000024525]","['h']",1,NA,132,2,1,"Neutral",52.5,58,51,48,57,50,-1.5,-10,-8,4.5,1,2,"Neutral",0.925,0.932432432432432,1.0252217324309,1.28694951891894,0.261727786488041,44,73,29
"village","h","PM cue","",NA,NA,NA,"","[2.1336218000069493]","['h']",1,NA,132,2,1,"Neutral",52.5,58,51,48,57,50,-1.5,-10,-8,4.5,1,2,"Neutral",0.925,0.932432432432432,1.0252217324309,1.28694951891894,0.261727786488041,44,73,29
"circle","h","PM cue","",NA,NA,NA,"","[2.683714600003441]","['h']",1,NA,132,2,1,"Neutral",52.5,58,51,48,57,50,-1.5,-10,-8,4.5,1,2,"Neutral",0.925,0.932432432432432,1.0252217324309,1.28694951891894,0.261727786488041,44,73,29
"detail","h","PM cue","",NA,NA,NA,"","[2.5338577999937115]","['h']",1,NA,132,2,1,"Neutral",52.5,58,51,48,57,50,-1.5,-10,-8,4.5,1,2,"Neutral",0.925,0.932432432432432,1.0252217324309,1.28694951891894,0.261727786488041,44,73,29
"circle","h","PM cue","",NA,NA,NA,"","[2.3501607999933185]","['h']",1,NA,132,2,1,"Neutral",52.5,58,51,48,57,50,-1.5,-10,-8,4.5,1,2,"Neutral",0.925,0.932432432432432,1.0252217324309,1.28694951891894,0.261727786488041,44,73,29
"village","h","PM cue","",NA,NA,NA,"","[1.8003557000047294]","['h']",1,NA,132,2,1,"Neutral",52.5,58,51,48,57,50,-1.5,-10,-8,4.5,1,2,"Neutral",0.925,0.932432432432432,1.0252217324309,1.28694951891894,0.261727786488041,44,73,29
"wagon","h","PM cue","",NA,NA,NA,"","[2.8163391000125557]","['l']",0,NA,133,3,0,"Neutral",69.5,49,72,53,76,46,2.5,4,-3,6.5,1,2,"Neutral",0.975,0.972972972972973,1.2222207589672,1.28034929576179,0.0581285367945932,20,86,28
"teacher","h","PM cue","",NA,NA,NA,"","[1.616933900048025]","['l']",0,NA,133,3,0,"Neutral",69.5,49,72,53,76,46,2.5,4,-3,6.5,1,2,"Neutral",0.975,0.972972972972973,1.2222207589672,1.28034929576179,0.0581285367945932,20,86,28
"curious","h","PM cue","",NA,NA,NA,"","[1.500504900002852]","['l']",0,NA,133,3,0,"Neutral",69.5,49,72,53,76,46,2.5,4,-3,6.5,1,2,"Neutral",0.975,0.972972972972973,1.2222207589672,1.28034929576179,0.0581285367945932,20,86,28
"wagon","h","PM cue","",NA,NA,NA,"","[1.8005325000267476]","['l']",0,NA,133,3,0,"Neutral",69.5,49,72,53,76,46,2.5,4,-3,6.5,1,2,"Neutral",0.975,0.972972972972973,1.2222207589672,1.28034929576179,0.0581285367945932,20,86,28
"curious","h","PM cue","",NA,NA,NA,"","[1.7002293999539688]","['l']",0,NA,133,3,0,"Neutral",69.5,49,72,53,76,46,2.5,4,-3,6.5,1,2,"Neutral",0.975,0.972972972972973,1.2222207589672,1.28034929576179,0.0581285367945932,20,86,28
"teacher","h","PM cue","",NA,NA,NA,"","[1.6669235000154004]","['l']",0,NA,133,3,0,"Neutral",69.5,49,72,53,76,46,2.5,4,-3,6.5,1,2,"Neutral",0.975,0.972972972972973,1.2222207589672,1.28034929576179,0.0581285367945932,20,86,28
"detail","h","PM cue","",NA,NA,NA,"","[]","None",0,NA,134,2,0,"Neutral",90,90,93,84,89,85,3,-6,-5,-1,0,2,"Neutral",0.9,0.918918918918919,0.884184500000356,1.03077578309875,0.146591283098392,30,60,27
"village","h","PM cue","",NA,NA,NA,"","[2.0171281000002637, 2.66717509999944]","['l', 'h']",0,NA,134,2,1,"Neutral",90,90,93,84,89,85,3,-6,-5,-1,0,2,"Neutral",0.9,0.918918918918919,0.884184500000356,1.03077578309875,0.146591283098392,30,60,27
"circle","h","PM cue","",NA,NA,NA,"","[1.7001875000023574, 2.6498657000011008]","['l', 'h']",0,NA,134,2,1,"Neutral",90,90,93,84,89,85,3,-6,-5,-1,1,2,"Neutral",0.9,0.918918918918919,0.884184500000356,1.03077578309875,0.146591283098392,30,60,27
"detail","h","PM cue","",NA,NA,NA,"","[1.550498599997809, 2.183229599999322]","['l', 'h']",0,NA,134,2,1,"Neutral",90,90,93,84,89,85,3,-6,-5,-1,0,2,"Neutral",0.9,0.918918918918919,0.884184500000356,1.03077578309875,0.146591283098392,30,60,27
"circle","h","PM cue","",NA,NA,NA,"","[1.4668942000025709, 2.0670330000029935]","['l', 'h']",0,NA,134,2,1,"Neutral",90,90,93,84,89,85,3,-6,-5,-1,1,2,"Neutral",0.9,0.918918918918919,0.884184500000356,1.03077578309875,0.146591283098392,30,60,27
"village","h","PM cue","",NA,NA,NA,"","[1.3003573999994842]","['l']",0,NA,134,2,0,"Neutral",90,90,93,84,89,85,3,-6,-5,-1,0,2,"Neutral",0.9,0.918918918918919,0.884184500000356,1.03077578309875,0.146591283098392,30,60,27
"bottle","h","PM cue","",NA,NA,NA,"","[1.084298200206831]","['l']",0,NA,135,1,0,"Neutral",59,88,66,86,68,93,7,-2,5,9,0,2,"Neutral",0.875,0.851351351351351,1.0398589552711,1.13334664305633,0.0934876877852315,45,66,30
"writer","h","PM cue","",NA,NA,NA,"","[]","None",0,NA,135,1,0,"Neutral",59,88,66,86,68,93,7,-2,5,9,1,2,"Neutral",0.875,0.851351351351351,1.0398589552711,1.13334664305633,0.0934876877852315,45,66,30
"event","h","PM cue","",NA,NA,NA,"","[1.700742800021544]","['l']",0,NA,135,1,0,"Neutral",59,88,66,86,68,93,7,-2,5,9,0,2,"Neutral",0.875,0.851351351351351,1.0398589552711,1.13334664305633,0.0934876877852315,45,66,30
"writer","h","PM cue","",NA,NA,NA,"","[1.850639799842611]","['h']",1,NA,135,1,1,"Neutral",59,88,66,86,68,93,7,-2,5,9,1,2,"Neutral",0.875,0.851351351351351,1.0398589552711,1.13334664305633,0.0934876877852315,45,66,30
"bottle","h","PM cue","",NA,NA,NA,"","[1.8505352998618037]","['d']",0,NA,135,1,0,"Neutral",59,88,66,86,68,93,7,-2,5,9,0,2,"Neutral",0.875,0.851351351351351,1.0398589552711,1.13334664305633,0.0934876877852315,45,66,30
"event","h","PM cue","",NA,NA,NA,"","[1.3169039997737855]","['l']",0,NA,135,1,0,"Neutral",59,88,66,86,68,93,7,-2,5,9,0,2,"Neutral",0.875,0.851351351351351,1.0398589552711,1.13334664305633,0.0934876877852315,45,66,30
"bottle","h","PM cue","",NA,NA,NA,"","[1.8835618000011891]","['l']",0,NA,136,1,0,"Neutral",72.5,61,72,68,71,72,-0.5,7,11,-1.5,0,2,"Neutral",0.85,0.986486486486487,1.1125973850003,1.05155359861146,-0.0610437863888365,36,93,27
"writer","h","PM cue","",NA,NA,NA,"","[0.8503301000018837]","['l']",0,NA,136,1,0,"Neutral",72.5,61,72,68,71,72,-0.5,7,11,-1.5,1,2,"Neutral",0.85,0.986486486486487,1.1125973850003,1.05155359861146,-0.0610437863888365,36,93,27
"event","h","PM cue","",NA,NA,NA,"","[1.166945000004489]","['l']",0,NA,136,1,0,"Neutral",72.5,61,72,68,71,72,-0.5,7,11,-1.5,1,2,"Neutral",0.85,0.986486486486487,1.1125973850003,1.05155359861146,-0.0610437863888365,36,93,27
"writer","h","PM cue","",NA,NA,NA,"","[1.3164192000040202]","['l']",0,NA,136,1,0,"Neutral",72.5,61,72,68,71,72,-0.5,7,11,-1.5,1,2,"Neutral",0.85,0.986486486486487,1.1125973850003,1.05155359861146,-0.0610437863888365,36,93,27
"bottle","h","PM cue","",NA,NA,NA,"","[0.7833577999990666]","['l']",0,NA,136,1,0,"Neutral",72.5,61,72,68,71,72,-0.5,7,11,-1.5,0,2,"Neutral",0.85,0.986486486486487,1.1125973850003,1.05155359861146,-0.0610437863888365,36,93,27
"event","h","PM cue","",NA,NA,NA,"","[1.0006110000031185]","['l']",0,NA,136,1,0,"Neutral",72.5,61,72,68,71,72,-0.5,7,11,-1.5,1,2,"Neutral",0.85,0.986486486486487,1.1125973850003,1.05155359861146,-0.0610437863888365,36,93,27
"wagon","h","PM cue","",NA,NA,NA,"","[1.5840482999919914]","['h']",1,NA,137,3,1,"Neutral",93.5,30,90,30,90,28,-3.5,0,-2,-3.5,1,2,"Neutral",0.975,0.986486486486487,0.952057602500281,1.09081543648239,0.138757833982114,37,60,28
"teacher","h","PM cue","",NA,NA,NA,"","[2.316952699999092]","['d']",0,NA,137,3,0,"Neutral",93.5,30,90,30,90,28,-3.5,0,-2,-3.5,0,2,"Neutral",0.975,0.986486486486487,0.952057602500281,1.09081543648239,0.138757833982114,37,60,28
"curious","h","PM cue","",NA,NA,NA,"","[1.2339008999988437]","['h']",1,NA,137,3,1,"Neutral",93.5,30,90,30,90,28,-3.5,0,-2,-3.5,1,2,"Neutral",0.975,0.986486486486487,0.952057602500281,1.09081543648239,0.138757833982114,37,60,28
"wagon","h","PM cue","",NA,NA,NA,"","[1.1005589999840595]","['h']",1,NA,137,3,1,"Neutral",93.5,30,90,30,90,28,-3.5,0,-2,-3.5,1,2,"Neutral",0.975,0.986486486486487,0.952057602500281,1.09081543648239,0.138757833982114,37,60,28
"curious","h","PM cue","",NA,NA,NA,"","[1.0506566000112798]","['h']",1,NA,137,3,1,"Neutral",93.5,30,90,30,90,28,-3.5,0,-2,-3.5,1,2,"Neutral",0.975,0.986486486486487,0.952057602500281,1.09081543648239,0.138757833982114,37,60,28
"teacher","h","PM cue","",NA,NA,NA,"","[0.9836945999995805]","['h']",1,NA,137,3,1,"Neutral",93.5,30,90,30,90,28,-3.5,0,-2,-3.5,0,2,"Neutral",0.975,0.986486486486487,0.952057602500281,1.09081543648239,0.138757833982114,37,60,28
"detail","h","PM cue","",NA,NA,NA,"","[]","None",0,NA,138,2,0,"Neutral",92.5,21,71,48,89,28,-21.5,27,7,-3.5,0,2,"Neutral",0.95,0.851351351351351,0.885446729999967,1.02971852776763,0.144271797767659,37,57,26
"village","h","PM cue","",NA,NA,NA,"","[2.1670219000661746]","['h']",1,NA,138,2,1,"Neutral",92.5,21,71,48,89,28,-21.5,27,7,-3.5,0,2,"Neutral",0.95,0.851351351351351,0.885446729999967,1.02971852776763,0.144271797767659,37,57,26
"circle","h","PM cue","",NA,NA,NA,"","[1.933714700047858]","['h']",1,NA,138,2,1,"Neutral",92.5,21,71,48,89,28,-21.5,27,7,-3.5,1,2,"Neutral",0.95,0.851351351351351,0.885446729999967,1.02971852776763,0.144271797767659,37,57,26
"detail","h","PM cue","",NA,NA,NA,"","[0.7340975999832153]","['l']",0,NA,138,2,0,"Neutral",92.5,21,71,48,89,28,-21.5,27,7,-3.5,0,2,"Neutral",0.95,0.851351351351351,0.885446729999967,1.02971852776763,0.144271797767659,37,57,26
"circle","h","PM cue","",NA,NA,NA,"","[1.2338141000363976, 1.9002155000343919]","['d', 'h']",0,NA,138,2,1,"Neutral",92.5,21,71,48,89,28,-21.5,27,7,-3.5,1,2,"Neutral",0.95,0.851351351351351,0.885446729999967,1.02971852776763,0.144271797767659,37,57,26
"village","h","PM cue","",NA,NA,NA,"","[1.8666684000054374]","['h']",1,NA,138,2,1,"Neutral",92.5,21,71,48,89,28,-21.5,27,7,-3.5,0,2,"Neutral",0.95,0.851351351351351,0.885446729999967,1.02971852776763,0.144271797767659,37,57,26
"wagon","h","PM cue","",NA,NA,NA,"","[2.3836487000226043, 2.4001929000369273]","['h', 'd']",1,NA,139,3,1,"Neutral",21.5,29.5,31,50,15,50,9.5,20.5,20.5,-6.5,0,2,"Neutral",1,0.851351351351351,0.781923145000474,1.16136333030193,0.379440185301461,73,84,27
"teacher","h","PM cue","",NA,NA,NA,"","[1.8340457999729551]","['h']",1,NA,139,3,1,"Neutral",21.5,29.5,31,50,15,50,9.5,20.5,20.5,-6.5,0,2,"Neutral",1,0.851351351351351,0.781923145000474,1.16136333030193,0.379440185301461,73,84,27
"curious","h","PM cue","",NA,NA,NA,"","[1.2498966999701224]","['l']",0,NA,139,3,0,"Neutral",21.5,29.5,31,50,15,50,9.5,20.5,20.5,-6.5,0,2,"Neutral",1,0.851351351351351,0.781923145000474,1.16136333030193,0.379440185301461,73,84,27
"wagon","h","PM cue","",NA,NA,NA,"","[1.4336477000033483]","['h']",1,NA,139,3,1,"Neutral",21.5,29.5,31,50,15,50,9.5,20.5,20.5,-6.5,0,2,"Neutral",1,0.851351351351351,0.781923145000474,1.16136333030193,0.379440185301461,73,84,27
"curious","h","PM cue","",NA,NA,NA,"","[1.3669866000418551]","['h']",1,NA,139,3,1,"Neutral",21.5,29.5,31,50,15,50,9.5,20.5,20.5,-6.5,0,2,"Neutral",1,0.851351351351351,0.781923145000474,1.16136333030193,0.379440185301461,73,84,27
"teacher","h","PM cue","",NA,NA,NA,"","[1.3670495999976993]","['h']",1,NA,139,3,1,"Neutral",21.5,29.5,31,50,15,50,9.5,20.5,20.5,-6.5,0,2,"Neutral",1,0.851351351351351,0.781923145000474,1.16136333030193,0.379440185301461,73,84,27
"detail","h","PM cue","",NA,NA,NA,"","[1.1170428999466822]","['h']",1,NA,14,2,1,"Neutral",69,98.5,68,100,65,99,-1,1.5,0.5,-4,1,1,"Neutral",0.875,0.810810810810811,0.807153167497017,0.866440120275837,0.0592869527788198,65,111,NA
"village","h","PM cue","",NA,NA,NA,"","[1.2003769000293687]","['h']",1,NA,14,2,1,"Neutral",69,98.5,68,100,65,99,-1,1.5,0.5,-4,1,1,"Neutral",0.875,0.810810810810811,0.807153167497017,0.866440120275837,0.0592869527788198,65,111,NA
"circle","h","PM cue","",NA,NA,NA,"","[0.8176325999666005]","['h']",1,NA,14,2,1,"Neutral",69,98.5,68,100,65,99,-1,1.5,0.5,-4,1,1,"Neutral",0.875,0.810810810810811,0.807153167497017,0.866440120275837,0.0592869527788198,65,111,NA
"detail","h","PM cue","",NA,NA,NA,"","[0.8502886999631301]","['h']",1,NA,14,2,1,"Neutral",69,98.5,68,100,65,99,-1,1.5,0.5,-4,1,1,"Neutral",0.875,0.810810810810811,0.807153167497017,0.866440120275837,0.0592869527788198,65,111,NA
"circle","h","PM cue","",NA,NA,NA,"","[0.8174536000005901]","['h']",1,NA,14,2,1,"Neutral",69,98.5,68,100,65,99,-1,1.5,0.5,-4,1,1,"Neutral",0.875,0.810810810810811,0.807153167497017,0.866440120275837,0.0592869527788198,65,111,NA
"village","h","PM cue","",NA,NA,NA,"","[1.0003873000387102]","['h']",1,NA,14,2,1,"Neutral",69,98.5,68,100,65,99,-1,1.5,0.5,-4,1,1,"Neutral",0.875,0.810810810810811,0.807153167497017,0.866440120275837,0.0592869527788198,65,111,NA
"detail","h","PM cue","",NA,NA,NA,"","[1.1836249999996653]","['h']",1,NA,140,2,1,"Neutral",59.5,50,70,51,50,52,10.5,1,2,-9.5,1,2,"Neutral",0.925,0.945945945945946,0.863250563157731,0.975291741095907,0.112041177938176,28,61,31
"village","h","PM cue","",NA,NA,NA,"","[1.5173101000000315]","['h']",1,NA,140,2,1,"Neutral",59.5,50,70,51,50,52,10.5,1,2,-9.5,1,2,"Neutral",0.925,0.945945945945946,0.863250563157731,0.975291741095907,0.112041177938176,28,61,31
"circle","h","PM cue","",NA,NA,NA,"","[1.3839571999997133]","['h']",1,NA,140,2,1,"Neutral",59.5,50,70,51,50,52,10.5,1,2,-9.5,1,2,"Neutral",0.925,0.945945945945946,0.863250563157731,0.975291741095907,0.112041177938176,28,61,31
"detail","h","PM cue","",NA,NA,NA,"","[1.450385299998743]","['h']",1,NA,140,2,1,"Neutral",59.5,50,70,51,50,52,10.5,1,2,-9.5,1,2,"Neutral",0.925,0.945945945945946,0.863250563157731,0.975291741095907,0.112041177938176,28,61,31
"circle","h","PM cue","",NA,NA,NA,"","[1.7337895000000572]","['h']",1,NA,140,2,1,"Neutral",59.5,50,70,51,50,52,10.5,1,2,-9.5,1,2,"Neutral",0.925,0.945945945945946,0.863250563157731,0.975291741095907,0.112041177938176,28,61,31
"village","h","PM cue","",NA,NA,NA,"","[1.2671038999997108]","['h']",1,NA,140,2,1,"Neutral",59.5,50,70,51,50,52,10.5,1,2,-9.5,1,2,"Neutral",0.925,0.945945945945946,0.863250563157731,0.975291741095907,0.112041177938176,28,61,31
"bottle","h","PM cue","",NA,NA,NA,"","[1.0508276000000478]","['l']",0,NA,141,1,0,"Neutral",72.5,59,50,49,53,48,-22.5,-10,-11,-19.5,0,2,"Neutral",0.8,0.72972972972973,1.01589231315785,0.844246075342398,-0.171646237815454,38,65,26
"writer","h","PM cue","",NA,NA,NA,"","[1.0174325999996654]","['l']",0,NA,141,1,0,"Neutral",72.5,59,50,49,53,48,-22.5,-10,-11,-19.5,1,2,"Neutral",0.8,0.72972972972973,1.01589231315785,0.844246075342398,-0.171646237815454,38,65,26
"event","h","PM cue","",NA,NA,NA,"","[0.8505086999994091]","['d']",0,NA,141,1,0,"Neutral",72.5,59,50,49,53,48,-22.5,-10,-11,-19.5,1,2,"Neutral",0.8,0.72972972972973,1.01589231315785,0.844246075342398,-0.171646237815454,38,65,26
"writer","h","PM cue","",NA,NA,NA,"","[0.6173244000001432]","['d']",0,NA,141,1,0,"Neutral",72.5,59,50,49,53,48,-22.5,-10,-11,-19.5,1,2,"Neutral",0.8,0.72972972972973,1.01589231315785,0.844246075342398,-0.171646237815454,38,65,26
"bottle","h","PM cue","",NA,NA,NA,"","[0.8675804000004064]","['d']",0,NA,141,1,0,"Neutral",72.5,59,50,49,53,48,-22.5,-10,-11,-19.5,0,2,"Neutral",0.8,0.72972972972973,1.01589231315785,0.844246075342398,-0.171646237815454,38,65,26
"event","h","PM cue","",NA,NA,NA,"","[0.6337598000000071]","['d']",0,NA,141,1,0,"Neutral",72.5,59,50,49,53,48,-22.5,-10,-11,-19.5,1,2,"Neutral",0.8,0.72972972972973,1.01589231315785,0.844246075342398,-0.171646237815454,38,65,26
"bottle","h","PM cue","",NA,NA,NA,"","[1.0504522000119323]","['l']",0,NA,142,1,0,"Neutral",53.5,37.5,69,40,50,52,15.5,2.5,14.5,-3.5,1,2,"Neutral",1,0.959459459459459,0.929153984998993,0.957706460811637,0.0285524758126435,37,58,30
"writer","h","PM cue","",NA,NA,NA,"","[2.7836366000119597]","['h']",1,NA,142,1,1,"Neutral",53.5,37.5,69,40,50,52,15.5,2.5,14.5,-3.5,1,2,"Neutral",1,0.959459459459459,0.929153984998993,0.957706460811637,0.0285524758126435,37,58,30
"event","h","PM cue","",NA,NA,NA,"","[0.9002886999951443]","['l']",0,NA,142,1,0,"Neutral",53.5,37.5,69,40,50,52,15.5,2.5,14.5,-3.5,0,2,"Neutral",1,0.959459459459459,0.929153984998993,0.957706460811637,0.0285524758126435,37,58,30
"writer","h","PM cue","",NA,NA,NA,"","[1.500373300004867]","['h']",1,NA,142,1,1,"Neutral",53.5,37.5,69,40,50,52,15.5,2.5,14.5,-3.5,1,2,"Neutral",1,0.959459459459459,0.929153984998993,0.957706460811637,0.0285524758126435,37,58,30
"bottle","h","PM cue","",NA,NA,NA,"","[1.5842637000023387]","['h']",1,NA,142,1,1,"Neutral",53.5,37.5,69,40,50,52,15.5,2.5,14.5,-3.5,1,2,"Neutral",1,0.959459459459459,0.929153984998993,0.957706460811637,0.0285524758126435,37,58,30
"event","h","PM cue","",NA,NA,NA,"","[0.8169631999917328]","['l']",0,NA,142,1,0,"Neutral",53.5,37.5,69,40,50,52,15.5,2.5,14.5,-3.5,0,2,"Neutral",1,0.959459459459459,0.929153984998993,0.957706460811637,0.0285524758126435,37,58,30
"wagon","h","PM cue","",NA,NA,NA,"","[0.617262199986726]","['l']",0,NA,143,3,0,"Neutral",88.5,74.5,84,76,83,72,-4.5,1.5,-2.5,-5.5,1,2,"Neutral",1,0.959459459459459,0.558346557502227,0.735263341893064,0.176916784390837,39,76,27
"teacher","h","PM cue","",NA,NA,NA,"","[1.6341226000222377]","['h']",1,NA,143,3,1,"Neutral",88.5,74.5,84,76,83,72,-4.5,1.5,-2.5,-5.5,1,2,"Neutral",1,0.959459459459459,0.558346557502227,0.735263341893064,0.176916784390837,39,76,27
"curious","h","PM cue","",NA,NA,NA,"","[2.066978399991058]","['h']",1,NA,143,3,1,"Neutral",88.5,74.5,84,76,83,72,-4.5,1.5,-2.5,-5.5,1,2,"Neutral",1,0.959459459459459,0.558346557502227,0.735263341893064,0.176916784390837,39,76,27
"wagon","h","PM cue","",NA,NA,NA,"","[1.8171014999970794]","['h']",1,NA,143,3,1,"Neutral",88.5,74.5,84,76,83,72,-4.5,1.5,-2.5,-5.5,1,2,"Neutral",1,0.959459459459459,0.558346557502227,0.735263341893064,0.176916784390837,39,76,27
"curious","h","PM cue","",NA,NA,NA,"","[1.7669837000430562]","['h']",1,NA,143,3,1,"Neutral",88.5,74.5,84,76,83,72,-4.5,1.5,-2.5,-5.5,1,2,"Neutral",1,0.959459459459459,0.558346557502227,0.735263341893064,0.176916784390837,39,76,27
"teacher","h","PM cue","",NA,NA,NA,"","[1.3837642999715172]","['h']",1,NA,143,3,1,"Neutral",88.5,74.5,84,76,83,72,-4.5,1.5,-2.5,-5.5,1,2,"Neutral",1,0.959459459459459,0.558346557502227,0.735263341893064,0.176916784390837,39,76,27
"detail","h","PM cue","",NA,NA,NA,"","[1.050590300001204]","['h']",1,NA,144,2,1,"Neutral",84,66,87,77,90,79,3,11,13,6,1,2,"Neutral",0.975,0.986486486486487,0.928446157486178,0.89867097972672,-0.0297751777594581,37,58,31
"village","h","PM cue","",NA,NA,NA,"","[1.7669131000293419]","['h']",1,NA,144,2,1,"Neutral",84,66,87,77,90,79,3,11,13,6,1,2,"Neutral",0.975,0.986486486486487,0.928446157486178,0.89867097972672,-0.0297751777594581,37,58,31
"circle","h","PM cue","",NA,NA,NA,"","[1.6838890999788418]","['h']",1,NA,144,2,1,"Neutral",84,66,87,77,90,79,3,11,13,6,1,2,"Neutral",0.975,0.986486486486487,0.928446157486178,0.89867097972672,-0.0297751777594581,37,58,31
"detail","h","PM cue","",NA,NA,NA,"","[0.9172752000158653]","['h']",1,NA,144,2,1,"Neutral",84,66,87,77,90,79,3,11,13,6,1,2,"Neutral",0.975,0.986486486486487,0.928446157486178,0.89867097972672,-0.0297751777594581,37,58,31
"circle","h","PM cue","",NA,NA,NA,"","[1.416821499937214]","['h']",1,NA,144,2,1,"Neutral",84,66,87,77,90,79,3,11,13,6,1,2,"Neutral",0.975,0.986486486486487,0.928446157486178,0.89867097972672,-0.0297751777594581,37,58,31
"village","h","PM cue","",NA,NA,NA,"","[1.483458700007759]","['h']",1,NA,144,2,1,"Neutral",84,66,87,77,90,79,3,11,13,6,1,2,"Neutral",0.975,0.986486486486487,0.928446157486178,0.89867097972672,-0.0297751777594581,37,58,31
"wagon","h","PM cue","",NA,NA,NA,"","[1.1173037000116892]","['l']",0,NA,145,3,0,"Neutral",91,92.5,89,89,88,91,-2,-3.5,-1.5,-3,1,2,"Neutral",0.975,0.986486486486487,0.668895520519119,0.891859963514238,0.222964442995119,34,65,31
"teacher","h","PM cue","",NA,NA,NA,"","[1.6838796000229195]","['h']",1,NA,145,3,1,"Neutral",91,92.5,89,89,88,91,-2,-3.5,-1.5,-3,1,2,"Neutral",0.975,0.986486486486487,0.668895520519119,0.891859963514238,0.222964442995119,34,65,31
"curious","h","PM cue","",NA,NA,NA,"","[1.5838669000077061]","['h']",1,NA,145,3,1,"Neutral",91,92.5,89,89,88,91,-2,-3.5,-1.5,-3,1,2,"Neutral",0.975,0.986486486486487,0.668895520519119,0.891859963514238,0.222964442995119,34,65,31
"wagon","h","PM cue","",NA,NA,NA,"","[0.5336029999889433, 1.6669225000077859]","['l', 'h']",0,NA,145,3,1,"Neutral",91,92.5,89,89,88,91,-2,-3.5,-1.5,-3,1,2,"Neutral",0.975,0.986486486486487,0.668895520519119,0.891859963514238,0.222964442995119,34,65,31
"curious","h","PM cue","",NA,NA,NA,"","[1.5171114999684505]","['h']",1,NA,145,3,1,"Neutral",91,92.5,89,89,88,91,-2,-3.5,-1.5,-3,1,2,"Neutral",0.975,0.986486486486487,0.668895520519119,0.891859963514238,0.222964442995119,34,65,31
"teacher","h","PM cue","",NA,NA,NA,"","[1.3003657999797724]","['h']",1,NA,145,3,1,"Neutral",91,92.5,89,89,88,91,-2,-3.5,-1.5,-3,1,2,"Neutral",0.975,0.986486486486487,0.668895520519119,0.891859963514238,0.222964442995119,34,65,31
"detail","h","PM cue","",NA,NA,NA,"","[]","None",0,NA,146,2,0,"Neutral",73.5,49.5,52,49,46,70,-21.5,-0.5,20.5,-27.5,0,2,"Neutral",0.825,0.702702702702703,1.03032590250368,0.963573051661175,-0.066752850842507,46,60,26
"village","h","PM cue","",NA,NA,NA,"","[1.300428400048986]","['d']",0,NA,146,2,0,"Neutral",73.5,49.5,52,49,46,70,-21.5,-0.5,20.5,-27.5,1,2,"Neutral",0.825,0.702702702702703,1.03032590250368,0.963573051661175,-0.066752850842507,46,60,26
"circle","h","PM cue","",NA,NA,NA,"","[0.7505146999610588]","['l']",0,NA,146,2,0,"Neutral",73.5,49.5,52,49,46,70,-21.5,-0.5,20.5,-27.5,0,2,"Neutral",0.825,0.702702702702703,1.03032590250368,0.963573051661175,-0.066752850842507,46,60,26
"detail","h","PM cue","",NA,NA,NA,"","[1.2338395999977365]","['l']",0,NA,146,2,0,"Neutral",73.5,49.5,52,49,46,70,-21.5,-0.5,20.5,-27.5,0,2,"Neutral",0.825,0.702702702702703,1.03032590250368,0.963573051661175,-0.066752850842507,46,60,26
"circle","h","PM cue","",NA,NA,NA,"","[0.9003744999645278]","['d']",0,NA,146,2,0,"Neutral",73.5,49.5,52,49,46,70,-21.5,-0.5,20.5,-27.5,0,2,"Neutral",0.825,0.702702702702703,1.03032590250368,0.963573051661175,-0.066752850842507,46,60,26
"village","h","PM cue","",NA,NA,NA,"","[0.7173374999547377]","['d']",0,NA,146,2,0,"Neutral",73.5,49.5,52,49,46,70,-21.5,-0.5,20.5,-27.5,1,2,"Neutral",0.825,0.702702702702703,1.03032590250368,0.963573051661175,-0.066752850842507,46,60,26
"bottle","h","PM cue","",NA,NA,NA,"","[1.451007199997548]","['h']",1,NA,147,1,1,"Neutral",71.5,80,73,69,71,88,1.5,-11,8,-0.5,1,2,"Neutral",0.95,0.918918918918919,0.775575894999201,0.896947541096318,0.121371646097116,23,68,29
"writer","h","PM cue","",NA,NA,NA,"","[1.683779000013601]","['h']",1,NA,147,1,1,"Neutral",71.5,80,73,69,71,88,1.5,-11,8,-0.5,1,2,"Neutral",0.95,0.918918918918919,0.775575894999201,0.896947541096318,0.121371646097116,23,68,29
"event","h","PM cue","",NA,NA,NA,"","[1.7835005999659188]","['l']",0,NA,147,1,0,"Neutral",71.5,80,73,69,71,88,1.5,-11,8,-0.5,1,2,"Neutral",0.95,0.918918918918919,0.775575894999201,0.896947541096318,0.121371646097116,23,68,29
"writer","h","PM cue","",NA,NA,NA,"","[1.50042910000775]","['h']",1,NA,147,1,1,"Neutral",71.5,80,73,69,71,88,1.5,-11,8,-0.5,1,2,"Neutral",0.95,0.918918918918919,0.775575894999201,0.896947541096318,0.121371646097116,23,68,29
"bottle","h","PM cue","",NA,NA,NA,"","[1.633920099993702]","['h']",1,NA,147,1,1,"Neutral",71.5,80,73,69,71,88,1.5,-11,8,-0.5,1,2,"Neutral",0.95,0.918918918918919,0.775575894999201,0.896947541096318,0.121371646097116,23,68,29
"event","h","PM cue","",NA,NA,NA,"","[]","None",0,NA,147,1,0,"Neutral",71.5,80,73,69,71,88,1.5,-11,8,-0.5,1,2,"Neutral",0.95,0.918918918918919,0.775575894999201,0.896947541096318,0.121371646097116,23,68,29
"bottle","h","PM cue","",NA,NA,NA,"","[1.3339695000322536]","['h']",1,NA,148,1,1,"Neutral",80,50,100,80,19,21,20,30,-29,-61,1,2,"Neutral",0.6,0.77027027027027,0.996250299997788,1.19164380441019,0.195393504412403,53,72,27
"writer","h","PM cue","",NA,NA,NA,"","[1.6175116000231355]","['h']",1,NA,148,1,1,"Neutral",80,50,100,80,19,21,20,30,-29,-61,1,2,"Neutral",0.6,0.77027027027027,0.996250299997788,1.19164380441019,0.195393504412403,53,72,27
"event","h","PM cue","",NA,NA,NA,"","[2.2668685000389814]","['h']",1,NA,148,1,1,"Neutral",80,50,100,80,19,21,20,30,-29,-61,1,2,"Neutral",0.6,0.77027027027027,0.996250299997788,1.19164380441019,0.195393504412403,53,72,27
"writer","h","PM cue","",NA,NA,NA,"","[0.750466099998448]","['d']",0,NA,148,1,0,"Neutral",80,50,100,80,19,21,20,30,-29,-61,1,2,"Neutral",0.6,0.77027027027027,0.996250299997788,1.19164380441019,0.195393504412403,53,72,27
"bottle","h","PM cue","",NA,NA,NA,"","[1.9841933000134304]","['h']",1,NA,148,1,1,"Neutral",80,50,100,80,19,21,20,30,-29,-61,1,2,"Neutral",0.6,0.77027027027027,0.996250299997788,1.19164380441019,0.195393504412403,53,72,27
"event","h","PM cue","",NA,NA,NA,"","[1.1503550999914296]","['d']",0,NA,148,1,0,"Neutral",80,50,100,80,19,21,20,30,-29,-61,1,2,"Neutral",0.6,0.77027027027027,0.996250299997788,1.19164380441019,0.195393504412403,53,72,27
"wagon","h","PM cue","",NA,NA,NA,"","[1.8668985000113025]","['l']",0,NA,149,3,0,"Neutral",72.5,54.5,74,70,72,73,1.5,15.5,18.5,-0.5,1,2,"Neutral",0.9,0.891891891891892,0.865487820510633,1.03765964027439,0.172171819763759,47,75,26
"teacher","h","PM cue","",NA,NA,NA,"","[1.8001318000024185]","['h']",1,NA,149,3,1,"Neutral",72.5,54.5,74,70,72,73,1.5,15.5,18.5,-0.5,1,2,"Neutral",0.9,0.891891891891892,0.865487820510633,1.03765964027439,0.172171819763759,47,75,26
"curious","h","PM cue","",NA,NA,NA,"","[2.933783399988897]","['h']",1,NA,149,3,1,"Neutral",72.5,54.5,74,70,72,73,1.5,15.5,18.5,-0.5,1,2,"Neutral",0.9,0.891891891891892,0.865487820510633,1.03765964027439,0.172171819763759,47,75,26
"wagon","h","PM cue","",NA,NA,NA,"","[2.0835836000042036]","['d']",0,NA,149,3,0,"Neutral",72.5,54.5,74,70,72,73,1.5,15.5,18.5,-0.5,1,2,"Neutral",0.9,0.891891891891892,0.865487820510633,1.03765964027439,0.172171819763759,47,75,26
"curious","h","PM cue","",NA,NA,NA,"","[1.8667918000137433]","['h']",1,NA,149,3,1,"Neutral",72.5,54.5,74,70,72,73,1.5,15.5,18.5,-0.5,1,2,"Neutral",0.9,0.891891891891892,0.865487820510633,1.03765964027439,0.172171819763759,47,75,26
"teacher","h","PM cue","",NA,NA,NA,"","[2.3500954000046477]","['h']",1,NA,149,3,1,"Neutral",72.5,54.5,74,70,72,73,1.5,15.5,18.5,-0.5,1,2,"Neutral",0.9,0.891891891891892,0.865487820510633,1.03765964027439,0.172171819763759,47,75,26
"wagon","h","PM cue","",NA,NA,NA,"","[1.3003128999844193]","['h']",1,NA,15,3,1,"Neutral",52.5,51.5,56,40,47,49,3.5,-11.5,-2.5,-5.5,1,1,"Neutral",0.975,0.959459459459459,0.562212097505107,0.640306563001789,0.078094465496682,52,102,NA
"teacher","h","PM cue","",NA,NA,NA,"","[1.0839154999703169]","['h']",1,NA,15,3,1,"Neutral",52.5,51.5,56,40,47,49,3.5,-11.5,-2.5,-5.5,1,1,"Neutral",0.975,0.959459459459459,0.562212097505107,0.640306563001789,0.078094465496682,52,102,NA
"curious","h","PM cue","",NA,NA,NA,"","[1.1839981998782605]","['h']",1,NA,15,3,1,"Neutral",52.5,51.5,56,40,47,49,3.5,-11.5,-2.5,-5.5,1,1,"Neutral",0.975,0.959459459459459,0.562212097505107,0.640306563001789,0.078094465496682,52,102,NA
"wagon","h","PM cue","",NA,NA,NA,"","[1.2339004999957979]","['h']",1,NA,15,3,1,"Neutral",52.5,51.5,56,40,47,49,3.5,-11.5,-2.5,-5.5,1,1,"Neutral",0.975,0.959459459459459,0.562212097505107,0.640306563001789,0.078094465496682,52,102,NA
"curious","h","PM cue","",NA,NA,NA,"","[1.1502872998826206]","['h']",1,NA,15,3,1,"Neutral",52.5,51.5,56,40,47,49,3.5,-11.5,-2.5,-5.5,1,1,"Neutral",0.975,0.959459459459459,0.562212097505107,0.640306563001789,0.078094465496682,52,102,NA
"teacher","h","PM cue","",NA,NA,NA,"","[1.1339906000066549]","['h']",1,NA,15,3,1,"Neutral",52.5,51.5,56,40,47,49,3.5,-11.5,-2.5,-5.5,1,1,"Neutral",0.975,0.959459459459459,0.562212097505107,0.640306563001789,0.078094465496682,52,102,NA
"detail","h","PM cue","",NA,NA,NA,"","[2.466898400016362]","['h']",1,NA,150,2,1,"Neutral",90.5,87.5,91,96,88,84,0.5,8.5,-3.5,-2.5,1,2,"Neutral",0.975,0.986486486486487,0.863704146152416,1.00203242297387,0.13832827682145,41,56,28
"village","h","PM cue","",NA,NA,NA,"","[1.0335915999894496]","['h']",1,NA,150,2,1,"Neutral",90.5,87.5,91,96,88,84,0.5,8.5,-3.5,-2.5,1,2,"Neutral",0.975,0.986486486486487,0.863704146152416,1.00203242297387,0.13832827682145,41,56,28
"circle","h","PM cue","",NA,NA,NA,"","[1.9503213999851141]","['h']",1,NA,150,2,1,"Neutral",90.5,87.5,91,96,88,84,0.5,8.5,-3.5,-2.5,1,2,"Neutral",0.975,0.986486486486487,0.863704146152416,1.00203242297387,0.13832827682145,41,56,28
"detail","h","PM cue","",NA,NA,NA,"","[1.2165409000008367]","['h']",1,NA,150,2,1,"Neutral",90.5,87.5,91,96,88,84,0.5,8.5,-3.5,-2.5,1,2,"Neutral",0.975,0.986486486486487,0.863704146152416,1.00203242297387,0.13832827682145,41,56,28
"circle","h","PM cue","",NA,NA,NA,"","[1.7340200999751687]","['h']",1,NA,150,2,1,"Neutral",90.5,87.5,91,96,88,84,0.5,8.5,-3.5,-2.5,1,2,"Neutral",0.975,0.986486486486487,0.863704146152416,1.00203242297387,0.13832827682145,41,56,28
"village","h","PM cue","",NA,NA,NA,"","[0.9838936000014655]","['h']",1,NA,150,2,1,"Neutral",90.5,87.5,91,96,88,84,0.5,8.5,-3.5,-2.5,1,2,"Neutral",0.975,0.986486486486487,0.863704146152416,1.00203242297387,0.13832827682145,41,56,28
"wagon","h","PM cue","",NA,NA,NA,"","[1.1334813999983453]","['l']",0,NA,151,3,0,"Neutral",40,40.5,72,71,69,50,32,30.5,9.5,29,0,2,"Neutral",0.725,0.837837837837838,1.29362288205121,1.05730671506847,-0.236316166982747,60,58,26
"teacher","h","PM cue","",NA,NA,NA,"","[1.4673265000001265]","['l']",0,NA,151,3,0,"Neutral",40,40.5,72,71,69,50,32,30.5,9.5,29,0,2,"Neutral",0.725,0.837837837837838,1.29362288205121,1.05730671506847,-0.236316166982747,60,58,26
"curious","h","PM cue","",NA,NA,NA,"","[0.9004449999993085]","['l']",0,NA,151,3,0,"Neutral",40,40.5,72,71,69,50,32,30.5,9.5,29,1,2,"Neutral",0.725,0.837837837837838,1.29362288205121,1.05730671506847,-0.236316166982747,60,58,26
"wagon","h","PM cue","",NA,NA,NA,"","[0.9670112999992853]","['d']",0,NA,151,3,0,"Neutral",40,40.5,72,71,69,50,32,30.5,9.5,29,0,2,"Neutral",0.725,0.837837837837838,1.29362288205121,1.05730671506847,-0.236316166982747,60,58,26
"curious","h","PM cue","",NA,NA,NA,"","[1.5006463000008807]","['d']",0,NA,151,3,0,"Neutral",40,40.5,72,71,69,50,32,30.5,9.5,29,1,2,"Neutral",0.725,0.837837837837838,1.29362288205121,1.05730671506847,-0.236316166982747,60,58,26
"teacher","h","PM cue","",NA,NA,NA,"","[1.06687729999976]","['d']",0,NA,151,3,0,"Neutral",40,40.5,72,71,69,50,32,30.5,9.5,29,0,2,"Neutral",0.725,0.837837837837838,1.29362288205121,1.05730671506847,-0.236316166982747,60,58,26
"detail","h","PM cue","",NA,NA,NA,"","[2.7836185000014666]","['h']",1,NA,152,2,1,"Neutral",72,40.5,70,53,73,70,-2,12.5,29.5,1,1,2,"Neutral",0.925,0.945945945945946,0.773123941025682,0.820118576712521,0.0469946356868395,35,72,26
"village","h","PM cue","",NA,NA,NA,"","[1.6337040999969759]","['h']",1,NA,152,2,1,"Neutral",72,40.5,70,53,73,70,-2,12.5,29.5,1,1,2,"Neutral",0.925,0.945945945945946,0.773123941025682,0.820118576712521,0.0469946356868395,35,72,26
"circle","h","PM cue","",NA,NA,NA,"","[1.5165280000001076]","['h']",1,NA,152,2,1,"Neutral",72,40.5,70,53,73,70,-2,12.5,29.5,1,1,2,"Neutral",0.925,0.945945945945946,0.773123941025682,0.820118576712521,0.0469946356868395,35,72,26
"detail","h","PM cue","",NA,NA,NA,"","[1.233780200000183]","['l']",0,NA,152,2,0,"Neutral",72,40.5,70,53,73,70,-2,12.5,29.5,1,1,2,"Neutral",0.925,0.945945945945946,0.773123941025682,0.820118576712521,0.0469946356868395,35,72,26
"circle","h","PM cue","",NA,NA,NA,"","[1.1838503000035416]","['h']",1,NA,152,2,1,"Neutral",72,40.5,70,53,73,70,-2,12.5,29.5,1,1,2,"Neutral",0.925,0.945945945945946,0.773123941025682,0.820118576712521,0.0469946356868395,35,72,26
"village","h","PM cue","",NA,NA,NA,"","[2.066418299997167]","['h']",1,NA,152,2,1,"Neutral",72,40.5,70,53,73,70,-2,12.5,29.5,1,1,2,"Neutral",0.925,0.945945945945946,0.773123941025682,0.820118576712521,0.0469946356868395,35,72,26
"bottle","h","PM cue","",NA,NA,NA,"","[1.7003750999992917]","['h']",1,NA,153,1,1,"Neutral",100,100,100,99,100,100,0,-1,0,0,1,2,"Neutral",1,0.959459459459459,0.713911747500106,0.720151636986299,0.00623988948619281,28,43,27
"writer","h","PM cue","",NA,NA,NA,"","[1.4170807000009518]","['h']",1,NA,153,1,1,"Neutral",100,100,100,99,100,100,0,-1,0,0,1,2,"Neutral",1,0.959459459459459,0.713911747500106,0.720151636986299,0.00623988948619281,28,43,27
"event","h","PM cue","",NA,NA,NA,"","[1.5171895000003133]","['h']",1,NA,153,1,1,"Neutral",100,100,100,99,100,100,0,-1,0,0,1,2,"Neutral",1,0.959459459459459,0.713911747500106,0.720151636986299,0.00623988948619281,28,43,27
"writer","h","PM cue","",NA,NA,NA,"","[1.3837249000007432]","['h']",1,NA,153,1,1,"Neutral",100,100,100,99,100,100,0,-1,0,0,1,2,"Neutral",1,0.959459459459459,0.713911747500106,0.720151636986299,0.00623988948619281,28,43,27
"bottle","h","PM cue","",NA,NA,NA,"","[1.2004828000008274]","['h']",1,NA,153,1,1,"Neutral",100,100,100,99,100,100,0,-1,0,0,1,2,"Neutral",1,0.959459459459459,0.713911747500106,0.720151636986299,0.00623988948619281,28,43,27
"event","h","PM cue","",NA,NA,NA,"","[0.9838211000005685]","['h']",1,NA,153,1,1,"Neutral",100,100,100,99,100,100,0,-1,0,0,1,2,"Neutral",1,0.959459459459459,0.713911747500106,0.720151636986299,0.00623988948619281,28,43,27
"bottle","h","PM cue","",NA,NA,NA,"","[1.5334898000000976]","['l']",0,NA,154,1,0,"Neutral",89,85,90,91,13,95,1,6,10,-76,1,2,"Neutral",0.85,0.797297297297297,0.967861765000089,1.20215104492751,0.234289279927425,46,72,26
"writer","h","PM cue","",NA,NA,NA,"","[1.7507426000011037]","['h']",1,NA,154,1,1,"Neutral",89,85,90,91,13,95,1,6,10,-76,0,2,"Neutral",0.85,0.797297297297297,0.967861765000089,1.20215104492751,0.234289279927425,46,72,26
"event","h","PM cue","",NA,NA,NA,"","[1.7335882000006677]","['h']",1,NA,154,1,1,"Neutral",89,85,90,91,13,95,1,6,10,-76,1,2,"Neutral",0.85,0.797297297297297,0.967861765000089,1.20215104492751,0.234289279927425,46,72,26
"writer","h","PM cue","",NA,NA,NA,"","[1.9169997999997577]","['l']",0,NA,154,1,0,"Neutral",89,85,90,91,13,95,1,6,10,-76,0,2,"Neutral",0.85,0.797297297297297,0.967861765000089,1.20215104492751,0.234289279927425,46,72,26
"bottle","h","PM cue","",NA,NA,NA,"","[1.8335447999997996]","['l']",0,NA,154,1,0,"Neutral",89,85,90,91,13,95,1,6,10,-76,1,2,"Neutral",0.85,0.797297297297297,0.967861765000089,1.20215104492751,0.234289279927425,46,72,26
"event","h","PM cue","",NA,NA,NA,"","[2.583561600000394]","['h']",1,NA,154,1,1,"Neutral",89,85,90,91,13,95,1,6,10,-76,1,2,"Neutral",0.85,0.797297297297297,0.967861765000089,1.20215104492751,0.234289279927425,46,72,26
"wagon","h","PM cue","",NA,NA,NA,"","[1.4172571999952197]","['h']",1,NA,155,3,1,"Neutral",73,17,63,36,46,24,-10,19,7,-27,1,2,"Neutral",0.975,0.932432432432432,0.778183989999525,1.0304003540561,0.252216364056575,43,97,28
"teacher","h","PM cue","",NA,NA,NA,"","[1.4000455999921542]","['h']",1,NA,155,3,1,"Neutral",73,17,63,36,46,24,-10,19,7,-27,1,2,"Neutral",0.975,0.932432432432432,0.778183989999525,1.0304003540561,0.252216364056575,43,97,28
"curious","h","PM cue","",NA,NA,NA,"","[0.8002936999982921, 2.2004874999984168]","['l', 'l']",0,NA,155,3,0,"Neutral",73,17,63,36,46,24,-10,19,7,-27,0,2,"Neutral",0.975,0.932432432432432,0.778183989999525,1.0304003540561,0.252216364056575,43,97,28
"wagon","h","PM cue","",NA,NA,NA,"","[1.4003167000046233]","['h']",1,NA,155,3,1,"Neutral",73,17,63,36,46,24,-10,19,7,-27,1,2,"Neutral",0.975,0.932432432432432,0.778183989999525,1.0304003540561,0.252216364056575,43,97,28
"curious","h","PM cue","",NA,NA,NA,"","[1.7178687999985414]","['l']",0,NA,155,3,0,"Neutral",73,17,63,36,46,24,-10,19,7,-27,0,2,"Neutral",0.975,0.932432432432432,0.778183989999525,1.0304003540561,0.252216364056575,43,97,28
"teacher","h","PM cue","",NA,NA,NA,"","[1.2672714999935124]","['h']",1,NA,155,3,1,"Neutral",73,17,63,36,46,24,-10,19,7,-27,1,2,"Neutral",0.975,0.932432432432432,0.778183989999525,1.0304003540561,0.252216364056575,43,97,28
"detail","h","PM cue","",NA,NA,NA,"","[1.150678400000288]","['l']",0,NA,156,1,0,"Neutral",82,60.5,72,71,73,50,-10,10.5,-10.5,-9,0,2,"Neutral",1,0.959459459459459,0.701943679487135,0.85223112162162,0.150287442134486,43,61,23
"village","h","PM cue","",NA,NA,NA,"","[2.350902500000302]","['h']",1,NA,156,1,1,"Neutral",82,60.5,72,71,73,50,-10,10.5,-10.5,-9,1,2,"Neutral",1,0.959459459459459,0.701943679487135,0.85223112162162,0.150287442134486,43,61,23
"circle","h","PM cue","",NA,NA,NA,"","[1.6172563000000082]","['l']",0,NA,156,1,0,"Neutral",82,60.5,72,71,73,50,-10,10.5,-10.5,-9,1,2,"Neutral",1,0.959459459459459,0.701943679487135,0.85223112162162,0.150287442134486,43,61,23
"detail","h","PM cue","",NA,NA,NA,"","[2.016472299999805]","['h']",1,NA,156,1,1,"Neutral",82,60.5,72,71,73,50,-10,10.5,-10.5,-9,0,2,"Neutral",1,0.959459459459459,0.701943679487135,0.85223112162162,0.150287442134486,43,61,23
"circle","h","PM cue","",NA,NA,NA,"","[1.8006339999992633]","['h']",1,NA,156,1,1,"Neutral",82,60.5,72,71,73,50,-10,10.5,-10.5,-9,1,2,"Neutral",1,0.959459459459459,0.701943679487135,0.85223112162162,0.150287442134486,43,61,23
"village","h","PM cue","",NA,NA,NA,"","[1.7503610999992816]","['h']",1,NA,156,1,1,"Neutral",82,60.5,72,71,73,50,-10,10.5,-10.5,-9,1,2,"Neutral",1,0.959459459459459,0.701943679487135,0.85223112162162,0.150287442134486,43,61,23
"detail","h","PM cue","",NA,NA,NA,"","[0.9175147999994806]","['l']",0,NA,158,1,0,"Neutral",81.5,60.5,71,70,52,48,-10.5,9.5,-12.5,-29.5,1,2,"Neutral",0.975,0.986486486486487,0.917619242499995,1.01905860684931,0.101439364349314,39,66,30
"village","h","PM cue","",NA,NA,NA,"","[1.900482600000032]","['h']",1,NA,158,1,1,"Neutral",81.5,60.5,71,70,52,48,-10.5,9.5,-12.5,-29.5,1,2,"Neutral",0.975,0.986486486486487,0.917619242499995,1.01905860684931,0.101439364349314,39,66,30
"circle","h","PM cue","",NA,NA,NA,"","[0.8009320000001026]","['l']",0,NA,158,1,0,"Neutral",81.5,60.5,71,70,52,48,-10.5,9.5,-12.5,-29.5,0,2,"Neutral",0.975,0.986486486486487,0.917619242499995,1.01905860684931,0.101439364349314,39,66,30
"detail","h","PM cue","",NA,NA,NA,"","[]","None",0,NA,158,1,0,"Neutral",81.5,60.5,71,70,52,48,-10.5,9.5,-12.5,-29.5,1,2,"Neutral",0.975,0.986486486486487,0.917619242499995,1.01905860684931,0.101439364349314,39,66,30
"circle","h","PM cue","",NA,NA,NA,"","[1.5502384999999776]","['l']",0,NA,158,1,0,"Neutral",81.5,60.5,71,70,52,48,-10.5,9.5,-12.5,-29.5,0,2,"Neutral",0.975,0.986486486486487,0.917619242499995,1.01905860684931,0.101439364349314,39,66,30
"village","h","PM cue","",NA,NA,NA,"","[1.6341089999987162]","['h']",1,NA,158,1,1,"Neutral",81.5,60.5,71,70,52,48,-10.5,9.5,-12.5,-29.5,1,2,"Neutral",0.975,0.986486486486487,0.917619242499995,1.01905860684931,0.101439364349314,39,66,30
"bottle","h","PM cue","",NA,NA,NA,"","[2.050532299999759]","['h']",1,NA,159,1,1,"Neutral",81,80,81,80,81,80,0,0,0,0,0,2,"Neutral",0.975,0.959459459459459,0.825807134999923,1.06385351486495,0.238046379865026,40,54,26
"writer","h","PM cue","",NA,NA,NA,"","[1.6507853000002797]","['h']",1,NA,159,1,1,"Neutral",81,80,81,80,81,80,0,0,0,0,1,2,"Neutral",0.975,0.959459459459459,0.825807134999923,1.06385351486495,0.238046379865026,40,54,26
"event","h","PM cue","",NA,NA,NA,"","[1.4498079999993934]","['h']",1,NA,159,1,1,"Neutral",81,80,81,80,81,80,0,0,0,0,1,2,"Neutral",0.975,0.959459459459459,0.825807134999923,1.06385351486495,0.238046379865026,40,54,26
"writer","h","PM cue","",NA,NA,NA,"","[1.5503128999989713]","['h']",1,NA,159,1,1,"Neutral",81,80,81,80,81,80,0,0,0,0,1,2,"Neutral",0.975,0.959459459459459,0.825807134999923,1.06385351486495,0.238046379865026,40,54,26
"bottle","h","PM cue","",NA,NA,NA,"","[1.3337692999994033]","['l']",0,NA,159,1,0,"Neutral",81,80,81,80,81,80,0,0,0,0,0,2,"Neutral",0.975,0.959459459459459,0.825807134999923,1.06385351486495,0.238046379865026,40,54,26
"event","h","PM cue","",NA,NA,NA,"","[1.5169927000006282]","['h']",1,NA,159,1,1,"Neutral",81,80,81,80,81,80,0,0,0,0,1,2,"Neutral",0.975,0.959459459459459,0.825807134999923,1.06385351486495,0.238046379865026,40,54,26
"detail","h","PM cue","",NA,NA,NA,"","[1.1344013998750597]","['h']",1,NA,16,2,1,"Neutral",45.5,25,65,41,52,43,19.5,16,18,6.5,1,1,"Neutral",1,0.986486486486487,0.575504785001976,0.775103263519201,0.199598478517224,51,85,NA
"village","h","PM cue","",NA,NA,NA,"","[1.2337658999022096]","['h']",1,NA,16,2,1,"Neutral",45.5,25,65,41,52,43,19.5,16,18,6.5,1,1,"Neutral",1,0.986486486486487,0.575504785001976,0.775103263519201,0.199598478517224,51,85,NA
"circle","h","PM cue","",NA,NA,NA,"","[0.9171879000496119]","['h']",1,NA,16,2,1,"Neutral",45.5,25,65,41,52,43,19.5,16,18,6.5,1,1,"Neutral",1,0.986486486486487,0.575504785001976,0.775103263519201,0.199598478517224,51,85,NA
"detail","h","PM cue","",NA,NA,NA,"","[0.9507981999777257]","['h']",1,NA,16,2,1,"Neutral",45.5,25,65,41,52,43,19.5,16,18,6.5,1,1,"Neutral",1,0.986486486486487,0.575504785001976,0.775103263519201,0.199598478517224,51,85,NA
"circle","h","PM cue","",NA,NA,NA,"","[1.0006868001073599]","['h']",1,NA,16,2,1,"Neutral",45.5,25,65,41,52,43,19.5,16,18,6.5,1,1,"Neutral",1,0.986486486486487,0.575504785001976,0.775103263519201,0.199598478517224,51,85,NA
"village","h","PM cue","",NA,NA,NA,"","[1.0505158000160009]","['h']",1,NA,16,2,1,"Neutral",45.5,25,65,41,52,43,19.5,16,18,6.5,1,1,"Neutral",1,0.986486486486487,0.575504785001976,0.775103263519201,0.199598478517224,51,85,NA
"bottle","h","PM cue","",NA,NA,NA,"","[1.0509748000004038]","['l']",0,NA,160,1,0,"Neutral",71,39.5,72,30,71,30,1,-9.5,-9.5,0,1,2,"Neutral",0.775,0.743243243243243,0.848847782500002,0.933863561643878,0.0850157791438764,NA,NA,NA
"writer","h","PM cue","",NA,NA,NA,"","[1.41733000000022]","['l']",0,NA,160,1,0,"Neutral",71,39.5,72,30,71,30,1,-9.5,-9.5,0,0,2,"Neutral",0.775,0.743243243243243,0.848847782500002,0.933863561643878,0.0850157791438764,NA,NA,NA
"event","h","PM cue","",NA,NA,NA,"","[0.7832070000004023]","['d']",0,NA,160,1,0,"Neutral",71,39.5,72,30,71,30,1,-9.5,-9.5,0,0,2,"Neutral",0.775,0.743243243243243,0.848847782500002,0.933863561643878,0.0850157791438764,NA,NA,NA
"writer","h","PM cue","",NA,NA,NA,"","[0.6171317000007548]","['d']",0,NA,160,1,0,"Neutral",71,39.5,72,30,71,30,1,-9.5,-9.5,0,0,2,"Neutral",0.775,0.743243243243243,0.848847782500002,0.933863561643878,0.0850157791438764,NA,NA,NA
"bottle","h","PM cue","",NA,NA,NA,"","[1.034168399999544]","['d']",0,NA,160,1,0,"Neutral",71,39.5,72,30,71,30,1,-9.5,-9.5,0,1,2,"Neutral",0.775,0.743243243243243,0.848847782500002,0.933863561643878,0.0850157791438764,NA,NA,NA
"event","h","PM cue","",NA,NA,NA,"","[0.8170759999993606]","['d']",0,NA,160,1,0,"Neutral",71,39.5,72,30,71,30,1,-9.5,-9.5,0,0,2,"Neutral",0.775,0.743243243243243,0.848847782500002,0.933863561643878,0.0850157791438764,NA,NA,NA
"wagon","h","PM cue","",NA,NA,NA,"","[1.883799799999906]","['h']",1,NA,161,3,1,"Neutral",84,41,79,40,70,42,-5,-1,1,-14,1,2,"Neutral",1,0.905405405405405,0.61713581500012,0.959332663013724,0.342196848013604,42,75,28
"teacher","h","PM cue","",NA,NA,NA,"","[2.366629300000568]","['h']",1,NA,161,3,1,"Neutral",84,41,79,40,70,42,-5,-1,1,-14,0,2,"Neutral",1,0.905405405405405,0.61713581500012,0.959332663013724,0.342196848013604,42,75,28
"curious","h","PM cue","",NA,NA,NA,"","[1.2507877999996708]","['l']",0,NA,161,3,0,"Neutral",84,41,79,40,70,42,-5,-1,1,-14,1,2,"Neutral",1,0.905405405405405,0.61713581500012,0.959332663013724,0.342196848013604,42,75,28
"wagon","h","PM cue","",NA,NA,NA,"","[2.183592499999577]","['h']",1,NA,161,3,1,"Neutral",84,41,79,40,70,42,-5,-1,1,-14,1,2,"Neutral",1,0.905405405405405,0.61713581500012,0.959332663013724,0.342196848013604,42,75,28
"curious","h","PM cue","",NA,NA,NA,"","[1.584104199999274]","['h']",1,NA,161,3,1,"Neutral",84,41,79,40,70,42,-5,-1,1,-14,1,2,"Neutral",1,0.905405405405405,0.61713581500012,0.959332663013724,0.342196848013604,42,75,28
"teacher","h","PM cue","",NA,NA,NA,"","[1.1837718000006134]","['l']",0,NA,161,3,0,"Neutral",84,41,79,40,70,42,-5,-1,1,-14,0,2,"Neutral",1,0.905405405405405,0.61713581500012,0.959332663013724,0.342196848013604,42,75,28
"bottle","h","PM cue","",NA,NA,NA,"","[1.4172429000027478]","['h']",1,NA,17,1,1,"Neutral",56.5,72,63,81,51,97,6.5,9,25,-5.5,1,1,"Neutral",0.925,0.932432432432432,0.729245424998226,0.868728987833271,0.139483562835045,41,85,NA
"writer","h","PM cue","",NA,NA,NA,"","[1.2171210999367759]","['h']",1,NA,17,1,1,"Neutral",56.5,72,63,81,51,97,6.5,9,25,-5.5,1,1,"Neutral",0.925,0.932432432432432,0.729245424998226,0.868728987833271,0.139483562835045,41,85,NA
"event","h","PM cue","",NA,NA,NA,"","[0.9335459999274462]","['h']",1,NA,17,1,1,"Neutral",56.5,72,63,81,51,97,6.5,9,25,-5.5,1,1,"Neutral",0.925,0.932432432432432,0.729245424998226,0.868728987833271,0.139483562835045,41,85,NA
"writer","h","PM cue","",NA,NA,NA,"","[1.2169629000127316]","['h']",1,NA,17,1,1,"Neutral",56.5,72,63,81,51,97,6.5,9,25,-5.5,1,1,"Neutral",0.925,0.932432432432432,0.729245424998226,0.868728987833271,0.139483562835045,41,85,NA
"bottle","h","PM cue","",NA,NA,NA,"","[1.3173275999724865]","['h']",1,NA,17,1,1,"Neutral",56.5,72,63,81,51,97,6.5,9,25,-5.5,1,1,"Neutral",0.925,0.932432432432432,0.729245424998226,0.868728987833271,0.139483562835045,41,85,NA
"event","h","PM cue","",NA,NA,NA,"","[1.4001057000132278]","['h']",1,NA,17,1,1,"Neutral",56.5,72,63,81,51,97,6.5,9,25,-5.5,1,1,"Neutral",0.925,0.932432432432432,0.729245424998226,0.868728987833271,0.139483562835045,41,85,NA
"bottle","h","PM cue","",NA,NA,NA,"","[0.9326745999278501]","['h']",1,NA,18,1,1,"Neutral",80,33,88,40,71,22,8,7,-11,-9,1,1,"Neutral",0.925,0.945945945945946,0.94544574500469,1.05317468244293,0.107728937438239,39,81,NA
"writer","h","PM cue","",NA,NA,NA,"","[1.1341186000499874]","['h']",1,NA,18,1,1,"Neutral",80,33,88,40,71,22,8,7,-11,-9,1,1,"Neutral",0.925,0.945945945945946,0.94544574500469,1.05317468244293,0.107728937438239,39,81,NA
"event","h","PM cue","",NA,NA,NA,"","[1.58374539995566]","['l']",0,NA,18,1,0,"Neutral",80,33,88,40,71,22,8,7,-11,-9,0,1,"Neutral",0.925,0.945945945945946,0.94544574500469,1.05317468244293,0.107728937438239,39,81,NA
"writer","h","PM cue","",NA,NA,NA,"","[1.2671742999227718]","['h']",1,NA,18,1,1,"Neutral",80,33,88,40,71,22,8,7,-11,-9,1,1,"Neutral",0.925,0.945945945945946,0.94544574500469,1.05317468244293,0.107728937438239,39,81,NA
"bottle","h","PM cue","",NA,NA,NA,"","[1.2171767000108957]","['h']",1,NA,18,1,1,"Neutral",80,33,88,40,71,22,8,7,-11,-9,1,1,"Neutral",0.925,0.945945945945946,0.94544574500469,1.05317468244293,0.107728937438239,39,81,NA
"event","h","PM cue","",NA,NA,NA,"","[1.033977200044319]","['l']",0,NA,18,1,0,"Neutral",80,33,88,40,71,22,8,7,-11,-9,0,1,"Neutral",0.925,0.945945945945946,0.94544574500469,1.05317468244293,0.107728937438239,39,81,NA
"wagon","h","PM cue","",NA,NA,NA,"","[1.2674720999784768]","['h']",1,NA,19,3,1,"Neutral",71,49,66,56,65,32,-5,7,-17,-6,1,1,"Neutral",0.975,0.972972972972973,0.654308145015966,0.80433057701039,0.150022431994423,48,86,NA
"teacher","h","PM cue","",NA,NA,NA,"","[1.100526100024581]","['h']",1,NA,19,3,1,"Neutral",71,49,66,56,65,32,-5,7,-17,-6,1,1,"Neutral",0.975,0.972972972972973,0.654308145015966,0.80433057701039,0.150022431994423,48,86,NA
"curious","h","PM cue","",NA,NA,NA,"","[0.8673175000585616]","['h']",1,NA,19,3,1,"Neutral",71,49,66,56,65,32,-5,7,-17,-6,1,1,"Neutral",0.975,0.972972972972973,0.654308145015966,0.80433057701039,0.150022431994423,48,86,NA
"wagon","h","PM cue","",NA,NA,NA,"","[0.8673093998804688]","['h']",1,NA,19,3,1,"Neutral",71,49,66,56,65,32,-5,7,-17,-6,1,1,"Neutral",0.975,0.972972972972973,0.654308145015966,0.80433057701039,0.150022431994423,48,86,NA
"curious","h","PM cue","",NA,NA,NA,"","[0.9173548999242485]","['h']",1,NA,19,3,1,"Neutral",71,49,66,56,65,32,-5,7,-17,-6,1,1,"Neutral",0.975,0.972972972972973,0.654308145015966,0.80433057701039,0.150022431994423,48,86,NA
"teacher","h","PM cue","",NA,NA,NA,"","[0.8004139999393374]","['h']",1,NA,19,3,1,"Neutral",71,49,66,56,65,32,-5,7,-17,-6,1,1,"Neutral",0.975,0.972972972972973,0.654308145015966,0.80433057701039,0.150022431994423,48,86,NA
"detail","h","PM cue","",NA,NA,NA,"","[0.6837283999921056]","['l']",0,NA,2,2,0,"Neutral",80.5,78.5,80,86,74,81,-0.5,7.5,2.5,-6.5,1,1,"Neutral",0.85,0.864864864864865,0.666285697500643,0.814807801388775,0.148522103888131,42,63,NA
"village","h","PM cue","",NA,NA,NA,"","[0.7005777999875136]","['l']",0,NA,2,2,0,"Neutral",80.5,78.5,80,86,74,81,-0.5,7.5,2.5,-6.5,1,1,"Neutral",0.85,0.864864864864865,0.666285697500643,0.814807801388775,0.148522103888131,42,63,NA
"circle","h","PM cue","",NA,NA,NA,"","[0.5005453999910969, 2.866983399988385]","['l', 'h']",0,NA,2,2,1,"Neutral",80.5,78.5,80,86,74,81,-0.5,7.5,2.5,-6.5,1,1,"Neutral",0.85,0.864864864864865,0.666285697500643,0.814807801388775,0.148522103888131,42,63,NA
"detail","h","PM cue","",NA,NA,NA,"","[1.5337421000003815]","['h']",1,NA,2,2,1,"Neutral",80.5,78.5,80,86,74,81,-0.5,7.5,2.5,-6.5,1,1,"Neutral",0.85,0.864864864864865,0.666285697500643,0.814807801388775,0.148522103888131,42,63,NA
"circle","h","PM cue","",NA,NA,NA,"","[1.2670365999947535]","['h']",1,NA,2,2,1,"Neutral",80.5,78.5,80,86,74,81,-0.5,7.5,2.5,-6.5,1,1,"Neutral",0.85,0.864864864864865,0.666285697500643,0.814807801388775,0.148522103888131,42,63,NA
"village","h","PM cue","",NA,NA,NA,"","[1.8340691000048537]","['h']",1,NA,2,2,1,"Neutral",80.5,78.5,80,86,74,81,-0.5,7.5,2.5,-6.5,1,1,"Neutral",0.85,0.864864864864865,0.666285697500643,0.814807801388775,0.148522103888131,42,63,NA
"detail","h","PM cue","",NA,NA,NA,"","[0.4838772998191416, 1.7002971000038087, 2.7004169998690486]","['l', 'd', 'h']",0,NA,20,2,1,"Neutral",86,45.5,61,69,61,50,-25,23.5,4.5,-25,1,1,"Neutral",0.9,0.851351351351351,0.706685497483704,0.73678873286085,0.0301032353771455,38,81,NA
"village","h","PM cue","",NA,NA,NA,"","[0.5172343999147415, 2.2670324998907745, 2.367064599879086, 2.6669025998562574]","['l', 'd', 'h', 'h']",0,NA,20,2,1,"Neutral",86,45.5,61,69,61,50,-25,23.5,4.5,-25,1,1,"Neutral",0.9,0.851351351351351,0.706685497483704,0.73678873286085,0.0301032353771455,38,81,NA
"circle","h","PM cue","",NA,NA,NA,"","[0.9671985001768917]","['l']",0,NA,20,2,0,"Neutral",86,45.5,61,69,61,50,-25,23.5,4.5,-25,1,1,"Neutral",0.9,0.851351351351351,0.706685497483704,0.73678873286085,0.0301032353771455,38,81,NA
"detail","h","PM cue","",NA,NA,NA,"","[0.8174047998618335]","['l']",0,NA,20,2,0,"Neutral",86,45.5,61,69,61,50,-25,23.5,4.5,-25,1,1,"Neutral",0.9,0.851351351351351,0.706685497483704,0.73678873286085,0.0301032353771455,38,81,NA
"circle","h","PM cue","",NA,NA,NA,"","[0.6003856998868287]","['l']",0,NA,20,2,0,"Neutral",86,45.5,61,69,61,50,-25,23.5,4.5,-25,1,1,"Neutral",0.9,0.851351351351351,0.706685497483704,0.73678873286085,0.0301032353771455,38,81,NA
"village","h","PM cue","",NA,NA,NA,"","[1.2839838000945747]","['h']",1,NA,20,2,1,"Neutral",86,45.5,61,69,61,50,-25,23.5,4.5,-25,1,1,"Neutral",0.9,0.851351351351351,0.706685497483704,0.73678873286085,0.0301032353771455,38,81,NA
"wagon","h","PM cue","",NA,NA,NA,"","[1.400796900037676, 2.0172163997776806]","['h', 'l']",1,NA,21,3,1,"Neutral",52,81,51,70,51,67,-1,-11,-14,-1,1,1,"Neutral",0.975,0.959459459459459,0.646294274972752,0.673301413680797,0.0270071387080451,39,89,NA
"teacher","h","PM cue","",NA,NA,NA,"","[1.2837123996578157, 1.7670237999409437]","['h', 'l']",1,NA,21,3,1,"Neutral",52,81,51,70,51,67,-1,-11,-14,-1,1,1,"Neutral",0.975,0.959459459459459,0.646294274972752,0.673301413680797,0.0270071387080451,39,89,NA
"curious","h","PM cue","",NA,NA,NA,"","[0.48373520001769066]","['l']",0,NA,21,3,0,"Neutral",52,81,51,70,51,67,-1,-11,-14,-1,1,1,"Neutral",0.975,0.959459459459459,0.646294274972752,0.673301413680797,0.0270071387080451,39,89,NA
"wagon","h","PM cue","",NA,NA,NA,"","[0.8503537001088262, 1.4333537998609245]","['l', 'h']",0,NA,21,3,1,"Neutral",52,81,51,70,51,67,-1,-11,-14,-1,1,1,"Neutral",0.975,0.959459459459459,0.646294274972752,0.673301413680797,0.0270071387080451,39,89,NA
"curious","h","PM cue","",NA,NA,NA,"","[0.5836279997602105, 1.6668742997571826]","['l', 'h']",0,NA,21,3,1,"Neutral",52,81,51,70,51,67,-1,-11,-14,-1,1,1,"Neutral",0.975,0.959459459459459,0.646294274972752,0.673301413680797,0.0270071387080451,39,89,NA
"teacher","h","PM cue","",NA,NA,NA,"","[0.6174292997457087, 1.8673017998225987]","['l', 'h']",0,NA,21,3,1,"Neutral",52,81,51,70,51,67,-1,-11,-14,-1,1,1,"Neutral",0.975,0.959459459459459,0.646294274972752,0.673301413680797,0.0270071387080451,39,89,NA
"bottle","h","PM cue","",NA,NA,NA,"","[1.3670353000052273]","['l']",0,NA,23,1,0,"Neutral",56.5,40,67,40,47,38,10.5,0,-2,-9.5,0,1,"Neutral",1,0.986486486486487,0.743462732501212,0.877055340539349,0.133592608038138,51,89,NA
"writer","h","PM cue","",NA,NA,NA,"","[0.7340627999510616]","['l']",0,NA,23,1,0,"Neutral",56.5,40,67,40,47,38,10.5,0,-2,-9.5,0,1,"Neutral",1,0.986486486486487,0.743462732501212,0.877055340539349,0.133592608038138,51,89,NA
"event","h","PM cue","",NA,NA,NA,"","[1.616764699923806]","['h']",1,NA,23,1,1,"Neutral",56.5,40,67,40,47,38,10.5,0,-2,-9.5,0,1,"Neutral",1,0.986486486486487,0.743462732501212,0.877055340539349,0.133592608038138,51,89,NA
"writer","h","PM cue","",NA,NA,NA,"","[0.9174372999696061]","['l']",0,NA,23,1,0,"Neutral",56.5,40,67,40,47,38,10.5,0,-2,-9.5,0,1,"Neutral",1,0.986486486486487,0.743462732501212,0.877055340539349,0.133592608038138,51,89,NA
"bottle","h","PM cue","",NA,NA,NA,"","[1.484052599989809]","['h']",1,NA,23,1,1,"Neutral",56.5,40,67,40,47,38,10.5,0,-2,-9.5,0,1,"Neutral",1,0.986486486486487,0.743462732501212,0.877055340539349,0.133592608038138,51,89,NA
"event","h","PM cue","",NA,NA,NA,"","[1.3835847000591457]","['h']",1,NA,23,1,1,"Neutral",56.5,40,67,40,47,38,10.5,0,-2,-9.5,0,1,"Neutral",1,0.986486486486487,0.743462732501212,0.877055340539349,0.133592608038138,51,89,NA
"bottle","h","PM cue","",NA,NA,NA,"","[1.1838382999412715]","['h']",1,NA,24,1,1,"Neutral",66,49.5,72,49,72,50,6,-0.5,0.5,6,1,1,"Neutral",1,0.972972972972973,0.771304074994987,0.884737941085629,0.113433866090642,40,86,NA
"writer","h","PM cue","",NA,NA,NA,"","[0.7339664000319317]","['h']",1,NA,24,1,1,"Neutral",66,49.5,72,49,72,50,6,-0.5,0.5,6,1,1,"Neutral",1,0.972972972972973,0.771304074994987,0.884737941085629,0.113433866090642,40,86,NA
"event","h","PM cue","",NA,NA,NA,"","[0.9836597999092191]","['l']",0,NA,24,1,0,"Neutral",66,49.5,72,49,72,50,6,-0.5,0.5,6,1,1,"Neutral",1,0.972972972972973,0.771304074994987,0.884737941085629,0.113433866090642,40,86,NA
"writer","h","PM cue","",NA,NA,NA,"","[0.7675623999675736]","['d']",0,NA,24,1,0,"Neutral",66,49.5,72,49,72,50,6,-0.5,0.5,6,1,1,"Neutral",1,0.972972972972973,0.771304074994987,0.884737941085629,0.113433866090642,40,86,NA
"bottle","h","PM cue","",NA,NA,NA,"","[1.1171576000051573]","['h']",1,NA,24,1,1,"Neutral",66,49.5,72,49,72,50,6,-0.5,0.5,6,1,1,"Neutral",1,0.972972972972973,0.771304074994987,0.884737941085629,0.113433866090642,40,86,NA
"event","h","PM cue","",NA,NA,NA,"","[1.1673895999556407]","['h']",1,NA,24,1,1,"Neutral",66,49.5,72,49,72,50,6,-0.5,0.5,6,1,1,"Neutral",1,0.972972972972973,0.771304074994987,0.884737941085629,0.113433866090642,40,86,NA
"wagon","h","PM cue","",NA,NA,NA,"","[0.9840023000724614]","['h']",1,NA,25,3,1,"Neutral",44.5,36,52,71,51,62,7.5,35,26,6.5,1,1,"Neutral",1,0.986486486486487,0.850082467461471,0.806741027023039,-0.0433414404384314,72,101,NA
"teacher","h","PM cue","",NA,NA,NA,"","[1.0007584998384118]","['h']",1,NA,25,3,1,"Neutral",44.5,36,52,71,51,62,7.5,35,26,6.5,1,1,"Neutral",1,0.986486486486487,0.850082467461471,0.806741027023039,-0.0433414404384314,72,101,NA
"curious","h","PM cue","",NA,NA,NA,"","[0.8172654001973569]","['h']",1,NA,25,3,1,"Neutral",44.5,36,52,71,51,62,7.5,35,26,6.5,1,1,"Neutral",1,0.986486486486487,0.850082467461471,0.806741027023039,-0.0433414404384314,72,101,NA
"wagon","h","PM cue","",NA,NA,NA,"","[0.9173276000656188]","['h']",1,NA,25,3,1,"Neutral",44.5,36,52,71,51,62,7.5,35,26,6.5,1,1,"Neutral",1,0.986486486486487,0.850082467461471,0.806741027023039,-0.0433414404384314,72,101,NA
"curious","h","PM cue","",NA,NA,NA,"","[0.7504282998852432]","['h']",1,NA,25,3,1,"Neutral",44.5,36,52,71,51,62,7.5,35,26,6.5,1,1,"Neutral",1,0.986486486486487,0.850082467461471,0.806741027023039,-0.0433414404384314,72,101,NA
"teacher","h","PM cue","",NA,NA,NA,"","[0.8838341999799013]","['h']",1,NA,25,3,1,"Neutral",44.5,36,52,71,51,62,7.5,35,26,6.5,1,1,"Neutral",1,0.986486486486487,0.850082467461471,0.806741027023039,-0.0433414404384314,72,101,NA
"detail","h","PM cue","",NA,NA,NA,"","[1.2493176001589745, 1.7001499000471085]","['d', 'h']",0,NA,26,2,1,"Neutral",48.5,100,51,100,50,100,2.5,0,0,1.5,1,1,"Neutral",0.975,0.878378378378378,0.942203314974904,1.04799490946509,0.105791594490182,50,92,NA
"village","h","PM cue","",NA,NA,NA,"","[0.9335922999307513]","['h']",1,NA,26,2,1,"Neutral",48.5,100,51,100,50,100,2.5,0,0,1.5,1,1,"Neutral",0.975,0.878378378378378,0.942203314974904,1.04799490946509,0.105791594490182,50,92,NA
"circle","h","PM cue","",NA,NA,NA,"","[0.8007906000129879]","['h']",1,NA,26,2,1,"Neutral",48.5,100,51,100,50,100,2.5,0,0,1.5,1,1,"Neutral",0.975,0.878378378378378,0.942203314974904,1.04799490946509,0.105791594490182,50,92,NA
"detail","h","PM cue","",NA,NA,NA,"","[1.0672510999720544]","['h']",1,NA,26,2,1,"Neutral",48.5,100,51,100,50,100,2.5,0,0,1.5,1,1,"Neutral",0.975,0.878378378378378,0.942203314974904,1.04799490946509,0.105791594490182,50,92,NA
"circle","h","PM cue","",NA,NA,NA,"","[0.7505180998705328]","['h']",1,NA,26,2,1,"Neutral",48.5,100,51,100,50,100,2.5,0,0,1.5,1,1,"Neutral",0.975,0.878378378378378,0.942203314974904,1.04799490946509,0.105791594490182,50,92,NA
"village","h","PM cue","",NA,NA,NA,"","[1.583333200076595]","['h']",1,NA,26,2,1,"Neutral",48.5,100,51,100,50,100,2.5,0,0,1.5,1,1,"Neutral",0.975,0.878378378378378,0.942203314974904,1.04799490946509,0.105791594490182,50,92,NA
"wagon","h","PM cue","",NA,NA,NA,"","[1.3005217998288572]","['h']",1,NA,27,3,1,"Neutral",20,34.5,24,39,26,40,4,4.5,5.5,6,1,1,"Neutral",0.95,0.932432432432432,0.477675941032477,0.690227534764239,0.212551593731762,50,78,NA
"teacher","h","PM cue","",NA,NA,NA,"","[1.3340459000319242]","['h']",1,NA,27,3,1,"Neutral",20,34.5,24,39,26,40,4,4.5,5.5,6,0,1,"Neutral",0.95,0.932432432432432,0.477675941032477,0.690227534764239,0.212551593731762,50,78,NA
"curious","h","PM cue","",NA,NA,NA,"","[1.1504192003048956]","['l']",0,NA,27,3,0,"Neutral",20,34.5,24,39,26,40,4,4.5,5.5,6,0,1,"Neutral",0.95,0.932432432432432,0.477675941032477,0.690227534764239,0.212551593731762,50,78,NA
"wagon","h","PM cue","",NA,NA,NA,"","[1.5667995000258088]","['h']",1,NA,27,3,1,"Neutral",20,34.5,24,39,26,40,4,4.5,5.5,6,1,1,"Neutral",0.95,0.932432432432432,0.477675941032477,0.690227534764239,0.212551593731762,50,78,NA
"curious","h","PM cue","",NA,NA,NA,"","[2.5669745998457074]","['h']",1,NA,27,3,1,"Neutral",20,34.5,24,39,26,40,4,4.5,5.5,6,0,1,"Neutral",0.95,0.932432432432432,0.477675941032477,0.690227534764239,0.212551593731762,50,78,NA
"teacher","h","PM cue","",NA,NA,NA,"","[0.5002367999404669, 1.8171961000189185]","['l', 'h']",0,NA,27,3,1,"Neutral",20,34.5,24,39,26,40,4,4.5,5.5,6,0,1,"Neutral",0.95,0.932432432432432,0.477675941032477,0.690227534764239,0.212551593731762,50,78,NA
"detail","h","PM cue","",NA,NA,NA,"","[1.450409400044009]","['h']",1,NA,28,2,1,"Neutral",76,60.5,69,85,68,63,-7,24.5,2.5,-8,1,1,"Neutral",1,1,0.731323560007149,0.931019645936259,0.199696085929109,47,69,NA
"village","h","PM cue","",NA,NA,NA,"","[1.2670954000204802]","['h']",1,NA,28,2,1,"Neutral",76,60.5,69,85,68,63,-7,24.5,2.5,-8,1,1,"Neutral",1,1,0.731323560007149,0.931019645936259,0.199696085929109,47,69,NA
"circle","h","PM cue","",NA,NA,NA,"","[1.6669093000236899]","['h']",1,NA,28,2,1,"Neutral",76,60.5,69,85,68,63,-7,24.5,2.5,-8,1,1,"Neutral",1,1,0.731323560007149,0.931019645936259,0.199696085929109,47,69,NA
"detail","h","PM cue","",NA,NA,NA,"","[1.0671594000887126]","['h']",1,NA,28,2,1,"Neutral",76,60.5,69,85,68,63,-7,24.5,2.5,-8,1,1,"Neutral",1,1,0.731323560007149,0.931019645936259,0.199696085929109,47,69,NA
"circle","h","PM cue","",NA,NA,NA,"","[1.1674091999884695]","['h']",1,NA,28,2,1,"Neutral",76,60.5,69,85,68,63,-7,24.5,2.5,-8,1,1,"Neutral",1,1,0.731323560007149,0.931019645936259,0.199696085929109,47,69,NA
"village","h","PM cue","",NA,NA,NA,"","[1.2675576000474393]","['h']",1,NA,28,2,1,"Neutral",76,60.5,69,85,68,63,-7,24.5,2.5,-8,1,1,"Neutral",1,1,0.731323560007149,0.931019645936259,0.199696085929109,47,69,NA
"bottle","h","PM cue","",NA,NA,NA,"","[1.0671233001630753]","['h']",1,NA,29,1,1,"Neutral",60.5,55,41,36,57,60,-19.5,-19,5,-3.5,1,1,"Neutral",0.8,0.783783783783784,0.745956772513455,0.84588433836574,0.0999275658522853,40,78,NA
"writer","h","PM cue","",NA,NA,NA,"","[0.7670157998800278]","['h']",1,NA,29,1,1,"Neutral",60.5,55,41,36,57,60,-19.5,-19,5,-3.5,1,1,"Neutral",0.8,0.783783783783784,0.745956772513455,0.84588433836574,0.0999275658522853,40,78,NA
"event","h","PM cue","",NA,NA,NA,"","[0.8506886998657137]","['h']",1,NA,29,1,1,"Neutral",60.5,55,41,36,57,60,-19.5,-19,5,-3.5,1,1,"Neutral",0.8,0.783783783783784,0.745956772513455,0.84588433836574,0.0999275658522853,40,78,NA
"writer","h","PM cue","",NA,NA,NA,"","[0.9173920000903308]","['h']",1,NA,29,1,1,"Neutral",60.5,55,41,36,57,60,-19.5,-19,5,-3.5,1,1,"Neutral",0.8,0.783783783783784,0.745956772513455,0.84588433836574,0.0999275658522853,40,78,NA
"bottle","h","PM cue","",NA,NA,NA,"","[0.9674370000138879]","['h']",1,NA,29,1,1,"Neutral",60.5,55,41,36,57,60,-19.5,-19,5,-3.5,1,1,"Neutral",0.8,0.783783783783784,0.745956772513455,0.84588433836574,0.0999275658522853,40,78,NA
"event","h","PM cue","",NA,NA,NA,"","[0.767146100057289]","['h']",1,NA,29,1,1,"Neutral",60.5,55,41,36,57,60,-19.5,-19,5,-3.5,1,1,"Neutral",0.8,0.783783783783784,0.745956772513455,0.84588433836574,0.0999275658522853,40,78,NA
"wagon","h","PM cue","",NA,NA,NA,"","[0.5004349999362603, 2.166730299941264]","['l', 'h']",0,NA,3,3,1,"Neutral",76.5,65,78,80,77,72,1.5,15,7,0.5,1,1,"Neutral",0.975,0.986486486486487,0.704640920000384,0.781985329733092,0.0773444097327082,38,58,NA
"teacher","h","PM cue","",NA,NA,NA,"","[1.4499972000485286]","['l']",0,NA,3,3,0,"Neutral",76.5,65,78,80,77,72,1.5,15,7,0.5,1,1,"Neutral",0.975,0.986486486486487,0.704640920000384,0.781985329733092,0.0773444097327082,38,58,NA
"curious","h","PM cue","",NA,NA,NA,"","[1.2170544000109658]","['h']",1,NA,3,3,1,"Neutral",76.5,65,78,80,77,72,1.5,15,7,0.5,1,1,"Neutral",0.975,0.986486486486487,0.704640920000384,0.781985329733092,0.0773444097327082,38,58,NA
"wagon","h","PM cue","",NA,NA,NA,"","[1.4837624999927357]","['h']",1,NA,3,3,1,"Neutral",76.5,65,78,80,77,72,1.5,15,7,0.5,1,1,"Neutral",0.975,0.986486486486487,0.704640920000384,0.781985329733092,0.0773444097327082,38,58,NA
"curious","h","PM cue","",NA,NA,NA,"","[1.7003596000140533]","['h']",1,NA,3,3,1,"Neutral",76.5,65,78,80,77,72,1.5,15,7,0.5,1,1,"Neutral",0.975,0.986486486486487,0.704640920000384,0.781985329733092,0.0773444097327082,38,58,NA
"teacher","h","PM cue","",NA,NA,NA,"","[0.7002266000490636]","['l']",0,NA,3,3,0,"Neutral",76.5,65,78,80,77,72,1.5,15,7,0.5,1,1,"Neutral",0.975,0.986486486486487,0.704640920000384,0.781985329733092,0.0773444097327082,38,58,NA
"bottle","h","PM cue","",NA,NA,NA,"","[0.4507556001190096, 1.0005646001081914, 2.433810600079596]","['l', 'd', 'h']",0,NA,30,1,1,"Neutral",75,35,82,69,57,92,7,34,57,-18,1,1,"Neutral",1,0.972972972972973,0.601325969974278,0.660152686300547,0.0588267163262696,19,98,NA
"writer","h","PM cue","",NA,NA,NA,"","[1.6170838000252843]","['h']",1,NA,30,1,1,"Neutral",75,35,82,69,57,92,7,34,57,-18,1,1,"Neutral",1,0.972972972972973,0.601325969974278,0.660152686300547,0.0588267163262696,19,98,NA
"event","h","PM cue","",NA,NA,NA,"","[1.017360399942845]","['h']",1,NA,30,1,1,"Neutral",75,35,82,69,57,92,7,34,57,-18,1,1,"Neutral",1,0.972972972972973,0.601325969974278,0.660152686300547,0.0588267163262696,19,98,NA
"writer","h","PM cue","",NA,NA,NA,"","[0.6673973000142723]","['h']",1,NA,30,1,1,"Neutral",75,35,82,69,57,92,7,34,57,-18,1,1,"Neutral",1,0.972972972972973,0.601325969974278,0.660152686300547,0.0588267163262696,19,98,NA
"bottle","h","PM cue","",NA,NA,NA,"","[1.1008768000174314]","['h']",1,NA,30,1,1,"Neutral",75,35,82,69,57,92,7,34,57,-18,1,1,"Neutral",1,0.972972972972973,0.601325969974278,0.660152686300547,0.0588267163262696,19,98,NA
"event","h","PM cue","",NA,NA,NA,"","[0.8838391997851431]","['h']",1,NA,30,1,1,"Neutral",75,35,82,69,57,92,7,34,57,-18,1,1,"Neutral",1,0.972972972972973,0.601325969974278,0.660152686300547,0.0588267163262696,19,98,NA
"wagon","h","PM cue","",NA,NA,NA,"","[0.8671574000036344, 1.9169289999990724]","['d', 'h']",0,NA,31,1,1,"Neutral",53.5,83,66,90,51,67,12.5,7,-16,-2.5,0,1,"Neutral",0.925,0.824324324324324,0.912593185001606,1.30667276087215,0.394079575870548,55,70,NA
"teacher","h","PM cue","",NA,NA,NA,"","[1.9337526999879628]","['h']",1,NA,31,1,1,"Neutral",53.5,83,66,90,51,67,12.5,7,-16,-2.5,1,1,"Neutral",0.925,0.824324324324324,0.912593185001606,1.30667276087215,0.394079575870548,55,70,NA
"curious","h","PM cue","",NA,NA,NA,"","[1.2674494000093546]","['l']",0,NA,31,1,0,"Neutral",53.5,83,66,90,51,67,12.5,7,-16,-2.5,0,1,"Neutral",0.925,0.824324324324324,0.912593185001606,1.30667276087215,0.394079575870548,55,70,NA
"wagon","h","PM cue","",NA,NA,NA,"","[1.3337436000001617]","['h']",1,NA,31,1,1,"Neutral",53.5,83,66,90,51,67,12.5,7,-16,-2.5,0,1,"Neutral",0.925,0.824324324324324,0.912593185001606,1.30667276087215,0.394079575870548,55,70,NA
"curious","h","PM cue","",NA,NA,NA,"","[0.9503487999900244]","['d']",0,NA,31,1,0,"Neutral",53.5,83,66,90,51,67,12.5,7,-16,-2.5,0,1,"Neutral",0.925,0.824324324324324,0.912593185001606,1.30667276087215,0.394079575870548,55,70,NA
"teacher","h","PM cue","",NA,NA,NA,"","[1.1336753999930806]","['h']",1,NA,31,1,1,"Neutral",53.5,83,66,90,51,67,12.5,7,-16,-2.5,1,1,"Neutral",0.925,0.824324324324324,0.912593185001606,1.30667276087215,0.394079575870548,55,70,NA
"detail","h","PM cue","",NA,NA,NA,"","[1.5667057000100613]","['l']",0,NA,32,1,0,"Neutral",52,39,61,41,57,43,9,2,4,5,1,1,"Neutral",0.875,0.918918918918919,0.830074804992182,1.04451697806458,0.214442173072395,63,79,NA
"village","h","PM cue","",NA,NA,NA,"","[0.6509509000461549, 2.2339620999991894]","['l', 'h']",0,NA,32,1,1,"Neutral",52,39,61,41,57,43,9,2,4,5,1,1,"Neutral",0.875,0.918918918918919,0.830074804992182,1.04451697806458,0.214442173072395,63,79,NA
"circle","h","PM cue","",NA,NA,NA,"","[0.7668353000190109]","['l']",0,NA,32,1,0,"Neutral",52,39,61,41,57,43,9,2,4,5,1,1,"Neutral",0.875,0.918918918918919,0.830074804992182,1.04451697806458,0.214442173072395,63,79,NA
"detail","h","PM cue","",NA,NA,NA,"","[1.4503426000010222, 2.2005016000475734]","['l', 'h']",0,NA,32,1,1,"Neutral",52,39,61,41,57,43,9,2,4,5,1,1,"Neutral",0.875,0.918918918918919,0.830074804992182,1.04451697806458,0.214442173072395,63,79,NA
"circle","h","PM cue","",NA,NA,NA,"","[1.0172631000168622]","['l']",0,NA,32,1,0,"Neutral",52,39,61,41,57,43,9,2,4,5,1,1,"Neutral",0.875,0.918918918918919,0.830074804992182,1.04451697806458,0.214442173072395,63,79,NA
"village","h","PM cue","",NA,NA,NA,"","[1.4171365001238883, 2.2502688001841307]","['l', 'h']",0,NA,32,1,1,"Neutral",52,39,61,41,57,43,9,2,4,5,1,1,"Neutral",0.875,0.918918918918919,0.830074804992182,1.04451697806458,0.214442173072395,63,79,NA
"wagon","h","PM cue","",NA,NA,NA,"","[1.0840574000030756]","['h']",1,NA,33,1,1,"Neutral",83,20.5,81,34,68,28,-2,13.5,7.5,-15,1,1,"Neutral",0.8,0.810810810810811,0.858364850003272,0.922620479450465,0.0642556294471931,55,83,NA
"teacher","h","PM cue","",NA,NA,NA,"","[1.3836343999719247]","['h']",1,NA,33,1,1,"Neutral",83,20.5,81,34,68,28,-2,13.5,7.5,-15,1,1,"Neutral",0.8,0.810810810810811,0.858364850003272,0.922620479450465,0.0642556294471931,55,83,NA
"curious","h","PM cue","",NA,NA,NA,"","[1.6836153999902308]","['l']",0,NA,33,1,0,"Neutral",83,20.5,81,34,68,28,-2,13.5,7.5,-15,0,1,"Neutral",0.8,0.810810810810811,0.858364850003272,0.922620479450465,0.0642556294471931,55,83,NA
"wagon","h","PM cue","",NA,NA,NA,"","[0.8012909999815747]","['h']",1,NA,33,1,1,"Neutral",83,20.5,81,34,68,28,-2,13.5,7.5,-15,1,1,"Neutral",0.8,0.810810810810811,0.858364850003272,0.922620479450465,0.0642556294471931,55,83,NA
"curious","h","PM cue","",NA,NA,NA,"","[0.717165699985344]","['h']",1,NA,33,1,1,"Neutral",83,20.5,81,34,68,28,-2,13.5,7.5,-15,0,1,"Neutral",0.8,0.810810810810811,0.858364850003272,0.922620479450465,0.0642556294471931,55,83,NA
"teacher","h","PM cue","",NA,NA,NA,"","[0.833741899987217]","['h']",1,NA,33,1,1,"Neutral",83,20.5,81,34,68,28,-2,13.5,7.5,-15,1,1,"Neutral",0.8,0.810810810810811,0.858364850003272,0.922620479450465,0.0642556294471931,55,83,NA
"detail","h","PM cue","",NA,NA,NA,"","[1.2007305999286473]","['h']",1,NA,34,1,1,"Neutral",60.5,92.5,59,90,51,91,-1.5,-2.5,-1.5,-9.5,1,1,"Neutral",0.975,0.905405405405405,0.74541086248355,0.794163793265643,0.0487529307820935,62,75,NA
"village","h","PM cue","",NA,NA,NA,"","[1.5673195000272244]","['h']",1,NA,34,1,1,"Neutral",60.5,92.5,59,90,51,91,-1.5,-2.5,-1.5,-9.5,1,1,"Neutral",0.975,0.905405405405405,0.74541086248355,0.794163793265643,0.0487529307820935,62,75,NA
"circle","h","PM cue","",NA,NA,NA,"","[1.3337454998400062]","['h']",1,NA,34,1,1,"Neutral",60.5,92.5,59,90,51,91,-1.5,-2.5,-1.5,-9.5,1,1,"Neutral",0.975,0.905405405405405,0.74541086248355,0.794163793265643,0.0487529307820935,62,75,NA
"detail","h","PM cue","",NA,NA,NA,"","[1.3170801000669599]","['h']",1,NA,34,1,1,"Neutral",60.5,92.5,59,90,51,91,-1.5,-2.5,-1.5,-9.5,1,1,"Neutral",0.975,0.905405405405405,0.74541086248355,0.794163793265643,0.0487529307820935,62,75,NA
"circle","h","PM cue","",NA,NA,NA,"","[0.6005323000717908]","['l']",0,NA,34,1,0,"Neutral",60.5,92.5,59,90,51,91,-1.5,-2.5,-1.5,-9.5,1,1,"Neutral",0.975,0.905405405405405,0.74541086248355,0.794163793265643,0.0487529307820935,62,75,NA
"village","h","PM cue","",NA,NA,NA,"","[1.367144800024107]","['h']",1,NA,34,1,1,"Neutral",60.5,92.5,59,90,51,91,-1.5,-2.5,-1.5,-9.5,1,1,"Neutral",0.975,0.905405405405405,0.74541086248355,0.794163793265643,0.0487529307820935,62,75,NA
"bottle","h","PM cue","",NA,NA,NA,"","[2.3001977999228984]","['l']",0,NA,35,1,0,"Neutral",81.5,69.5,80,80,82,99,-1.5,10.5,29.5,0.5,1,1,"Neutral",0.975,0.972972972972973,0.812852917483542,1.17272769726098,0.359874779777442,41,81,NA
"writer","h","PM cue","",NA,NA,NA,"","[2.267289400100708]","['h']",1,NA,35,1,1,"Neutral",81.5,69.5,80,80,82,99,-1.5,10.5,29.5,0.5,1,1,"Neutral",0.975,0.972972972972973,0.812852917483542,1.17272769726098,0.359874779777442,41,81,NA
"event","h","PM cue","",NA,NA,NA,"","[1.6838215000461787, 2.1838317001238465]","['l', 'h']",0,NA,35,1,1,"Neutral",81.5,69.5,80,80,82,99,-1.5,10.5,29.5,0.5,1,1,"Neutral",0.975,0.972972972972973,0.812852917483542,1.17272769726098,0.359874779777442,41,81,NA
"writer","h","PM cue","",NA,NA,NA,"","[1.4669910999946296, 1.933364799944684]","['d', 'h']",0,NA,35,1,1,"Neutral",81.5,69.5,80,80,82,99,-1.5,10.5,29.5,0.5,1,1,"Neutral",0.975,0.972972972972973,0.812852917483542,1.17272769726098,0.359874779777442,41,81,NA
"bottle","h","PM cue","",NA,NA,NA,"","[1.5504633001983166, 2.3668657999951392]","['d', 'h']",0,NA,35,1,1,"Neutral",81.5,69.5,80,80,82,99,-1.5,10.5,29.5,0.5,1,1,"Neutral",0.975,0.972972972972973,0.812852917483542,1.17272769726098,0.359874779777442,41,81,NA
"event","h","PM cue","",NA,NA,NA,"","[1.217018499970436]","['d']",0,NA,35,1,0,"Neutral",81.5,69.5,80,80,82,99,-1.5,10.5,29.5,0.5,1,1,"Neutral",0.975,0.972972972972973,0.812852917483542,1.17272769726098,0.359874779777442,41,81,NA
"bottle","h","PM cue","",NA,NA,NA,"","[1.7339220000430942, 2.300420500105247]","['l', 'h']",0,NA,36,1,1,"Neutral",100,40,100,80,100,100,0,40,60,0,1,1,"Neutral",0.7,0.837837837837838,0.810692910023499,1.01353153784923,0.20283862782573,25,97,NA
"writer","h","PM cue","",NA,NA,NA,"","[1.200985899893567, 2.3507006000727415]","['l', 'h']",0,NA,36,1,1,"Neutral",100,40,100,80,100,100,0,40,60,0,1,1,"Neutral",0.7,0.837837837837838,0.810692910023499,1.01353153784923,0.20283862782573,25,97,NA
"event","h","PM cue","",NA,NA,NA,"","[1.4836122998967767, 1.9167418000288308]","['d', 'h']",0,NA,36,1,1,"Neutral",100,40,100,80,100,100,0,40,60,0,1,1,"Neutral",0.7,0.837837837837838,0.810692910023499,1.01353153784923,0.20283862782573,25,97,NA
"writer","h","PM cue","",NA,NA,NA,"","[1.0499948000069708, 1.5005161999724805]","['d', 'h']",0,NA,36,1,1,"Neutral",100,40,100,80,100,100,0,40,60,0,1,1,"Neutral",0.7,0.837837837837838,0.810692910023499,1.01353153784923,0.20283862782573,25,97,NA
"bottle","h","PM cue","",NA,NA,NA,"","[1.5002854000777006, 1.900360899977386]","['d', 'h']",0,NA,36,1,1,"Neutral",100,40,100,80,100,100,0,40,60,0,1,1,"Neutral",0.7,0.837837837837838,0.810692910023499,1.01353153784923,0.20283862782573,25,97,NA
"event","h","PM cue","",NA,NA,NA,"","[0.8506579999811947]","['d']",0,NA,36,1,0,"Neutral",100,40,100,80,100,100,0,40,60,0,1,1,"Neutral",0.7,0.837837837837838,0.810692910023499,1.01353153784923,0.20283862782573,25,97,NA
"wagon","h","PM cue","",NA,NA,NA,"","[0.433946399949491, 0.8338820999488235]","['l', 'd']",0,NA,37,1,0,"Neutral",9,91.5,9,92,9,92,0,0.5,0.5,0,1,1,"Neutral",0.9,0.743243243243243,0.825440969996271,0.702591223940647,-0.122849746055624,70,89,NA
"teacher","h","PM cue","",NA,NA,NA,"","[0.8674562000669539]","['l']",0,NA,37,1,0,"Neutral",9,91.5,9,92,9,92,0,0.5,0.5,0,0,1,"Neutral",0.9,0.743243243243243,0.825440969996271,0.702591223940647,-0.122849746055624,70,89,NA
"curious","h","PM cue","",NA,NA,NA,"","[0.7337566999485716]","['l']",0,NA,37,1,0,"Neutral",9,91.5,9,92,9,92,0,0.5,0.5,0,0,1,"Neutral",0.9,0.743243243243243,0.825440969996271,0.702591223940647,-0.122849746055624,70,89,NA
"wagon","h","PM cue","",NA,NA,NA,"","[0.8174328999593854]","['d']",0,NA,37,1,0,"Neutral",9,91.5,9,92,9,92,0,0.5,0.5,0,1,1,"Neutral",0.9,0.743243243243243,0.825440969996271,0.702591223940647,-0.122849746055624,70,89,NA
"curious","h","PM cue","",NA,NA,NA,"","[0.6007492000935599]","['l']",0,NA,37,1,0,"Neutral",9,91.5,9,92,9,92,0,0.5,0.5,0,0,1,"Neutral",0.9,0.743243243243243,0.825440969996271,0.702591223940647,-0.122849746055624,70,89,NA
"teacher","h","PM cue","",NA,NA,NA,"","[0.48408870003186166]","['l']",0,NA,37,1,0,"Neutral",9,91.5,9,92,9,92,0,0.5,0.5,0,0,1,"Neutral",0.9,0.743243243243243,0.825440969996271,0.702591223940647,-0.122849746055624,70,89,NA
"detail","h","PM cue","",NA,NA,NA,"","[2.333663900033571]","['h']",1,NA,38,1,1,"Neutral",82.5,54.5,83,59,82,59,0.5,4.5,4.5,-0.5,1,1,"Neutral",0.95,0.959459459459459,0.63918072750821,0.844320689042558,0.205139961534348,60,80,NA
"village","h","PM cue","",NA,NA,NA,"","[1.0841100999969058]","['h']",1,NA,38,1,1,"Neutral",82.5,54.5,83,59,82,59,0.5,4.5,4.5,-0.5,1,1,"Neutral",0.95,0.959459459459459,0.63918072750821,0.844320689042558,0.205139961534348,60,80,NA
"circle","h","PM cue","",NA,NA,NA,"","[1.4174697000416927]","['h']",1,NA,38,1,1,"Neutral",82.5,54.5,83,59,82,59,0.5,4.5,4.5,-0.5,1,1,"Neutral",0.95,0.959459459459459,0.63918072750821,0.844320689042558,0.205139961534348,60,80,NA
"detail","h","PM cue","",NA,NA,NA,"","[1.183888699975796]","['h']",1,NA,38,1,1,"Neutral",82.5,54.5,83,59,82,59,0.5,4.5,4.5,-0.5,1,1,"Neutral",0.95,0.959459459459459,0.63918072750821,0.844320689042558,0.205139961534348,60,80,NA
"circle","h","PM cue","",NA,NA,NA,"","[1.1836915999883786]","['h']",1,NA,38,1,1,"Neutral",82.5,54.5,83,59,82,59,0.5,4.5,4.5,-0.5,1,1,"Neutral",0.95,0.959459459459459,0.63918072750821,0.844320689042558,0.205139961534348,60,80,NA
"village","h","PM cue","",NA,NA,NA,"","[1.1505342000164092]","['h']",1,NA,38,1,1,"Neutral",82.5,54.5,83,59,82,59,0.5,4.5,4.5,-0.5,1,1,"Neutral",0.95,0.959459459459459,0.63918072750821,0.844320689042558,0.205139961534348,60,80,NA
"wagon","h","PM cue","",NA,NA,NA,"","[1.4007390000042506]","['h']",1,NA,39,3,1,"Neutral",50.5,100,52,100,61,99,1.5,0,-1,10.5,1,1,"Neutral",0.975,0.959459459459459,0.88388369250024,0.856169012327334,-0.0277146801729057,42,64,NA
"teacher","h","PM cue","",NA,NA,NA,"","[0.7505554999806918]","['l']",0,NA,39,3,0,"Neutral",50.5,100,52,100,61,99,1.5,0,-1,10.5,1,1,"Neutral",0.975,0.959459459459459,0.88388369250024,0.856169012327334,-0.0277146801729057,42,64,NA
"curious","h","PM cue","",NA,NA,NA,"","[1.300674700003583]","['h']",1,NA,39,3,1,"Neutral",50.5,100,52,100,61,99,1.5,0,-1,10.5,1,1,"Neutral",0.975,0.959459459459459,0.88388369250024,0.856169012327334,-0.0277146801729057,42,64,NA
"wagon","h","PM cue","",NA,NA,NA,"","[0.6837890999740921]","['h']",1,NA,39,3,1,"Neutral",50.5,100,52,100,61,99,1.5,0,-1,10.5,1,1,"Neutral",0.975,0.959459459459459,0.88388369250024,0.856169012327334,-0.0277146801729057,42,64,NA
"curious","h","PM cue","",NA,NA,NA,"","[0.6506973000359721]","['l']",0,NA,39,3,0,"Neutral",50.5,100,52,100,61,99,1.5,0,-1,10.5,1,1,"Neutral",0.975,0.959459459459459,0.88388369250024,0.856169012327334,-0.0277146801729057,42,64,NA
"teacher","h","PM cue","",NA,NA,NA,"","[0.916494800010696]","['h']",1,NA,39,3,1,"Neutral",50.5,100,52,100,61,99,1.5,0,-1,10.5,1,1,"Neutral",0.975,0.959459459459459,0.88388369250024,0.856169012327334,-0.0277146801729057,42,64,NA
"detail","h","PM cue","",NA,NA,NA,"","[0.7173631000332534]","['l']",0,NA,4,2,0,"Neutral",87.5,61.5,53,48,72,50,-34.5,-13.5,-11.5,-15.5,1,1,"Neutral",1,0.945945945945946,0.827572452498134,0.975957298643472,0.148384846145337,41,72,NA
"village","h","PM cue","",NA,NA,NA,"","[0.9836536999791861, 1.7335938999895006]","['l', 'h']",0,NA,4,2,1,"Neutral",87.5,61.5,53,48,72,50,-34.5,-13.5,-11.5,-15.5,1,1,"Neutral",1,0.945945945945946,0.827572452498134,0.975957298643472,0.148384846145337,41,72,NA
"circle","h","PM cue","",NA,NA,NA,"","[0.7173788000363857]","['l']",0,NA,4,2,0,"Neutral",87.5,61.5,53,48,72,50,-34.5,-13.5,-11.5,-15.5,1,1,"Neutral",1,0.945945945945946,0.827572452498134,0.975957298643472,0.148384846145337,41,72,NA
"detail","h","PM cue","",NA,NA,NA,"","[1.0842084999894723, 2.634024200029671]","['l', 'h']",0,NA,4,2,1,"Neutral",87.5,61.5,53,48,72,50,-34.5,-13.5,-11.5,-15.5,1,1,"Neutral",1,0.945945945945946,0.827572452498134,0.975957298643472,0.148384846145337,41,72,NA
"circle","h","PM cue","",NA,NA,NA,"","[1.5007486999966204, 2.117331500048749]","['h', 'l']",1,NA,4,2,1,"Neutral",87.5,61.5,53,48,72,50,-34.5,-13.5,-11.5,-15.5,1,1,"Neutral",1,0.945945945945946,0.827572452498134,0.975957298643472,0.148384846145337,41,72,NA
"village","h","PM cue","",NA,NA,NA,"","[1.1840205999324098, 1.7006246999371797]","['h', 'l']",1,NA,4,2,1,"Neutral",87.5,61.5,53,48,72,50,-34.5,-13.5,-11.5,-15.5,1,1,"Neutral",1,0.945945945945946,0.827572452498134,0.975957298643472,0.148384846145337,41,72,NA
"detail","h","PM cue","",NA,NA,NA,"","[1.1672629000386223]","['h']",1,NA,40,1,1,"Neutral",62,70,68,59,68,61,6,-11,-9,6,1,1,"Neutral",1,0.959459459459459,0.596290105005028,0.768061275673382,0.171771170668354,26,53,NA
"village","h","PM cue","",NA,NA,NA,"","[1.2838420000043698]","['h']",1,NA,40,1,1,"Neutral",62,70,68,59,68,61,6,-11,-9,6,1,1,"Neutral",1,0.959459459459459,0.596290105005028,0.768061275673382,0.171771170668354,26,53,NA
"circle","h","PM cue","",NA,NA,NA,"","[1.200222399958875]","['h']",1,NA,40,1,1,"Neutral",62,70,68,59,68,61,6,-11,-9,6,1,1,"Neutral",1,0.959459459459459,0.596290105005028,0.768061275673382,0.171771170668354,26,53,NA
"detail","h","PM cue","",NA,NA,NA,"","[1.2339424999663606]","['h']",1,NA,40,1,1,"Neutral",62,70,68,59,68,61,6,-11,-9,6,1,1,"Neutral",1,0.959459459459459,0.596290105005028,0.768061275673382,0.171771170668354,26,53,NA
"circle","h","PM cue","",NA,NA,NA,"","[1.083697999943979]","['h']",1,NA,40,1,1,"Neutral",62,70,68,59,68,61,6,-11,-9,6,1,1,"Neutral",1,0.959459459459459,0.596290105005028,0.768061275673382,0.171771170668354,26,53,NA
"village","h","PM cue","",NA,NA,NA,"","[1.067282999982126]","['h']",1,NA,40,1,1,"Neutral",62,70,68,59,68,61,6,-11,-9,6,1,1,"Neutral",1,0.959459459459459,0.596290105005028,0.768061275673382,0.171771170668354,26,53,NA
"bottle","h","PM cue","",NA,NA,NA,"","[1.5166879000607878]","['l']",0,NA,41,1,0,"Neutral",80,99.5,75,90,71,100,-5,-9.5,0.5,-9,0,1,"Neutral",0.85,0.783783783783784,0.885464980005054,1.07441140684994,0.188946426844891,40,79,NA
"writer","h","PM cue","",NA,NA,NA,"","[1.9838823999743909]","['d']",0,NA,41,1,0,"Neutral",80,99.5,75,90,71,100,-5,-9.5,0.5,-9,1,1,"Neutral",0.85,0.783783783783784,0.885464980005054,1.07441140684994,0.188946426844891,40,79,NA
"event","h","PM cue","",NA,NA,NA,"","[1.2510285000316799]","['d']",0,NA,41,1,0,"Neutral",80,99.5,75,90,71,100,-5,-9.5,0.5,-9,1,1,"Neutral",0.85,0.783783783783784,0.885464980005054,1.07441140684994,0.188946426844891,40,79,NA
"writer","h","PM cue","",NA,NA,NA,"","[0.7334805000573397]","['d']",0,NA,41,1,0,"Neutral",80,99.5,75,90,71,100,-5,-9.5,0.5,-9,1,1,"Neutral",0.85,0.783783783783784,0.885464980005054,1.07441140684994,0.188946426844891,40,79,NA
"bottle","h","PM cue","",NA,NA,NA,"","[1.4676352000096813]","['d']",0,NA,41,1,0,"Neutral",80,99.5,75,90,71,100,-5,-9.5,0.5,-9,0,1,"Neutral",0.85,0.783783783783784,0.885464980005054,1.07441140684994,0.188946426844891,40,79,NA
"event","h","PM cue","",NA,NA,NA,"","[0.8838766000699252]","['d']",0,NA,41,1,0,"Neutral",80,99.5,75,90,71,100,-5,-9.5,0.5,-9,1,1,"Neutral",0.85,0.783783783783784,0.885464980005054,1.07441140684994,0.188946426844891,40,79,NA
"bottle","h","PM cue","",NA,NA,NA,"","[1.234082999988459, 2.1673286999575794]","['h', 'l']",1,NA,42,1,1,"Neutral",81,100,81,100,81,100,0,0,0,0,1,1,"Neutral",0.9,0.959459459459459,0.94384249249124,1.0389588878339,0.0951163953426608,65,94,NA
"writer","h","PM cue","",NA,NA,NA,"","[1.3339077000273392, 1.7836853000335395]","['l', 'h']",0,NA,42,1,1,"Neutral",81,100,81,100,81,100,0,0,0,0,1,1,"Neutral",0.9,0.959459459459459,0.94384249249124,1.0389588878339,0.0951163953426608,65,94,NA
"event","h","PM cue","",NA,NA,NA,"","[1.5670378999784589]","['l']",0,NA,42,1,0,"Neutral",81,100,81,100,81,100,0,0,0,0,1,1,"Neutral",0.9,0.959459459459459,0.94384249249124,1.0389588878339,0.0951163953426608,65,94,NA
"writer","h","PM cue","",NA,NA,NA,"","[1.817250999971293, 2.250421400065534]","['l', 'h']",0,NA,42,1,1,"Neutral",81,100,81,100,81,100,0,0,0,0,1,1,"Neutral",0.9,0.959459459459459,0.94384249249124,1.0389588878339,0.0951163953426608,65,94,NA
"bottle","h","PM cue","",NA,NA,NA,"","[1.3179381999652833]","['l']",0,NA,42,1,0,"Neutral",81,100,81,100,81,100,0,0,0,0,1,1,"Neutral",0.9,0.959459459459459,0.94384249249124,1.0389588878339,0.0951163953426608,65,94,NA
"event","h","PM cue","",NA,NA,NA,"","[1.2172221000073478]","['l']",0,NA,42,1,0,"Neutral",81,100,81,100,81,100,0,0,0,0,1,1,"Neutral",0.9,0.959459459459459,0.94384249249124,1.0389588878339,0.0951163953426608,65,94,NA
"wagon","h","PM cue","",NA,NA,NA,"","[1.7172703999676742]","['h']",1,NA,43,1,1,"Neutral",64,80,72,84,76,83,8,4,3,12,1,1,"Neutral",1,1,0.86192382749723,0.936767567567389,0.0748437400701585,31,85,NA
"teacher","h","PM cue","",NA,NA,NA,"","[1.1172608000342734]","['h']",1,NA,43,1,1,"Neutral",64,80,72,84,76,83,8,4,3,12,1,1,"Neutral",1,1,0.86192382749723,0.936767567567389,0.0748437400701585,31,85,NA
"curious","h","PM cue","",NA,NA,NA,"","[2.2832261999719776]","['l']",0,NA,43,1,0,"Neutral",64,80,72,84,76,83,8,4,3,12,1,1,"Neutral",1,1,0.86192382749723,0.936767567567389,0.0748437400701585,31,85,NA
"wagon","h","PM cue","",NA,NA,NA,"","[1.51681900001131]","['h']",1,NA,43,1,1,"Neutral",64,80,72,84,76,83,8,4,3,12,1,1,"Neutral",1,1,0.86192382749723,0.936767567567389,0.0748437400701585,31,85,NA
"curious","h","PM cue","",NA,NA,NA,"","[1.4835366999614052]","['l']",0,NA,43,1,0,"Neutral",64,80,72,84,76,83,8,4,3,12,1,1,"Neutral",1,1,0.86192382749723,0.936767567567389,0.0748437400701585,31,85,NA
"teacher","h","PM cue","",NA,NA,NA,"","[1.1337280999869108]","['h']",1,NA,43,1,1,"Neutral",64,80,72,84,76,83,8,4,3,12,1,1,"Neutral",1,1,0.86192382749723,0.936767567567389,0.0748437400701585,31,85,NA
"detail","h","PM cue","",NA,NA,NA,"","[1.300466899992898]","['h']",1,NA,44,2,1,"Neutral",34,58,59,46,39,71,25,-12,13,5,1,1,"Neutral",0.95,0.959459459459459,0.750040147498657,1.0553874554037,0.305347307905047,62,86,NA
"village","h","PM cue","",NA,NA,NA,"","[1.0840314999804832]","['h']",1,NA,44,2,1,"Neutral",34,58,59,46,39,71,25,-12,13,5,1,1,"Neutral",0.95,0.959459459459459,0.750040147498657,1.0553874554037,0.305347307905047,62,86,NA
"circle","h","PM cue","",NA,NA,NA,"","[1.1170539000304416]","['h']",1,NA,44,2,1,"Neutral",34,58,59,46,39,71,25,-12,13,5,1,1,"Neutral",0.95,0.959459459459459,0.750040147498657,1.0553874554037,0.305347307905047,62,86,NA
"detail","h","PM cue","",NA,NA,NA,"","[1.7169655000325292, 2.250397099996917]","['l', 'h']",0,NA,44,2,1,"Neutral",34,58,59,46,39,71,25,-12,13,5,1,1,"Neutral",0.95,0.959459459459459,0.750040147498657,1.0553874554037,0.305347307905047,62,86,NA
"circle","h","PM cue","",NA,NA,NA,"","[0.9836786999949254]","['h']",1,NA,44,2,1,"Neutral",34,58,59,46,39,71,25,-12,13,5,1,1,"Neutral",0.95,0.959459459459459,0.750040147498657,1.0553874554037,0.305347307905047,62,86,NA
"village","h","PM cue","",NA,NA,NA,"","[1.1838084000046365]","['h']",1,NA,44,2,1,"Neutral",34,58,59,46,39,71,25,-12,13,5,1,1,"Neutral",0.95,0.959459459459459,0.750040147498657,1.0553874554037,0.305347307905047,62,86,NA
"wagon","h","PM cue","",NA,NA,NA,"","[1.5339810000004945]","['h']",1,NA,45,1,1,"Neutral",71,89.5,73,88,72,88,2,-1.5,-1.5,1,1,1,"Neutral",1,0.945945945945946,1.27251982499997,1.21468197162132,-0.0578378533786568,49,88,NA
"teacher","h","PM cue","",NA,NA,NA,"","[1.883604299997387]","['l']",0,NA,45,1,0,"Neutral",71,89.5,73,88,72,88,2,-1.5,-1.5,1,1,1,"Neutral",1,0.945945945945946,1.27251982499997,1.21468197162132,-0.0578378533786568,49,88,NA
"curious","h","PM cue","",NA,NA,NA,"","[1.050835800000641]","['l']",0,NA,45,1,0,"Neutral",71,89.5,73,88,72,88,2,-1.5,-1.5,1,1,1,"Neutral",1,0.945945945945946,1.27251982499997,1.21468197162132,-0.0578378533786568,49,88,NA
"wagon","h","PM cue","",NA,NA,NA,"","[1.25044120000166]","['h']",1,NA,45,1,1,"Neutral",71,89.5,73,88,72,88,2,-1.5,-1.5,1,1,1,"Neutral",1,0.945945945945946,1.27251982499997,1.21468197162132,-0.0578378533786568,49,88,NA
"curious","h","PM cue","",NA,NA,NA,"","[1.0338895999993838]","['l']",0,NA,45,1,0,"Neutral",71,89.5,73,88,72,88,2,-1.5,-1.5,1,1,1,"Neutral",1,0.945945945945946,1.27251982499997,1.21468197162132,-0.0578378533786568,49,88,NA
"teacher","h","PM cue","",NA,NA,NA,"","[2.0005770999996457]","['h']",1,NA,45,1,1,"Neutral",71,89.5,73,88,72,88,2,-1.5,-1.5,1,1,1,"Neutral",1,0.945945945945946,1.27251982499997,1.21468197162132,-0.0578378533786568,49,88,NA
"detail","h","PM cue","",NA,NA,NA,"","[0.4838187000132166]","['l']",0,NA,46,2,0,"Neutral",89.5,40,93,42,79,42,3.5,2,2,-10.5,1,1,"Neutral",0.925,0.932432432432432,0.679276322493388,0.75660427296896,0.0773279504755723,29,52,NA
"village","h","PM cue","",NA,NA,NA,"","[2.117182900023181]","['h']",1,NA,46,2,1,"Neutral",89.5,40,93,42,79,42,3.5,2,2,-10.5,1,1,"Neutral",0.925,0.932432432432432,0.679276322493388,0.75660427296896,0.0773279504755723,29,52,NA
"circle","h","PM cue","",NA,NA,NA,"","[1.7503518000012264]","['h']",1,NA,46,2,1,"Neutral",89.5,40,93,42,79,42,3.5,2,2,-10.5,1,1,"Neutral",0.925,0.932432432432432,0.679276322493388,0.75660427296896,0.0773279504755723,29,52,NA
"detail","h","PM cue","",NA,NA,NA,"","[1.9673106999835]","['h']",1,NA,46,2,1,"Neutral",89.5,40,93,42,79,42,3.5,2,2,-10.5,1,1,"Neutral",0.925,0.932432432432432,0.679276322493388,0.75660427296896,0.0773279504755723,29,52,NA
"circle","h","PM cue","",NA,NA,NA,"","[1.817167299974244]","['h']",1,NA,46,2,1,"Neutral",89.5,40,93,42,79,42,3.5,2,2,-10.5,1,1,"Neutral",0.925,0.932432432432432,0.679276322493388,0.75660427296896,0.0773279504755723,29,52,NA
"village","h","PM cue","",NA,NA,NA,"","[1.550529700005427]","['h']",1,NA,46,2,1,"Neutral",89.5,40,93,42,79,42,3.5,2,2,-10.5,1,1,"Neutral",0.925,0.932432432432432,0.679276322493388,0.75660427296896,0.0773279504755723,29,52,NA
"bottle","h","PM cue","",NA,NA,NA,"","[1.3005032999790274]","['l']",0,NA,47,1,0,"Neutral",31,60,20,80,20,81,-11,20,21,-11,1,1,"Neutral",0.925,0.918918918918919,0.719680105134522,0.767621363014021,0.0479412578794987,NA,87,NA
"writer","h","PM cue","",NA,NA,NA,"","[1.3170448000309989]","['l']",0,NA,47,1,0,"Neutral",31,60,20,80,20,81,-11,20,21,-11,1,1,"Neutral",0.925,0.918918918918919,0.719680105134522,0.767621363014021,0.0479412578794987,NA,87,NA
"event","h","PM cue","",NA,NA,NA,"","[1.0505806999863125]","['l']",0,NA,47,1,0,"Neutral",31,60,20,80,20,81,-11,20,21,-11,1,1,"Neutral",0.925,0.918918918918919,0.719680105134522,0.767621363014021,0.0479412578794987,NA,87,NA
"writer","h","PM cue","",NA,NA,NA,"","[1.2502337000332773, 1.6834393999888562]","['h', 'l']",1,NA,47,1,1,"Neutral",31,60,20,80,20,81,-11,20,21,-11,1,1,"Neutral",0.925,0.918918918918919,0.719680105134522,0.767621363014021,0.0479412578794987,NA,87,NA
"bottle","h","PM cue","",NA,NA,NA,"","[1.4505536000360735]","['h']",1,NA,47,1,1,"Neutral",31,60,20,80,20,81,-11,20,21,-11,1,1,"Neutral",0.925,0.918918918918919,0.719680105134522,0.767621363014021,0.0479412578794987,NA,87,NA
"event","h","PM cue","",NA,NA,NA,"","[1.4332251999876462]","['h']",1,NA,47,1,1,"Neutral",31,60,20,80,20,81,-11,20,21,-11,1,1,"Neutral",0.925,0.918918918918919,0.719680105134522,0.767621363014021,0.0479412578794987,NA,87,NA
"bottle","h","PM cue","",NA,NA,NA,"","[1.1671508999997968]","['h']",1,NA,48,1,1,"Neutral",81.5,55,85,50,81,50,3.5,-5,-5,-0.5,1,1,"Neutral",0.9,0.986486486486487,0.897569551282056,1.01212070547947,0.114551154197409,34,62,NA
"writer","h","PM cue","",NA,NA,NA,"","[1.1339500000003682]","['h']",1,NA,48,1,1,"Neutral",81.5,55,85,50,81,50,3.5,-5,-5,-0.5,1,1,"Neutral",0.9,0.986486486486487,0.897569551282056,1.01212070547947,0.114551154197409,34,62,NA
"event","h","PM cue","",NA,NA,NA,"","[1.3005481000000145]","['h']",1,NA,48,1,1,"Neutral",81.5,55,85,50,81,50,3.5,-5,-5,-0.5,1,1,"Neutral",0.9,0.986486486486487,0.897569551282056,1.01212070547947,0.114551154197409,34,62,NA
"writer","h","PM cue","",NA,NA,NA,"","[1.2503954000003432]","['h']",1,NA,48,1,1,"Neutral",81.5,55,85,50,81,50,3.5,-5,-5,-0.5,1,1,"Neutral",0.9,0.986486486486487,0.897569551282056,1.01212070547947,0.114551154197409,34,62,NA
"bottle","h","PM cue","",NA,NA,NA,"","[1.2337170999999216]","['h']",1,NA,48,1,1,"Neutral",81.5,55,85,50,81,50,3.5,-5,-5,-0.5,1,1,"Neutral",0.9,0.986486486486487,0.897569551282056,1.01212070547947,0.114551154197409,34,62,NA
"event","h","PM cue","",NA,NA,NA,"","[1.3006103999996412]","['h']",1,NA,48,1,1,"Neutral",81.5,55,85,50,81,50,3.5,-5,-5,-0.5,1,1,"Neutral",0.9,0.986486486486487,0.897569551282056,1.01212070547947,0.114551154197409,34,62,NA
"wagon","h","PM cue","",NA,NA,NA,"","[0.7506166999955894]","['d']",0,NA,49,1,0,"Neutral",45,43,72,71,50,45,27,28,2,5,1,1,"Neutral",0.95,0.959459459459459,0.460204484999849,0.519601823944266,0.0593973389444163,62,77,NA
"teacher","h","PM cue","",NA,NA,NA,"","[0.9838902000046801, 1.5506805000040913]","['h', 'l']",1,NA,49,1,1,"Neutral",45,43,72,71,50,45,27,28,2,5,1,1,"Neutral",0.95,0.959459459459459,0.460204484999849,0.519601823944266,0.0593973389444163,62,77,NA
"curious","h","PM cue","",NA,NA,NA,"","[0.41716560001077596, 1.051138800001354]","['l', 'h']",0,NA,49,1,1,"Neutral",45,43,72,71,50,45,27,28,2,5,1,1,"Neutral",0.95,0.959459459459459,0.460204484999849,0.519601823944266,0.0593973389444163,62,77,NA
"wagon","h","PM cue","",NA,NA,NA,"","[0.46744619999662973, 1.050647999989451, 1.8339706999977352]","['l', 'h', 'l']",0,NA,49,1,1,"Neutral",45,43,72,71,50,45,27,28,2,5,1,1,"Neutral",0.95,0.959459459459459,0.460204484999849,0.519601823944266,0.0593973389444163,62,77,NA
"curious","h","PM cue","",NA,NA,NA,"","[0.867312900008983, 1.4005554000032134]","['l', 'h']",0,NA,49,1,1,"Neutral",45,43,72,71,50,45,27,28,2,5,1,1,"Neutral",0.95,0.959459459459459,0.460204484999849,0.519601823944266,0.0593973389444163,62,77,NA
"teacher","h","PM cue","",NA,NA,NA,"","[0.5006042999884812, 1.2835945999977412]","['l', 'h']",0,NA,49,1,1,"Neutral",45,43,72,71,50,45,27,28,2,5,1,1,"Neutral",0.95,0.959459459459459,0.460204484999849,0.519601823944266,0.0593973389444163,62,77,NA
"bottle","h","PM cue","",NA,NA,NA,"","[1.0839102999998431]","['l']",0,NA,5,1,0,"Neutral",53.5,55.5,50,64,51,73,-3.5,8.5,17.5,-2.5,0,1,"Neutral",1,0.878378378378378,0.732194857499962,0.820093382608663,0.0878985251087004,51,81,NA
"writer","h","PM cue","",NA,NA,NA,"","[1.0001496999993833]","['l']",0,NA,5,1,0,"Neutral",53.5,55.5,50,64,51,73,-3.5,8.5,17.5,-2.5,0,1,"Neutral",1,0.878378378378378,0.732194857499962,0.820093382608663,0.0878985251087004,51,81,NA
"event","h","PM cue","",NA,NA,NA,"","[1.250338699999702]","['l']",0,NA,5,1,0,"Neutral",53.5,55.5,50,64,51,73,-3.5,8.5,17.5,-2.5,1,1,"Neutral",1,0.878378378378378,0.732194857499962,0.820093382608663,0.0878985251087004,51,81,NA
"writer","h","PM cue","",NA,NA,NA,"","[0.7337121000000479]","['l']",0,NA,5,1,0,"Neutral",53.5,55.5,50,64,51,73,-3.5,8.5,17.5,-2.5,0,1,"Neutral",1,0.878378378378378,0.732194857499962,0.820093382608663,0.0878985251087004,51,81,NA
"bottle","h","PM cue","",NA,NA,NA,"","[0.650925300000381]","['l']",0,NA,5,1,0,"Neutral",53.5,55.5,50,64,51,73,-3.5,8.5,17.5,-2.5,0,1,"Neutral",1,0.878378378378378,0.732194857499962,0.820093382608663,0.0878985251087004,51,81,NA
"event","h","PM cue","",NA,NA,NA,"","[1.3339234000013676]","['h']",1,NA,5,1,1,"Neutral",53.5,55.5,50,64,51,73,-3.5,8.5,17.5,-2.5,1,1,"Neutral",1,0.878378378378378,0.732194857499962,0.820093382608663,0.0878985251087004,51,81,NA
"detail","h","PM cue","",NA,NA,NA,"","[0.983975899998768, 1.5837209999990591]","['d', 'h']",0,NA,50,1,1,"Neutral",68,73.5,72,79,69,80,4,5.5,6.5,1,1,1,"Neutral",0.825,0.864864864864865,0.835862287500186,0.973437101369897,0.137574813869712,51,NA,NA
"village","h","PM cue","",NA,NA,NA,"","[1.350344499998755]","['h']",1,NA,50,1,1,"Neutral",68,73.5,72,79,69,80,4,5.5,6.5,1,1,1,"Neutral",0.825,0.864864864864865,0.835862287500186,0.973437101369897,0.137574813869712,51,NA,NA
"circle","h","PM cue","",NA,NA,NA,"","[1.6004757000009704]","['h']",1,NA,50,1,1,"Neutral",68,73.5,72,79,69,80,4,5.5,6.5,1,1,1,"Neutral",0.825,0.864864864864865,0.835862287500186,0.973437101369897,0.137574813869712,51,NA,NA
"detail","h","PM cue","",NA,NA,NA,"","[1.4503793000003498]","['h']",1,NA,50,1,1,"Neutral",68,73.5,72,79,69,80,4,5.5,6.5,1,1,1,"Neutral",0.825,0.864864864864865,0.835862287500186,0.973437101369897,0.137574813869712,51,NA,NA
"circle","h","PM cue","",NA,NA,NA,"","[1.1339924999992945]","['h']",1,NA,50,1,1,"Neutral",68,73.5,72,79,69,80,4,5.5,6.5,1,1,1,"Neutral",0.825,0.864864864864865,0.835862287500186,0.973437101369897,0.137574813869712,51,NA,NA
"village","h","PM cue","",NA,NA,NA,"","[0.8669526999983646]","['h']",1,NA,50,1,1,"Neutral",68,73.5,72,79,69,80,4,5.5,6.5,1,1,1,"Neutral",0.825,0.864864864864865,0.835862287500186,0.973437101369897,0.137574813869712,51,NA,NA
"wagon","h","PM cue","",NA,NA,NA,"","[1.267271300000175]","['h']",1,NA,51,1,1,"Neutral",87.5,81,80,100,79,99,-7.5,19,18,-8.5,1,1,"Neutral",0.975,0.932432432432432,0.620091697500084,0.67728076891888,0.0571890714187961,25,36,NA
"teacher","h","PM cue","",NA,NA,NA,"","[1.2668643999995766]","['h']",1,NA,51,1,1,"Neutral",87.5,81,80,100,79,99,-7.5,19,18,-8.5,1,1,"Neutral",0.975,0.932432432432432,0.620091697500084,0.67728076891888,0.0571890714187961,25,36,NA
"curious","h","PM cue","",NA,NA,NA,"","[1.3169213000001037]","['h']",1,NA,51,1,1,"Neutral",87.5,81,80,100,79,99,-7.5,19,18,-8.5,1,1,"Neutral",0.975,0.932432432432432,0.620091697500084,0.67728076891888,0.0571890714187961,25,36,NA
"wagon","h","PM cue","",NA,NA,NA,"","[1.6839405000000625]","['h']",1,NA,51,1,1,"Neutral",87.5,81,80,100,79,99,-7.5,19,18,-8.5,1,1,"Neutral",0.975,0.932432432432432,0.620091697500084,0.67728076891888,0.0571890714187961,25,36,NA
"curious","h","PM cue","",NA,NA,NA,"","[1.4504167999994024]","['h']",1,NA,51,1,1,"Neutral",87.5,81,80,100,79,99,-7.5,19,18,-8.5,1,1,"Neutral",0.975,0.932432432432432,0.620091697500084,0.67728076891888,0.0571890714187961,25,36,NA
"teacher","h","PM cue","",NA,NA,NA,"","[0.43394309999985126, 1.633918800000174]","['l', 'h']",0,NA,51,1,1,"Neutral",87.5,81,80,100,79,99,-7.5,19,18,-8.5,1,1,"Neutral",0.975,0.932432432432432,0.620091697500084,0.67728076891888,0.0571890714187961,25,36,NA
"detail","h","PM cue","",NA,NA,NA,"","[1.13402589999896, 1.6838869999992312, 2.833657299997867]","['l', 'h', 'h']",0,NA,52,1,1,"Neutral",58,67.5,52,70,58,66,-6,2.5,-1.5,0,1,1,"Neutral",0.975,0.0540540540540541,0.938334671427063,1.05639107941175,0.118056407984687,42,80,NA
"village","h","PM cue","",NA,NA,NA,"","[1.1172637999989092]","['h']",1,NA,52,1,1,"Neutral",58,67.5,52,70,58,66,-6,2.5,-1.5,0,1,1,"Neutral",0.975,0.0540540540540541,0.938334671427063,1.05639107941175,0.118056407984687,42,80,NA
"circle","h","PM cue","",NA,NA,NA,"","[1.083782699999574]","['h']",1,NA,52,1,1,"Neutral",58,67.5,52,70,58,66,-6,2.5,-1.5,0,1,1,"Neutral",0.975,0.0540540540540541,0.938334671427063,1.05639107941175,0.118056407984687,42,80,NA
"detail","h","PM cue","",NA,NA,NA,"","[1.1840480999999272]","['d']",0,NA,52,1,0,"Neutral",58,67.5,52,70,58,66,-6,2.5,-1.5,0,1,1,"Neutral",0.975,0.0540540540540541,0.938334671427063,1.05639107941175,0.118056407984687,42,80,NA
"circle","h","PM cue","",NA,NA,NA,"","[1.217317799997545]","['h']",1,NA,52,1,1,"Neutral",58,67.5,52,70,58,66,-6,2.5,-1.5,0,1,1,"Neutral",0.975,0.0540540540540541,0.938334671427063,1.05639107941175,0.118056407984687,42,80,NA
"village","h","PM cue","",NA,NA,NA,"","[0.8007868999993661, 1.48400810000021, 2.050270499999897]","['h', 'h', 'h']",1,NA,52,1,1,"Neutral",58,67.5,52,70,58,66,-6,2.5,-1.5,0,1,1,"Neutral",0.975,0.0540540540540541,0.938334671427063,1.05639107941175,0.118056407984687,42,80,NA
"bottle","h","PM cue","",NA,NA,NA,"","[0.8007181000011769]","['l']",0,NA,53,1,0,"Neutral",71.5,84,79,79,80,78,7.5,-5,-6,8.5,0,1,"Neutral",0.75,0.837837837837838,0.886400742424209,0.860908748648669,-0.0254919937755401,69,80,NA
"writer","h","PM cue","",NA,NA,NA,"","[1.6174419999988459]","['d']",0,NA,53,1,0,"Neutral",71.5,84,79,79,80,78,7.5,-5,-6,8.5,1,1,"Neutral",0.75,0.837837837837838,0.886400742424209,0.860908748648669,-0.0254919937755401,69,80,NA
"event","h","PM cue","",NA,NA,NA,"","[1.8673515999998926]","['l']",0,NA,53,1,0,"Neutral",71.5,84,79,79,80,78,7.5,-5,-6,8.5,1,1,"Neutral",0.75,0.837837837837838,0.886400742424209,0.860908748648669,-0.0254919937755401,69,80,NA
"writer","h","PM cue","",NA,NA,NA,"","[0.7171177999989595]","['d']",0,NA,53,1,0,"Neutral",71.5,84,79,79,80,78,7.5,-5,-6,8.5,1,1,"Neutral",0.75,0.837837837837838,0.886400742424209,0.860908748648669,-0.0254919937755401,69,80,NA
"bottle","h","PM cue","",NA,NA,NA,"","[1.5509259999998903]","['d']",0,NA,53,1,0,"Neutral",71.5,84,79,79,80,78,7.5,-5,-6,8.5,0,1,"Neutral",0.75,0.837837837837838,0.886400742424209,0.860908748648669,-0.0254919937755401,69,80,NA
"event","h","PM cue","",NA,NA,NA,"","[0.9338575999991008]","['d']",0,NA,53,1,0,"Neutral",71.5,84,79,79,80,78,7.5,-5,-6,8.5,1,1,"Neutral",0.75,0.837837837837838,0.886400742424209,0.860908748648669,-0.0254919937755401,69,80,NA
"bottle","h","PM cue","",NA,NA,NA,"","[1.250409000000218]","['l']",0,NA,54,1,0,"Neutral",100,100,100,100,100,100,0,0,0,0,1,1,"Neutral",0.975,0.959459459459459,0.842437160000054,1.02661689999998,0.184179739999922,28,67,NA
"writer","h","PM cue","",NA,NA,NA,"","[1.4673821999986103]","['h']",1,NA,54,1,1,"Neutral",100,100,100,100,100,100,0,0,0,0,1,1,"Neutral",0.975,0.959459459459459,0.842437160000054,1.02661689999998,0.184179739999922,28,67,NA
"event","h","PM cue","",NA,NA,NA,"","[1.6175307000012253]","['h']",1,NA,54,1,1,"Neutral",100,100,100,100,100,100,0,0,0,0,0,1,"Neutral",0.975,0.959459459459459,0.842437160000054,1.02661689999998,0.184179739999922,28,67,NA
"writer","h","PM cue","",NA,NA,NA,"","[0.9834657000010338]","['h']",1,NA,54,1,1,"Neutral",100,100,100,100,100,100,0,0,0,0,1,1,"Neutral",0.975,0.959459459459459,0.842437160000054,1.02661689999998,0.184179739999922,28,67,NA
"bottle","h","PM cue","",NA,NA,NA,"","[1.9839896000012232]","['l']",0,NA,54,1,0,"Neutral",100,100,100,100,100,100,0,0,0,0,1,1,"Neutral",0.975,0.959459459459459,0.842437160000054,1.02661689999998,0.184179739999922,28,67,NA
"event","h","PM cue","",NA,NA,NA,"","[2.1336673999994673]","['l']",0,NA,54,1,0,"Neutral",100,100,100,100,100,100,0,0,0,0,0,1,"Neutral",0.975,0.959459459459459,0.842437160000054,1.02661689999998,0.184179739999922,28,67,NA
"detail","h","PM cue","",NA,NA,NA,"","[1.2842648000005283]","['h']",1,NA,55,2,1,"Neutral",71.5,40,81,39,100,40,9.5,-1,0,28.5,1,1,"Neutral",0.975,0.986486486486487,0.997534962500322,0.937604158108287,-0.0599308043920344,38,70,NA
"village","h","PM cue","",NA,NA,NA,"","[1.1671745999992709]","['h']",1,NA,55,2,1,"Neutral",71.5,40,81,39,100,40,9.5,-1,0,28.5,1,1,"Neutral",0.975,0.986486486486487,0.997534962500322,0.937604158108287,-0.0599308043920344,38,70,NA
"circle","h","PM cue","",NA,NA,NA,"","[1.167344099998445]","['h']",1,NA,55,2,1,"Neutral",71.5,40,81,39,100,40,9.5,-1,0,28.5,1,1,"Neutral",0.975,0.986486486486487,0.997534962500322,0.937604158108287,-0.0599308043920344,38,70,NA
"detail","h","PM cue","",NA,NA,NA,"","[1.1169167999978526]","['h']",1,NA,55,2,1,"Neutral",71.5,40,81,39,100,40,9.5,-1,0,28.5,1,1,"Neutral",0.975,0.986486486486487,0.997534962500322,0.937604158108287,-0.0599308043920344,38,70,NA
"circle","h","PM cue","",NA,NA,NA,"","[1.0837945000021136]","['h']",1,NA,55,2,1,"Neutral",71.5,40,81,39,100,40,9.5,-1,0,28.5,1,1,"Neutral",0.975,0.986486486486487,0.997534962500322,0.937604158108287,-0.0599308043920344,38,70,NA
"village","h","PM cue","",NA,NA,NA,"","[1.1000226999967708]","['h']",1,NA,55,2,1,"Neutral",71.5,40,81,39,100,40,9.5,-1,0,28.5,1,1,"Neutral",0.975,0.986486486486487,0.997534962500322,0.937604158108287,-0.0599308043920344,38,70,NA
"wagon","h","PM cue","",NA,NA,NA,"","[0.8840211999995518]","['l']",0,NA,56,3,0,"Neutral",98,96,98,97,98,98,0,1,2,0,0,1,"Neutral",1,0.972972972972973,0.655973697499985,0.795668549315177,0.139694851815192,45,71,NA
"teacher","h","PM cue","",NA,NA,NA,"","[1.4503862999990815, 2.483423599998787]","['d', 'h']",0,NA,56,3,1,"Neutral",98,96,98,97,98,98,0,1,2,0,0,1,"Neutral",1,0.972972972972973,0.655973697499985,0.795668549315177,0.139694851815192,45,71,NA
"curious","h","PM cue","",NA,NA,NA,"","[1.617314900000565, 2.1175163999996585]","['l', 'h']",0,NA,56,3,1,"Neutral",98,96,98,97,98,98,0,1,2,0,0,1,"Neutral",1,0.972972972972973,0.655973697499985,0.795668549315177,0.139694851815192,45,71,NA
"wagon","h","PM cue","",NA,NA,NA,"","[0.7504296000006434]","['l']",0,NA,56,3,0,"Neutral",98,96,98,97,98,98,0,1,2,0,0,1,"Neutral",1,0.972972972972973,0.655973697499985,0.795668549315177,0.139694851815192,45,71,NA
"curious","h","PM cue","",NA,NA,NA,"","[1.683910100000503, 2.2006698999994114]","['l', 'h']",0,NA,56,3,1,"Neutral",98,96,98,97,98,98,0,1,2,0,0,1,"Neutral",1,0.972972972972973,0.655973697499985,0.795668549315177,0.139694851815192,45,71,NA
"teacher","h","PM cue","",NA,NA,NA,"","[1.4335797999992792, 1.8669597999996768]","['l', 'h']",0,NA,56,3,1,"Neutral",98,96,98,97,98,98,0,1,2,0,0,1,"Neutral",1,0.972972972972973,0.655973697499985,0.795668549315177,0.139694851815192,45,71,NA
"wagon","h","PM cue","",NA,NA,NA,"","[1.3006291999918176]","['h']",1,NA,57,3,1,"Neutral",56.5,64.5,100,100,82,100,43.5,35.5,35.5,25.5,1,1,"Neutral",1,0.945945945945946,0.547180892500182,0.719089824325606,0.171908931825424,66,79,NA
"teacher","h","PM cue","",NA,NA,NA,"","[1.2339765000069747]","['h']",1,NA,57,3,1,"Neutral",56.5,64.5,100,100,82,100,43.5,35.5,35.5,25.5,0,1,"Neutral",1,0.945945945945946,0.547180892500182,0.719089824325606,0.171908931825424,66,79,NA
"curious","h","PM cue","",NA,NA,NA,"","[1.1004978999990271]","['h']",1,NA,57,3,1,"Neutral",56.5,64.5,100,100,82,100,43.5,35.5,35.5,25.5,1,1,"Neutral",1,0.945945945945946,0.547180892500182,0.719089824325606,0.171908931825424,66,79,NA
"wagon","h","PM cue","",NA,NA,NA,"","[0.8669252999970922]","['h']",1,NA,57,3,1,"Neutral",56.5,64.5,100,100,82,100,43.5,35.5,35.5,25.5,1,1,"Neutral",1,0.945945945945946,0.547180892500182,0.719089824325606,0.171908931825424,66,79,NA
"curious","h","PM cue","",NA,NA,NA,"","[1.3673319999943487]","['h']",1,NA,57,3,1,"Neutral",56.5,64.5,100,100,82,100,43.5,35.5,35.5,25.5,1,1,"Neutral",1,0.945945945945946,0.547180892500182,0.719089824325606,0.171908931825424,66,79,NA
"teacher","h","PM cue","",NA,NA,NA,"","[0.7500987999956124, 1.1338760999933584]","['l', 'h']",0,NA,57,3,1,"Neutral",56.5,64.5,100,100,82,100,43.5,35.5,35.5,25.5,0,1,"Neutral",1,0.945945945945946,0.547180892500182,0.719089824325606,0.171908931825424,66,79,NA
"detail","h","PM cue","",NA,NA,NA,"","[1.3506271999976889]","['h']",1,NA,58,2,1,"Neutral",81,78.5,91,82,72,72,10,3.5,-6.5,-9,1,1,"Neutral",0.95,0.959459459459459,0.755586782499904,0.788658556164492,0.0330717736645878,64,91,NA
"village","h","PM cue","",NA,NA,NA,"","[0.6671980999999505]","['h']",1,NA,58,2,1,"Neutral",81,78.5,91,82,72,72,10,3.5,-6.5,-9,1,1,"Neutral",0.95,0.959459459459459,0.755586782499904,0.788658556164492,0.0330717736645878,64,91,NA
"circle","h","PM cue","",NA,NA,NA,"","[0.8505929999992077]","['h']",1,NA,58,2,1,"Neutral",81,78.5,91,82,72,72,10,3.5,-6.5,-9,1,1,"Neutral",0.95,0.959459459459459,0.755586782499904,0.788658556164492,0.0330717736645878,64,91,NA
"detail","h","PM cue","",NA,NA,NA,"","[0.9005262000027869]","['h']",1,NA,58,2,1,"Neutral",81,78.5,91,82,72,72,10,3.5,-6.5,-9,1,1,"Neutral",0.95,0.959459459459459,0.755586782499904,0.788658556164492,0.0330717736645878,64,91,NA
"circle","h","PM cue","",NA,NA,NA,"","[1.3006040999971447]","['h']",1,NA,58,2,1,"Neutral",81,78.5,91,82,72,72,10,3.5,-6.5,-9,1,1,"Neutral",0.95,0.959459459459459,0.755586782499904,0.788658556164492,0.0330717736645878,64,91,NA
"village","h","PM cue","",NA,NA,NA,"","[0.8172964000004868]","['h']",1,NA,58,2,1,"Neutral",81,78.5,91,82,72,72,10,3.5,-6.5,-9,1,1,"Neutral",0.95,0.959459459459459,0.755586782499904,0.788658556164492,0.0330717736645878,64,91,NA
"bottle","h","PM cue","",NA,NA,NA,"","[2.083833400000003]","['d']",0,NA,59,1,0,"Neutral",50.5,58.5,69,85,49,75,18.5,26.5,16.5,-1.5,1,1,"Neutral",0.55,0.5,1.5786563800003,1.34331847428579,-0.235337905714511,54,77,NA
"writer","h","PM cue","",NA,NA,NA,"","[1.3505822000006447]","['h']",1,NA,59,1,1,"Neutral",50.5,58.5,69,85,49,75,18.5,26.5,16.5,-1.5,1,1,"Neutral",0.55,0.5,1.5786563800003,1.34331847428579,-0.235337905714511,54,77,NA
"event","h","PM cue","",NA,NA,NA,"","[1.5503424999988056]","['h']",1,NA,59,1,1,"Neutral",50.5,58.5,69,85,49,75,18.5,26.5,16.5,-1.5,1,1,"Neutral",0.55,0.5,1.5786563800003,1.34331847428579,-0.235337905714511,54,77,NA
"writer","h","PM cue","",NA,NA,NA,"","[1.3670314999981201]","['h']",1,NA,59,1,1,"Neutral",50.5,58.5,69,85,49,75,18.5,26.5,16.5,-1.5,1,1,"Neutral",0.55,0.5,1.5786563800003,1.34331847428579,-0.235337905714511,54,77,NA
"bottle","h","PM cue","",NA,NA,NA,"","[1.6170884999992268]","['d']",0,NA,59,1,0,"Neutral",50.5,58.5,69,85,49,75,18.5,26.5,16.5,-1.5,1,1,"Neutral",0.55,0.5,1.5786563800003,1.34331847428579,-0.235337905714511,54,77,NA
"event","h","PM cue","",NA,NA,NA,"","[1.7505700000001525]","['h']",1,NA,59,1,1,"Neutral",50.5,58.5,69,85,49,75,18.5,26.5,16.5,-1.5,1,1,"Neutral",0.55,0.5,1.5786563800003,1.34331847428579,-0.235337905714511,54,77,NA
"bottle","h","PM cue","",NA,NA,NA,"","[1.5007617000010214]","['h']",1,NA,6,1,1,"Neutral",53.5,48.5,62,43,51,53,8.5,-5.5,4.5,-2.5,1,1,"Neutral",0.925,0.864864864864865,0.880956924999964,0.917499032835676,0.0365421078357119,49,82,NA
"writer","h","PM cue","",NA,NA,NA,"","[1.550696300000709]","['h']",1,NA,6,1,1,"Neutral",53.5,48.5,62,43,51,53,8.5,-5.5,4.5,-2.5,0,1,"Neutral",0.925,0.864864864864865,0.880956924999964,0.917499032835676,0.0365421078357119,49,82,NA
"event","h","PM cue","",NA,NA,NA,"","[1.3005484000004799]","['h']",1,NA,6,1,1,"Neutral",53.5,48.5,62,43,51,53,8.5,-5.5,4.5,-2.5,1,1,"Neutral",0.925,0.864864864864865,0.880956924999964,0.917499032835676,0.0365421078357119,49,82,NA
"writer","h","PM cue","",NA,NA,NA,"","[1.483390800000052]","['h']",1,NA,6,1,1,"Neutral",53.5,48.5,62,43,51,53,8.5,-5.5,4.5,-2.5,0,1,"Neutral",0.925,0.864864864864865,0.880956924999964,0.917499032835676,0.0365421078357119,49,82,NA
"bottle","h","PM cue","",NA,NA,NA,"","[1.4006927000009455]","['h']",1,NA,6,1,1,"Neutral",53.5,48.5,62,43,51,53,8.5,-5.5,4.5,-2.5,1,1,"Neutral",0.925,0.864864864864865,0.880956924999964,0.917499032835676,0.0365421078357119,49,82,NA
"event","h","PM cue","",NA,NA,NA,"","[1.2171713999996427]","['l']",0,NA,6,1,0,"Neutral",53.5,48.5,62,43,51,53,8.5,-5.5,4.5,-2.5,1,1,"Neutral",0.925,0.864864864864865,0.880956924999964,0.917499032835676,0.0365421078357119,49,82,NA
"bottle","h","PM cue","",NA,NA,NA,"","[0.5671892999998818]","['l']",0,NA,60,1,0,"Neutral",61,60.5,71,50,50,71,10,-10.5,10.5,-11,0,1,"Neutral",0.725,0.864864864864865,0.494951683783576,0.805673345946186,0.31072166216261,58,90,NA
"writer","h","PM cue","",NA,NA,NA,"","[0.4339642000013555]","['l']",0,NA,60,1,0,"Neutral",61,60.5,71,50,50,71,10,-10.5,10.5,-11,0,1,"Neutral",0.725,0.864864864864865,0.494951683783576,0.805673345946186,0.31072166216261,58,90,NA
"event","h","PM cue","",NA,NA,NA,"","[0.41740759999811416]","['l']",0,NA,60,1,0,"Neutral",61,60.5,71,50,50,71,10,-10.5,10.5,-11,0,1,"Neutral",0.725,0.864864864864865,0.494951683783576,0.805673345946186,0.31072166216261,58,90,NA
"writer","h","PM cue","",NA,NA,NA,"","[0.8840243999984523]","['l']",0,NA,60,1,0,"Neutral",61,60.5,71,50,50,71,10,-10.5,10.5,-11,0,1,"Neutral",0.725,0.864864864864865,0.494951683783576,0.805673345946186,0.31072166216261,58,90,NA
"bottle","h","PM cue","",NA,NA,NA,"","[1.4841434999980265]","['d']",0,NA,60,1,0,"Neutral",61,60.5,71,50,50,71,10,-10.5,10.5,-11,0,1,"Neutral",0.725,0.864864864864865,0.494951683783576,0.805673345946186,0.31072166216261,58,90,NA
"event","h","PM cue","",NA,NA,NA,"","[0.9839992999986862]","['l']",0,NA,60,1,0,"Neutral",61,60.5,71,50,50,71,10,-10.5,10.5,-11,0,1,"Neutral",0.725,0.864864864864865,0.494951683783576,0.805673345946186,0.31072166216261,58,90,NA
"wagon","h","PM cue","",NA,NA,NA,"","[0.7003258999975515, 1.6002496000000974]","['l', 'h']",0,NA,61,3,1,"Neutral",62,89.5,100,99,21,40,38,9.5,-49.5,-41,0,1,"Neutral",1,0.864864864864865,0.580893285000002,0.81651983835609,0.235626553356089,32,91,NA
"teacher","h","PM cue","",NA,NA,NA,"","[0.7339892999989388, 2.58356300000014]","['l', 'h']",0,NA,61,3,1,"Neutral",62,89.5,100,99,21,40,38,9.5,-49.5,-41,0,1,"Neutral",1,0.864864864864865,0.580893285000002,0.81651983835609,0.235626553356089,32,91,NA
"curious","h","PM cue","",NA,NA,NA,"","[0.8841635999997379, 1.5173875999971642]","['l', 'h']",0,NA,61,3,1,"Neutral",62,89.5,100,99,21,40,38,9.5,-49.5,-41,0,1,"Neutral",1,0.864864864864865,0.580893285000002,0.81651983835609,0.235626553356089,32,91,NA
"wagon","h","PM cue","",NA,NA,NA,"","[0.7001428000003216]","['l']",0,NA,61,3,0,"Neutral",62,89.5,100,99,21,40,38,9.5,-49.5,-41,0,1,"Neutral",1,0.864864864864865,0.580893285000002,0.81651983835609,0.235626553356089,32,91,NA
"curious","h","PM cue","",NA,NA,NA,"","[0.933843099999649]","['h']",1,NA,61,3,1,"Neutral",62,89.5,100,99,21,40,38,9.5,-49.5,-41,0,1,"Neutral",1,0.864864864864865,0.580893285000002,0.81651983835609,0.235626553356089,32,91,NA
"teacher","h","PM cue","",NA,NA,NA,"","[0.6336549000006926]","['l']",0,NA,61,3,0,"Neutral",62,89.5,100,99,21,40,38,9.5,-49.5,-41,0,1,"Neutral",1,0.864864864864865,0.580893285000002,0.81651983835609,0.235626553356089,32,91,NA
"detail","h","PM cue","",NA,NA,NA,"","[1.3676193000010244]","['h']",1,NA,62,1,1,"Neutral",72,69,72,71,74,69,0,2,0,2,1,1,"Neutral",1,0.959459459459459,0.72307369250002,0.792881098630111,0.0698074061300908,74,100,NA
"village","h","PM cue","",NA,NA,NA,"","[0.7506246000011743]","['l']",0,NA,62,1,0,"Neutral",72,69,72,71,74,69,0,2,0,2,1,1,"Neutral",1,0.959459459459459,0.72307369250002,0.792881098630111,0.0698074061300908,74,100,NA
"circle","h","PM cue","",NA,NA,NA,"","[1.2834536000009393]","['h']",1,NA,62,1,1,"Neutral",72,69,72,71,74,69,0,2,0,2,0,1,"Neutral",1,0.959459459459459,0.72307369250002,0.792881098630111,0.0698074061300908,74,100,NA
"detail","h","PM cue","",NA,NA,NA,"","[1.5170674000000872]","['h']",1,NA,62,1,1,"Neutral",72,69,72,71,74,69,0,2,0,2,1,1,"Neutral",1,0.959459459459459,0.72307369250002,0.792881098630111,0.0698074061300908,74,100,NA
"circle","h","PM cue","",NA,NA,NA,"","[0.7676246000009996]","['l']",0,NA,62,1,0,"Neutral",72,69,72,71,74,69,0,2,0,2,0,1,"Neutral",1,0.959459459459459,0.72307369250002,0.792881098630111,0.0698074061300908,74,100,NA
"village","h","PM cue","",NA,NA,NA,"","[0.5674772999991546]","['l']",0,NA,62,1,0,"Neutral",72,69,72,71,74,69,0,2,0,2,1,1,"Neutral",1,0.959459459459459,0.72307369250002,0.792881098630111,0.0698074061300908,74,100,NA
"wagon","h","PM cue","",NA,NA,NA,"","[1.4836291999963578]","['h']",1,NA,63,1,1,"Neutral",57,48,51,50,56,38,-6,2,-10,-1,1,1,"Neutral",1,0.986486486486487,0.68229098000229,0.798846416664876,0.116555436662586,46,84,NA
"teacher","h","PM cue","",NA,NA,NA,"","[1.6172861000231933]","['h']",1,NA,63,1,1,"Neutral",57,48,51,50,56,38,-6,2,-10,-1,1,1,"Neutral",1,0.986486486486487,0.68229098000229,0.798846416664876,0.116555436662586,46,84,NA
"curious","h","PM cue","",NA,NA,NA,"","[1.1002594999736175]","['h']",1,NA,63,1,1,"Neutral",57,48,51,50,56,38,-6,2,-10,-1,1,1,"Neutral",1,0.986486486486487,0.68229098000229,0.798846416664876,0.116555436662586,46,84,NA
"wagon","h","PM cue","",NA,NA,NA,"","[1.2507773000106681]","['h']",1,NA,63,1,1,"Neutral",57,48,51,50,56,38,-6,2,-10,-1,1,1,"Neutral",1,0.986486486486487,0.68229098000229,0.798846416664876,0.116555436662586,46,84,NA
"curious","h","PM cue","",NA,NA,NA,"","[1.0671527999802493]","['h']",1,NA,63,1,1,"Neutral",57,48,51,50,56,38,-6,2,-10,-1,1,1,"Neutral",1,0.986486486486487,0.68229098000229,0.798846416664876,0.116555436662586,46,84,NA
"teacher","h","PM cue","",NA,NA,NA,"","[0.7170342000026722, 2.2503099000023212]","['l', 'h']",0,NA,63,1,1,"Neutral",57,48,51,50,56,38,-6,2,-10,-1,1,1,"Neutral",1,0.986486486486487,0.68229098000229,0.798846416664876,0.116555436662586,46,84,NA
"detail","h","PM cue","",NA,NA,NA,"","[2.3670496000013372]","['h']",1,NA,64,2,1,"Neutral",31.5,30,61,40,41,39,29.5,10,9,9.5,1,1,"Neutral",0.95,0.891891891891892,1.06675386666654,1.19701586250029,0.13026199583375,76,85,NA
"village","h","PM cue","",NA,NA,NA,"","[1.650673399999505]","['h']",1,NA,64,2,1,"Neutral",31.5,30,61,40,41,39,29.5,10,9,9.5,1,1,"Neutral",0.95,0.891891891891892,1.06675386666654,1.19701586250029,0.13026199583375,76,85,NA
"circle","h","PM cue","",NA,NA,NA,"","[1.5175092999998014]","['h']",1,NA,64,2,1,"Neutral",31.5,30,61,40,41,39,29.5,10,9,9.5,1,1,"Neutral",0.95,0.891891891891892,1.06675386666654,1.19701586250029,0.13026199583375,76,85,NA
"detail","h","PM cue","",NA,NA,NA,"","[1.6008313999991515]","['h']",1,NA,64,2,1,"Neutral",31.5,30,61,40,41,39,29.5,10,9,9.5,1,1,"Neutral",0.95,0.891891891891892,1.06675386666654,1.19701586250029,0.13026199583375,76,85,NA
"circle","h","PM cue","",NA,NA,NA,"","[1.4675586999983352]","['h']",1,NA,64,2,1,"Neutral",31.5,30,61,40,41,39,29.5,10,9,9.5,1,1,"Neutral",0.95,0.891891891891892,1.06675386666654,1.19701586250029,0.13026199583375,76,85,NA
"village","h","PM cue","",NA,NA,NA,"","[1.6501377999993565]","['h']",1,NA,64,2,1,"Neutral",31.5,30,61,40,41,39,29.5,10,9,9.5,1,1,"Neutral",0.95,0.891891891891892,1.06675386666654,1.19701586250029,0.13026199583375,76,85,NA
"detail","h","PM cue","",NA,NA,NA,"","[1.083960300000399]","['h']",1,NA,65,1,1,"Neutral",76.5,34.5,85,41,85,17,8.5,6.5,-17.5,8.5,1,1,"Neutral",0.775,0.851351351351351,0.833664746153749,0.988068327027184,0.154403580873435,63,90,NA
"village","h","PM cue","",NA,NA,NA,"","[0.9346506000001682]","['h']",1,NA,65,1,1,"Neutral",76.5,34.5,85,41,85,17,8.5,6.5,-17.5,8.5,1,1,"Neutral",0.775,0.851351351351351,0.833664746153749,0.988068327027184,0.154403580873435,63,90,NA
"circle","h","PM cue","",NA,NA,NA,"","[0.9503999999997177]","['h']",1,NA,65,1,1,"Neutral",76.5,34.5,85,41,85,17,8.5,6.5,-17.5,8.5,1,1,"Neutral",0.775,0.851351351351351,0.833664746153749,0.988068327027184,0.154403580873435,63,90,NA
"detail","h","PM cue","",NA,NA,NA,"","[0.9339279000014358]","['h']",1,NA,65,1,1,"Neutral",76.5,34.5,85,41,85,17,8.5,6.5,-17.5,8.5,1,1,"Neutral",0.775,0.851351351351351,0.833664746153749,0.988068327027184,0.154403580873435,63,90,NA
"circle","h","PM cue","",NA,NA,NA,"","[1.0338745999997627]","['h']",1,NA,65,1,1,"Neutral",76.5,34.5,85,41,85,17,8.5,6.5,-17.5,8.5,1,1,"Neutral",0.775,0.851351351351351,0.833664746153749,0.988068327027184,0.154403580873435,63,90,NA
"village","h","PM cue","",NA,NA,NA,"","[0.9167570000008709]","['h']",1,NA,65,1,1,"Neutral",76.5,34.5,85,41,85,17,8.5,6.5,-17.5,8.5,1,1,"Neutral",0.775,0.851351351351351,0.833664746153749,0.988068327027184,0.154403580873435,63,90,NA
"wagon","h","PM cue","",NA,NA,NA,"","[1.3503533001057804]","['h']",1,NA,7,3,1,"Neutral",73.5,89,73,90,73,85,-0.5,1,-4,-0.5,1,1,"Neutral",1,1,0.55278032500064,0.804854140525709,0.252073815525069,48,86,NA
"teacher","h","PM cue","",NA,NA,NA,"","[1.5004894998855889]","['h']",1,NA,7,3,1,"Neutral",73.5,89,73,90,73,85,-0.5,1,-4,-0.5,1,1,"Neutral",1,1,0.55278032500064,0.804854140525709,0.252073815525069,48,86,NA
"curious","h","PM cue","",NA,NA,NA,"","[1.3173094000667334]","['h']",1,NA,7,3,1,"Neutral",73.5,89,73,90,73,85,-0.5,1,-4,-0.5,1,1,"Neutral",1,1,0.55278032500064,0.804854140525709,0.252073815525069,48,86,NA
"wagon","h","PM cue","",NA,NA,NA,"","[1.3337147000711411]","['h']",1,NA,7,3,1,"Neutral",73.5,89,73,90,73,85,-0.5,1,-4,-0.5,1,1,"Neutral",1,1,0.55278032500064,0.804854140525709,0.252073815525069,48,86,NA
"curious","h","PM cue","",NA,NA,NA,"","[0.5005455000791699, 1.266804400132969]","['l', 'h']",0,NA,7,3,1,"Neutral",73.5,89,73,90,73,85,-0.5,1,-4,-0.5,1,1,"Neutral",1,1,0.55278032500064,0.804854140525709,0.252073815525069,48,86,NA
"teacher","h","PM cue","",NA,NA,NA,"","[1.4504790999926627]","['h']",1,NA,7,3,1,"Neutral",73.5,89,73,90,73,85,-0.5,1,-4,-0.5,1,1,"Neutral",1,1,0.55278032500064,0.804854140525709,0.252073815525069,48,86,NA
"detail","h","PM cue","",NA,NA,NA,"","[1.7337293999735266]","['h']",1,NA,8,2,1,"Neutral",83,73.5,83,81,82,78,0,7.5,4.5,-1,0,1,"Neutral",0.775,0.959459459459459,0.911312637498486,0.989800705486743,0.0784880679882568,47,82,NA
"village","h","PM cue","",NA,NA,NA,"","[1.3667949000373483]","['h']",1,NA,8,2,1,"Neutral",83,73.5,83,81,82,78,0,7.5,4.5,-1,0,1,"Neutral",0.775,0.959459459459459,0.911312637498486,0.989800705486743,0.0784880679882568,47,82,NA
"circle","h","PM cue","",NA,NA,NA,"","[1.5504596000537276]","['h']",1,NA,8,2,1,"Neutral",83,73.5,83,81,82,78,0,7.5,4.5,-1,0,1,"Neutral",0.775,0.959459459459459,0.911312637498486,0.989800705486743,0.0784880679882568,47,82,NA
"detail","h","PM cue","",NA,NA,NA,"","[1.5504352999851108]","['h']",1,NA,8,2,1,"Neutral",83,73.5,83,81,82,78,0,7.5,4.5,-1,0,1,"Neutral",0.775,0.959459459459459,0.911312637498486,0.989800705486743,0.0784880679882568,47,82,NA
"circle","h","PM cue","",NA,NA,NA,"","[1.6004194000270218]","['h']",1,NA,8,2,1,"Neutral",83,73.5,83,81,82,78,0,7.5,4.5,-1,0,1,"Neutral",0.775,0.959459459459459,0.911312637498486,0.989800705486743,0.0784880679882568,47,82,NA
"village","h","PM cue","",NA,NA,NA,"","[1.4005108999554068]","['h']",1,NA,8,2,1,"Neutral",83,73.5,83,81,82,78,0,7.5,4.5,-1,0,1,"Neutral",0.775,0.959459459459459,0.911312637498486,0.989800705486743,0.0784880679882568,47,82,NA
"wagon","h","PM cue","",NA,NA,NA,"","[1.883875499945134]","['h']",1,NA,9,3,1,"Neutral",87.5,17.5,83,30,84,20,-4.5,12.5,2.5,-3.5,1,1,"Neutral",1,0.986486486486487,0.732096322497819,0.81665188377421,0.0845555612763919,48,96,NA
"teacher","h","PM cue","",NA,NA,NA,"","[1.4337694998830557]","['h']",1,NA,9,3,1,"Neutral",87.5,17.5,83,30,84,20,-4.5,12.5,2.5,-3.5,1,1,"Neutral",1,0.986486486486487,0.732096322497819,0.81665188377421,0.0845555612763919,48,96,NA
"curious","h","PM cue","",NA,NA,NA,"","[1.1837001000531018]","['h']",1,NA,9,3,1,"Neutral",87.5,17.5,83,30,84,20,-4.5,12.5,2.5,-3.5,1,1,"Neutral",1,0.986486486486487,0.732096322497819,0.81665188377421,0.0845555612763919,48,96,NA
"wagon","h","PM cue","",NA,NA,NA,"","[1.3010513000190258]","['h']",1,NA,9,3,1,"Neutral",87.5,17.5,83,30,84,20,-4.5,12.5,2.5,-3.5,1,1,"Neutral",1,0.986486486486487,0.732096322497819,0.81665188377421,0.0845555612763919,48,96,NA
"curious","h","PM cue","",NA,NA,NA,"","[1.3506650000344962]","['h']",1,NA,9,3,1,"Neutral",87.5,17.5,83,30,84,20,-4.5,12.5,2.5,-3.5,1,1,"Neutral",1,0.986486486486487,0.732096322497819,0.81665188377421,0.0845555612763919,48,96,NA
"teacher","h","PM cue","",NA,NA,NA,"","[1.2170378000009805]","['h']",1,NA,9,3,1,"Neutral",87.5,17.5,83,30,84,20,-4.5,12.5,2.5,-3.5,1,1,"Neutral",1,0.986486486486487,0.732096322497819,0.81665188377421,0.0845555612763919,48,96,NA
